"lab2","lab3","population","treatment","chill","force","photo","species","tbb","latbb1"
"ACEPEN01_HF_01","ACEPEN01_HF_01_HC_HP_LF","HF","CL2","HC","LF","HP","ACEPEN",46,46
"ACEPEN01_HF_02","ACEPEN01_HF_02_LC_LP_LF","HF","CS1","LC","LF","LP","ACEPEN",48,56
"ACEPEN01_HF_04","ACEPEN01_HF_04_HC_LP_HF","HF","WS2","HC","HF","LP","ACEPEN",57,64
"ACEPEN01_HF_06","ACEPEN01_HF_06_HC_LP_LF","HF","CS2","HC","LF","LP","ACEPEN",50,50
"ACEPEN01_HF_07","ACEPEN01_HF_07_HC_HP_HF","HF","WL2","HC","HF","HP","ACEPEN",47,53
"ACEPEN01_HF_09","ACEPEN01_HF_09_LC_LP_HF","HF","WS1","LC","HF","LP","ACEPEN",49,49
"ACEPEN01_HF_11","ACEPEN01_HF_11_LC_HP_HF","HF","WL1","LC","HF","HP","ACEPEN",46,46
"ACEPEN01_HF_12","ACEPEN01_HF_12_LC_HP_LF","HF","CL1","LC","LF","HP","ACEPEN",46,46
"ACEPEN02_HF_10","ACEPEN02_HF_10_HC_LP_HF","HF","WS2","HC","HF","LP","ACEPEN",57,57
"ACEPEN03_HF_01","ACEPEN03_HF_01_HC_LP_LF","HF","CS2","HC","LF","LP","ACEPEN",46,46
"ACEPEN03_HF_03","ACEPEN03_HF_03_HC_LP_HF","HF","WS2","HC","HF","LP","ACEPEN",46,57
"ACEPEN03_HF_05","ACEPEN03_HF_05_LC_HP_LF","HF","CL1","LC","LF","HP","ACEPEN",41,41
"ACEPEN03_HF_07","ACEPEN03_HF_07_LC_LP_HF","HF","WS1","LC","HF","LP","ACEPEN",49,41
"ACEPEN03_HF_08","ACEPEN03_HF_08_LC_HP_HF","HF","WL1","LC","HF","HP","ACEPEN",36,36
"ACEPEN03_HF_09","ACEPEN03_HF_09_HC_HP_HF","HF","WL2","HC","HF","HP","ACEPEN",53,53
"ACEPEN03_HF_12","ACEPEN03_HF_12_LC_LP_LF","HF","CS1","LC","LF","LP","ACEPEN",42,36
"ACEPEN04_HF_05","ACEPEN04_HF_05_LC_HP_LF","HF","CL1","LC","LF","HP","ACEPEN",36,41
"ACEPEN04_HF_08","ACEPEN04_HF_08_LC_LP_LF","HF","CS1","LC","LF","LP","ACEPEN",42,48
"ACEPEN04_HF_09","ACEPEN04_HF_09_HC_LP_HF","HF","WS2","HC","HF","LP","ACEPEN",46,57
"ACEPEN04_HF_10","ACEPEN04_HF_10_LC_HP_HF","HF","WL1","LC","HF","HP","ACEPEN",41,41
"ACEPEN04_SH_01","ACEPEN04_SH_01_HC_HP_HF","SH","WL2","HC","HF","HP","ACEPEN",47,47
"ACEPEN04_SH_03","ACEPEN04_SH_03_HC_HP_LF","SH","CL2","HC","LF","HP","ACEPEN",46,46
"ACEPEN04_SH_04","ACEPEN04_SH_04_LC_LP_LF","SH","CS1","LC","LF","LP","ACEPEN",48,48
"ACEPEN04_SH_06","ACEPEN04_SH_06_LC_HP_LF","SH","CL1","LC","LF","HP","ACEPEN",50,46
"ACEPEN04_SH_07","ACEPEN04_SH_07_HC_LP_LF","SH","CS2","HC","LF","LP","ACEPEN",46,50
"ACEPEN04_SH_08","ACEPEN04_SH_08_LC_HP_HF","SH","WL1","LC","HF","HP","ACEPEN",46,46
"ACEPEN04_SH_09","ACEPEN04_SH_09_HC_LP_HF","SH","WS2","HC","HF","LP","ACEPEN",57,57
"ACEPEN04_SH_10","ACEPEN04_SH_10_LC_LP_HF","SH","WS1","LC","HF","LP","ACEPEN",57,57
"ACEPEN06_SH_06","ACEPEN06_SH_06_LC_HP_LF","SH","CL1","LC","LF","HP","ACEPEN",41,46
"ACEPEN06_SH_08","ACEPEN06_SH_08_LC_HP_HF","SH","WL1","LC","HF","HP","ACEPEN",41,46
"ACEPEN07_SH_01","ACEPEN07_SH_01_LC_LP_LF","SH","CS1","LC","LF","LP","ACEPEN",56,56
"ACEPEN07_SH_03","ACEPEN07_SH_03_HC_HP_LF","SH","CL2","HC","LF","HP","ACEPEN",49,49
"ACEPEN07_SH_08","ACEPEN07_SH_08_HC_HP_HF","SH","WL2","HC","HF","HP","ACEPEN",53,47
"ACEPEN07_SH_11","ACEPEN07_SH_11_LC_HP_LF","SH","CL1","LC","LF","HP","ACEPEN",50,50
"ACEPEN08_SH_02","ACEPEN08_SH_02_LC_HP_LF","SH","CL1","LC","LF","HP","ACEPEN",46,46
"ACEPEN08_SH_04","ACEPEN08_SH_04_HC_LP_LF","SH","CS2","HC","LF","LP","ACEPEN",46,46
"ACEPEN08_SH_05","ACEPEN08_SH_05_LC_LP_LF","SH","CS1","LC","LF","LP","ACEPEN",48,63
"ACEPEN08_SH_07","ACEPEN08_SH_07_HC_HP_LF","SH","CL2","HC","LF","HP","ACEPEN",49,46
"ACEPEN08_SH_08","ACEPEN08_SH_08_LC_LP_HF","SH","WS1","LC","HF","LP","ACEPEN",57,57
"ACEPEN08_SH_09","ACEPEN08_SH_09_LC_HP_HF","SH","WL1","LC","HF","HP","ACEPEN",46,46
"ACEPEN08_SH_10","ACEPEN08_SH_10_HC_HP_HF","SH","WL2","HC","HF","HP","ACEPEN",47,53
"ACEPEN08_SH_11","ACEPEN08_SH_11_HC_LP_HF","SH","WS2","HC","HF","LP","ACEPEN",57,57
"ACEPEN09_SH_01","ACEPEN09_SH_01_LC_LP_LF","SH","CS1","LC","LF","LP","ACEPEN",42,48
"ACEPEN09_SH_02","ACEPEN09_SH_02_HC_LP_LF","SH","CS2","HC","LF","LP","ACEPEN",46,46
"ACEPEN09_SH_06","ACEPEN09_SH_06_HC_HP_HF","SH","WL2","HC","HF","HP","ACEPEN",47,60
"ACEPEN09_SH_08","ACEPEN09_SH_08_HC_LP_HF","SH","WS2","HC","HF","LP","ACEPEN",46,57
"ACEPEN09_SH_09","ACEPEN09_SH_09_LC_LP_HF","SH","WS1","LC","HF","LP","ACEPEN",49,57
"ACEPEN09_SH_11","ACEPEN09_SH_11_HC_HP_LF","SH","CL2","HC","LF","HP","ACEPEN",46,49
"ACEPEN09_SH_12","ACEPEN09_SH_12_LC_HP_HF","SH","WL1","LC","HF","HP","ACEPEN",46,46
"ACEPEN11_HF_01","ACEPEN11_HF_01_HC_LP_HF","HF","WS2","HC","HF","LP","ACEPEN",57,57
"ACEPEN11_HF_05","ACEPEN11_HF_05_HC_HP_HF","HF","WL2","HC","HF","HP","ACEPEN",47,47
"ACEPEN11_HF_10","ACEPEN11_HF_10_LC_LP_HF","HF","WS1","LC","HF","LP","ACEPEN",57,57
"ACEPEN11_HF_11","ACEPEN11_HF_11_LC_LP_LF","HF","CS1","LC","LF","LP","ACEPEN",56,63
"ACEPEN11_SH_03","ACEPEN11_SH_03_LC_HP_HF","SH","WL1","LC","HF","HP","ACEPEN",41,64
"ACEPEN11_SH_04","ACEPEN11_SH_04_HC_HP_LF","SH","CL2","HC","LF","HP","ACEPEN",46,46
"ACEPEN11_SH_07","ACEPEN11_SH_07_LC_LP_LF","SH","CS1","LC","LF","LP","ACEPEN",48,48
"ACEPEN12_HF_03","ACEPEN12_HF_03_LC_HP_LF","HF","CL1","LC","LF","HP","ACEPEN",41,41
"ACEPEN12_HF_05","ACEPEN12_HF_05_HC_HP_LF","HF","CL2","HC","LF","HP","ACEPEN",49,46
"ACEPEN12_HF_07","ACEPEN12_HF_07_HC_HP_HF","HF","WL2","HC","HF","HP","ACEPEN",47,47
"ACEPEN12_HF_08","ACEPEN12_HF_08_HC_LP_HF","HF","WS2","HC","HF","LP","ACEPEN",57,57
"ACEPEN12_HF_09","ACEPEN12_HF_09_LC_LP_HF","HF","WS1","LC","HF","LP","ACEPEN",57,57
"ACEPEN12_HF_11","ACEPEN12_HF_11_LC_HP_HF","HF","WL1","LC","HF","HP","ACEPEN",41,41
"ACEPEN12_HF_12","ACEPEN12_HF_12_HC_LP_LF","HF","CS2","HC","LF","LP","ACEPEN",50,50
"ACERUB05_SH_01","ACERUB05_SH_01_LC_LP_LF","SH","CS1","LC","LF","LP","ACERUB",77,77
"ACERUB05_SH_03","ACERUB05_SH_03_HC_LP_HF","SH","WS2","HC","HF","LP","ACERUB",64,89
"ACERUB05_SH_05","ACERUB05_SH_05_HC_LP_LF","SH","CS2","HC","LF","LP","ACERUB",63,77
"ACERUB05_SH_06","ACERUB05_SH_06_HC_HP_HF","SH","WL2","HC","HF","HP","ACERUB",53,69
"ACERUB05_SH_11","ACERUB05_SH_11_LC_HP_LF","SH","CL1","LC","LF","HP","ACERUB",55,63
"ACERUB05_SH_12","ACERUB05_SH_12_LC_LP_HF","SH","WS1","LC","HF","LP","ACERUB",57,83
"ACERUB06_SH_01","ACERUB06_SH_01_LC_HP_LF","SH","CL1","LC","LF","HP","ACERUB",55,63
"ACERUB06_SH_02","ACERUB06_SH_02_LC_HP_HF","SH","WL1","LC","HF","HP","ACERUB",50,50
"ACERUB06_SH_07","ACERUB06_SH_07_HC_HP_LF","SH","CL2","HC","LF","HP","ACERUB",46,46
"ACERUB06_SH_08","ACERUB06_SH_08_LC_LP_LF","SH","CS1","LC","LF","LP","ACERUB",56,56
"ACERUB06_SH_10","ACERUB06_SH_10_HC_LP_LF","SH","CS2","HC","LF","LP","ACERUB",56,56
"ACERUB06_SH_11","ACERUB06_SH_11_HC_LP_HF","SH","WS2","HC","HF","LP","ACERUB",57,57
"ACERUB06_SH_12","ACERUB06_SH_12_LC_LP_HF","SH","WS1","LC","HF","LP","ACERUB",49,57
"ACERUB07_SH_01","ACERUB07_SH_01_LC_HP_LF","SH","CL1","LC","LF","HP","ACERUB",46,50
"ACERUB07_SH_03","ACERUB07_SH_03_HC_LP_LF","SH","CS2","HC","LF","LP","ACERUB",46,63
"ACERUB07_SH_05","ACERUB07_SH_05_LC_LP_HF","SH","WS1","LC","HF","LP","ACERUB",49,49
"ACERUB07_SH_06","ACERUB07_SH_06_HC_HP_LF","SH","CL2","HC","LF","HP","ACERUB",49,49
"ACERUB07_SH_07","ACERUB07_SH_07_HC_LP_HF","SH","WS2","HC","HF","LP","ACERUB",46,57
"ACERUB07_SH_08","ACERUB07_SH_08_HC_HP_HF","SH","WL2","HC","HF","HP","ACERUB",47,60
"ACERUB07_SH_09","ACERUB07_SH_09_LC_HP_HF","SH","WL1","LC","HF","HP","ACERUB",46,50
"ACERUB07_SH_12","ACERUB07_SH_12_LC_LP_LF","SH","CS1","LC","LF","LP","ACERUB",48,56
"ACERUB08_SH_01","ACERUB08_SH_01_LC_HP_HF","SH","WL1","LC","HF","HP","ACERUB",46,50
"ACERUB08_SH_04","ACERUB08_SH_04_HC_HP_HF","SH","WL2","HC","HF","HP","ACERUB",47,60
"ACERUB08_SH_06","ACERUB08_SH_06_HC_HP_LF","SH","CL2","HC","LF","HP","ACERUB",49,49
"ACERUB08_SH_07","ACERUB08_SH_07_LC_HP_LF","SH","CL1","LC","LF","HP","ACERUB",46,70
"ACERUB08_SH_08","ACERUB08_SH_08_LC_LP_LF","SH","CS1","LC","LF","LP","ACERUB",56,56
"ACERUB08_SH_09","ACERUB08_SH_09_HC_LP_LF","SH","CS2","HC","LF","LP","ACERUB",56,85
"ACERUB08_SH_10","ACERUB08_SH_10_LC_LP_HF","SH","WS1","LC","HF","LP","ACERUB",49,57
"ACERUB09_SH_04","ACERUB09_SH_04_LC_LP_HF","SH","WS1","LC","HF","LP","ACERUB",57,57
"ACERUB09_SH_06","ACERUB09_SH_06_LC_HP_HF","SH","WL1","LC","HF","HP","ACERUB",46,57
"ACERUB09_SH_08","ACERUB09_SH_08_HC_LP_LF","SH","CS2","HC","LF","LP","ACERUB",46,56
"ACERUB10_HF_02","ACERUB10_HF_02_HC_HP_LF","HF","CL2","HC","LF","HP","ACERUB",49,49
"ACERUB10_HF_03","ACERUB10_HF_03_LC_LP_HF","HF","WS1","LC","HF","LP","ACERUB",83,83
"ACERUB10_HF_05","ACERUB10_HF_05_LC_HP_LF","HF","CL1","LC","LF","HP","ACERUB",46,55
"ACERUB10_HF_06","ACERUB10_HF_06_HC_LP_LF","HF","CS2","HC","LF","LP","ACERUB",50,63
"ACERUB10_HF_07","ACERUB10_HF_07_LC_HP_HF","HF","WL1","LC","HF","HP","ACERUB",41,50
"ACERUB10_HF_09","ACERUB10_HF_09_HC_LP_HF","HF","WS2","HC","HF","LP","ACERUB",46,57
"ACERUB10_HF_10","ACERUB10_HF_10_LC_LP_LF","HF","CS1","LC","LF","LP","ACERUB",56,77
"ACERUB10_HF_11","ACERUB10_HF_11_HC_HP_HF","HF","WL2","HC","HF","HP","ACERUB",47,60
"ACERUB10_SH_01","ACERUB10_SH_01_LC_LP_LF","SH","CS1","LC","LF","LP","ACERUB",56,85
"ACERUB10_SH_03","ACERUB10_SH_03_HC_LP_LF","SH","CS2","HC","LF","LP","ACERUB",46,46
"ACERUB10_SH_04","ACERUB10_SH_04_LC_HP_LF","SH","CL1","LC","LF","HP","ACERUB",50,50
"ACERUB10_SH_05","ACERUB10_SH_05_HC_HP_HF","SH","WL2","HC","HF","HP","ACERUB",60,60
"ACERUB10_SH_10","ACERUB10_SH_10_HC_LP_HF","SH","WS2","HC","HF","LP","ACERUB",57,57
"ACERUB10_SH_11","ACERUB10_SH_11_LC_HP_HF","SH","WL1","LC","HF","HP","ACERUB",46,50
"ACERUB10_SH_12","ACERUB10_SH_12_LC_LP_HF","SH","WS1","LC","HF","LP","ACERUB",49,57
"ACERUB11_HF_02","ACERUB11_HF_02_LC_LP_LF","HF","CS1","LC","LF","LP","ACERUB",42,56
"ACERUB11_HF_03","ACERUB11_HF_03_HC_HP_HF","HF","WL2","HC","HF","HP","ACERUB",47,47
"ACERUB11_HF_04","ACERUB11_HF_04_HC_HP_LF","HF","CL2","HC","LF","HP","ACERUB",49,56
"ACERUB11_HF_05","ACERUB11_HF_05_LC_HP_HF","HF","WL1","LC","HF","HP","ACERUB",41,46
"ACERUB11_HF_06","ACERUB11_HF_06_LC_HP_LF","HF","CL1","LC","LF","HP","ACERUB",50,55
"ACERUB11_HF_07","ACERUB11_HF_07_HC_LP_HF","HF","WS2","HC","HF","LP","ACERUB",46,57
"ACERUB11_HF_10","ACERUB11_HF_10_LC_LP_HF","HF","WS1","LC","HF","LP","ACERUB",49,49
"ACERUB13_HF_02","ACERUB13_HF_02_LC_HP_HF","HF","WL1","LC","HF","HP","ACERUB",46,50
"ACERUB13_HF_06","ACERUB13_HF_06_LC_HP_LF","HF","CL1","LC","LF","HP","ACERUB",46,55
"ACERUB13_HF_11","ACERUB13_HF_11_HC_HP_LF","HF","CL2","HC","LF","HP","ACERUB",56,49
"ACERUB14_HF_01","ACERUB14_HF_01_LC_LP_LF","HF","CS1","LC","LF","LP","ACERUB",48,56
"ACERUB14_HF_02","ACERUB14_HF_02_LC_LP_HF","HF","WS1","LC","HF","LP","ACERUB",57,57
"ACERUB14_HF_04","ACERUB14_HF_04_HC_HP_HF","HF","WL2","HC","HF","HP","ACERUB",47,60
"ACERUB14_HF_07","ACERUB14_HF_07_LC_HP_LF","HF","CL1","LC","LF","HP","ACERUB",50,55
"ACERUB14_HF_09","ACERUB14_HF_09_HC_LP_LF","HF","CS2","HC","LF","LP","ACERUB",50,56
"ACERUB14_HF_10","ACERUB14_HF_10_LC_HP_HF","HF","WL1","LC","HF","HP","ACERUB",41,57
"ACERUB14_HF_11","ACERUB14_HF_11_HC_LP_HF","HF","WS2","HC","HF","LP","ACERUB",57,57
"ACERUB14_HF_12","ACERUB14_HF_12_HC_HP_LF","HF","CL2","HC","LF","HP","ACERUB",49,56
"ACERUB99_HF_01","ACERUB99_HF_01_LC_HP_LF","HF","CL1","LC","LF","HP","ACERUB",46,63
"ACERUB99_HF_05","ACERUB99_HF_05_HC_LP_HF","HF","WS2","HC","HF","LP","ACERUB",57,74
"ACERUB99_HF_06","ACERUB99_HF_06_HC_HP_HF","HF","WL2","HC","HF","HP","ACERUB",69,53
"ACERUB99_HF_09","ACERUB99_HF_09_LC_HP_HF","HF","WL1","LC","HF","HP","ACERUB",50,57
"ACERUB99_HF_11","ACERUB99_HF_11_HC_LP_LF","HF","CS2","HC","LF","LP","ACERUB",56,77
"ACESAC02_HF_04","ACESAC02_HF_04_LC_LP_HF","HF","WS1","LC","HF","LP","ACESAC",71,71
"ACESAC02_SH_02","ACESAC02_SH_02_LC_HP_LF","SH","CL1","LC","LF","HP","ACESAC",63,63
"ACESAC02_SH_03","ACESAC02_SH_03_HC_HP_LF","SH","CL2","HC","LF","HP","ACESAC",70,70
"ACESAC02_SH_10","ACESAC02_SH_10_HC_LP_LF","SH","CS2","HC","LF","LP","ACESAC",77,77
"ACESAC02_SH_11","ACESAC02_SH_11_HC_LP_HF","SH","WS2","HC","HF","LP","ACESAC",74,89
"ACESAC02_SH_12","ACESAC02_SH_12_LC_LP_HF","SH","WS1","LC","HF","LP","ACESAC",64,83
"ACESAC03_SH_02","ACESAC03_SH_02_LC_HP_LF","SH","CL1","LC","LF","HP","ACESAC",46,46
"ACESAC03_SH_06","ACESAC03_SH_06_HC_LP_LF","SH","CS2","HC","LF","LP","ACESAC",46,46
"ACESAC03_SH_07","ACESAC03_SH_07_HC_LP_HF","SH","WS2","HC","HF","LP","ACESAC",46,46
"ACESAC03_SH_09","ACESAC03_SH_09_HC_HP_LF","SH","CL2","HC","LF","HP","ACESAC",56,70
"ACESAC05_HF_11","ACESAC05_HF_11_LC_HP_HF","HF","WL1","LC","HF","HP","ACESAC",71,78
"ACESAC06_HF_09","ACESAC06_HF_09_HC_LP_HF","HF","WS2","HC","HF","LP","ACESAC",89,83
"ACESAC07_SH_02","ACESAC07_SH_02_HC_LP_LF","SH","CS2","HC","LF","LP","ACESAC",85,77
"ACESAC07_SH_05","ACESAC07_SH_05_LC_HP_HF","SH","WL1","LC","HF","HP","ACESAC",71,64
"ACESAC07_SH_07","ACESAC07_SH_07_HC_LP_HF","SH","WS2","HC","HF","LP","ACESAC",89,74
"ACESAC07_SH_09","ACESAC07_SH_09_HC_HP_HF","SH","WL2","HC","HF","HP","ACESAC",60,60
"ACESAC09_SH_05","ACESAC09_SH_05_HC_LP_HF","SH","WS2","HC","HF","LP","ACESAC",64,64
"ACESAC09_SH_06","ACESAC09_SH_06_HC_HP_LF","SH","CL2","HC","LF","HP","ACESAC",83,70
"ACESAC09_SH_07","ACESAC09_SH_07_LC_HP_LF","SH","CL1","LC","LF","HP","ACESAC",55,55
"ACESAC09_SH_08","ACESAC09_SH_08_LC_LP_HF","SH","WS1","LC","HF","LP","ACESAC",64,83
"ACESAC09_SH_09","ACESAC09_SH_09_HC_HP_HF","SH","WL2","HC","HF","HP","ACESAC",47,47
"ACESAC09_SH_10","ACESAC09_SH_10_HC_LP_LF","SH","CS2","HC","LF","LP","ACESAC",63,63
"ACESAC10_HF_03","ACESAC10_HF_03_HC_HP_LF","HF","CL2","HC","LF","HP","ACESAC",56,76
"ACESAC10_SH_06","ACESAC10_SH_06_HC_HP_HF","SH","WL2","HC","HF","HP","ACESAC",60,69
"ACESAC10_SH_09","ACESAC10_SH_09_HC_LP_HF","SH","WS2","HC","HF","LP","ACESAC",83,64
"ACESAC10_SH_10","ACESAC10_SH_10_LC_HP_LF","SH","CL1","LC","LF","HP","ACESAC",84,70
"ACESAC99_HF_07","ACESAC99_HF_07_LC_LP_HF","HF","WS1","LC","HF","LP","ACESAC",57,57
"ACESAC99_HF_11","ACESAC99_HF_11_LC_LP_LF","HF","CS1","LC","LF","LP","ACESAC",56,56
"ACESAC99_SH_03","ACESAC99_SH_03_LC_HP_HF","SH","WL1","LC","HF","HP","ACESAC",71,64
"ACESAC99_SH_05","ACESAC99_SH_05_HC_HP_LF","SH","CL2","HC","LF","HP","ACESAC",70,70
"ACESAC99_SH_08","ACESAC99_SH_08_HC_LP_HF","SH","WS2","HC","HF","LP","ACESAC",74,74
"BETALL01_SH_02","BETALL01_SH_02_LC_HP_LF","SH","CL1","LC","LF","HP","BETALL",46,46
"BETALL01_SH_03","BETALL01_SH_03_HC_LP_HF","SH","WS2","HC","HF","LP","BETALL",57,57
"BETALL01_SH_04","BETALL01_SH_04_LC_HP_HF","SH","WL1","LC","HF","HP","BETALL",46,46
"BETALL01_SH_08","BETALL01_SH_08_LC_LP_HF","SH","WS1","LC","HF","LP","BETALL",64,57
"BETALL01_SH_09","BETALL01_SH_09_LC_LP_LF","SH","CS1","LC","LF","LP","BETALL",42,42
"BETALL02_SH_03","BETALL02_SH_03_LC_LP_HF","SH","WS1","LC","HF","LP","BETALL",57,57
"BETALL02_SH_04","BETALL02_SH_04_LC_HP_HF","SH","WL1","LC","HF","HP","BETALL",50,46
"BETALL02_SH_07","BETALL02_SH_07_LC_HP_LF","SH","CL1","LC","LF","HP","BETALL",50,55
"BETALL02_SH_08","BETALL02_SH_08_LC_LP_LF","SH","CS1","LC","LF","LP","BETALL",56,63
"BETALL02_SH_10","BETALL02_SH_10_HC_HP_HF","SH","WL2","HC","HF","HP","BETALL",47,47
"BETALL02_SH_11","BETALL02_SH_11_HC_HP_LF","SH","CL2","HC","LF","HP","BETALL",49,49
"BETALL02_SH_12","BETALL02_SH_12_HC_LP_HF","SH","WS2","HC","HF","LP","BETALL",57,57
"BETALL03_SH_01","BETALL03_SH_01_LC_LP_HF","SH","WS1","LC","HF","LP","BETALL",64,49
"BETALL03_SH_03","BETALL03_SH_03_LC_HP_HF","SH","WL1","LC","HF","HP","BETALL",46,71
"BETALL03_SH_04","BETALL03_SH_04_LC_LP_LF","SH","CS1","LC","LF","LP","BETALL",56,48
"BETALL03_SH_06","BETALL03_SH_06_HC_LP_HF","SH","WS2","HC","HF","LP","BETALL",57,83
"BETALL03_SH_08","BETALL03_SH_08_HC_HP_HF","SH","WL2","HC","HF","HP","BETALL",47,47
"BETALL03_SH_09","BETALL03_SH_09_LC_HP_LF","SH","CL1","LC","LF","HP","BETALL",46,46
"BETALL03_SH_10","BETALL03_SH_10_HC_LP_LF","SH","CS2","HC","LF","LP","BETALL",46,46
"BETALL03_SH_11","BETALL03_SH_11_HC_HP_LF","SH","CL2","HC","LF","HP","BETALL",49,49
"BETALL08_SH_01","BETALL08_SH_01_HC_HP_LF","SH","CL2","HC","LF","HP","BETALL",46,46
"BETALL08_SH_02","BETALL08_SH_02_LC_LP_LF","SH","CS1","LC","LF","LP","BETALL",48,42
"BETALL08_SH_04","BETALL08_SH_04_LC_HP_HF","SH","WL1","LC","HF","HP","BETALL",41,41
"BETALL08_SH_07","BETALL08_SH_07_LC_HP_LF","SH","CL1","LC","LF","HP","BETALL",46,46
"BETALL08_SH_09","BETALL08_SH_09_HC_LP_LF","SH","CS2","HC","LF","LP","BETALL",46,46
"BETALL08_SH_11","BETALL08_SH_11_HC_HP_HF","SH","WL2","HC","HF","HP","BETALL",53,53
"BETALL09_SH_01","BETALL09_SH_01_HC_LP_LF","SH","CS2","HC","LF","LP","BETALL",50,56
"BETALL09_SH_03","BETALL09_SH_03_HC_HP_HF","SH","WL2","HC","HF","HP","BETALL",47,47
"BETALL09_SH_04","BETALL09_SH_04_LC_LP_LF","SH","CS1","LC","LF","LP","BETALL",56,48
"BETALL09_SH_05","BETALL09_SH_05_LC_HP_LF","SH","CL1","LC","LF","HP","BETALL",46,46
"BETALL09_SH_07","BETALL09_SH_07_HC_HP_LF","SH","CL2","HC","LF","HP","BETALL",46,46
"BETALL09_SH_09","BETALL09_SH_09_HC_LP_HF","SH","WS2","HC","HF","LP","BETALL",57,57
"BETALL09_SH_10","BETALL09_SH_10_LC_LP_HF","SH","WS1","LC","HF","LP","BETALL",49,49
"BETALL09_SH_12","BETALL09_SH_12_LC_HP_HF","SH","WL1","LC","HF","HP","BETALL",46,41
"BETALL10_HF_01","BETALL10_HF_01_LC_LP_LF","HF","CS1","LC","LF","LP","BETALL",56,56
"BETALL10_HF_02","BETALL10_HF_02_HC_LP_HF","HF","WS2","HC","HF","LP","BETALL",57,57
"BETALL10_HF_05","BETALL10_HF_05_HC_HP_HF","HF","WL2","HC","HF","HP","BETALL",47,53
"BETALL10_HF_06","BETALL10_HF_06_LC_HP_LF","HF","CL1","LC","LF","HP","BETALL",46,46
"BETALL10_HF_07","BETALL10_HF_07_LC_LP_HF","HF","WS1","LC","HF","LP","BETALL",57,57
"BETALL10_HF_08","BETALL10_HF_08_LC_HP_HF","HF","WL1","LC","HF","HP","BETALL",46,71
"BETALL10_HF_09","BETALL10_HF_09_HC_LP_LF","HF","CS2","HC","LF","LP","BETALL",50,56
"BETALL10_HF_12","BETALL10_HF_12_HC_HP_LF","HF","CL2","HC","LF","HP","BETALL",63,56
"BETALL10_SH_01","BETALL10_SH_01_HC_LP_HF","SH","WS2","HC","HF","LP","BETALL",46,46
"BETALL10_SH_03","BETALL10_SH_03_LC_HP_LF","SH","CL1","LC","LF","HP","BETALL",46,46
"BETALL10_SH_07","BETALL10_SH_07_HC_LP_LF","SH","CS2","HC","LF","LP","BETALL",50,46
"BETALL10_SH_08","BETALL10_SH_08_LC_LP_LF","SH","CS1","LC","LF","LP","BETALL",48,48
"BETALL10_SH_09","BETALL10_SH_09_HC_HP_HF","SH","WL2","HC","HF","HP","BETALL",47,47
"BETALL10_SH_10","BETALL10_SH_10_LC_HP_HF","SH","WL1","LC","HF","HP","BETALL",41,41
"BETALL10_SH_12","BETALL10_SH_12_HC_HP_LF","SH","CL2","HC","LF","HP","BETALL",46,46
"BETALL16_HF_01","BETALL16_HF_01_HC_LP_LF","HF","CS2","HC","LF","LP","BETALL",50,56
"BETALL16_HF_03","BETALL16_HF_03_HC_HP_HF","HF","WL2","HC","HF","HP","BETALL",47,47
"BETALL16_HF_04","BETALL16_HF_04_HC_LP_HF","HF","WS2","HC","HF","LP","BETALL",57,46
"BETALL16_HF_08","BETALL16_HF_08_LC_HP_LF","HF","CL1","LC","LF","HP","BETALL",50,46
"BETALL16_HF_09","BETALL16_HF_09_LC_LP_LF","HF","CS1","LC","LF","LP","BETALL",48,48
"BETALL16_HF_10","BETALL16_HF_10_LC_HP_HF","HF","WL1","LC","HF","HP","BETALL",46,57
"BETALL16_HF_11","BETALL16_HF_11_HC_HP_LF","HF","CL2","HC","LF","HP","BETALL",49,46
"BETALL16_HF_12","BETALL16_HF_12_LC_LP_HF","HF","WS1","LC","HF","LP","BETALL",64,49
"BETALL17_HF_01","BETALL17_HF_01_HC_LP_HF","HF","WS2","HC","HF","LP","BETALL",57,83
"BETALL17_HF_02","BETALL17_HF_02_LC_HP_HF","HF","WL1","LC","HF","HP","BETALL",46,71
"BETALL17_HF_04","BETALL17_HF_04_LC_HP_LF","HF","CL1","LC","LF","HP","BETALL",50,50
"BETALL17_HF_05","BETALL17_HF_05_HC_HP_LF","HF","CL2","HC","LF","HP","BETALL",56,56
"BETALL17_HF_06","BETALL17_HF_06_HC_HP_HF","HF","WL2","HC","HF","HP","BETALL",60,60
"BETALL17_HF_08","BETALL17_HF_08_HC_LP_LF","HF","CS2","HC","LF","LP","BETALL",63,56
"BETALL17_HF_09","BETALL17_HF_09_LC_LP_HF","HF","WS1","LC","HF","LP","BETALL",57,57
"BETALL17_HF_12","BETALL17_HF_12_LC_LP_LF","HF","CS1","LC","LF","LP","BETALL",56,56
"BETALL18_HF_05","BETALL18_HF_05_LC_HP_HF","HF","WL1","LC","HF","HP","BETALL",46,41
"BETALL18_HF_08","BETALL18_HF_08_HC_LP_LF","HF","CS2","HC","LF","LP","BETALL",50,56
"BETALL18_HF_09","BETALL18_HF_09_HC_LP_HF","HF","WS2","HC","HF","LP","BETALL",57,57
"BETALL18_HF_10","BETALL18_HF_10_LC_LP_HF","HF","WS1","LC","HF","LP","BETALL",57,49
"BETALL18_HF_11","BETALL18_HF_11_LC_LP_LF","HF","CS1","LC","LF","LP","BETALL",56,48
"BETALL18_HF_12","BETALL18_HF_12_LC_HP_LF","HF","CL1","LC","LF","HP","BETALL",46,46
"BETALL19_HF_02","BETALL19_HF_02_LC_LP_LF","HF","CS1","LC","LF","LP","BETALL",48,56
"BETALL19_HF_03","BETALL19_HF_03_LC_HP_HF","HF","WL1","LC","HF","HP","BETALL",41,41
"BETALL19_HF_04","BETALL19_HF_04_HC_HP_HF","HF","WL2","HC","HF","HP","BETALL",47,47
"BETALL19_HF_05","BETALL19_HF_05_LC_HP_LF","HF","CL1","LC","LF","HP","BETALL",46,46
"BETALL19_HF_07","BETALL19_HF_07_HC_LP_HF","HF","WS2","HC","HF","LP","BETALL",46,46
"BETALL19_HF_08","BETALL19_HF_08_LC_LP_HF","HF","WS1","LC","HF","LP","BETALL",49,49
"BETALL19_HF_10","BETALL19_HF_10_HC_HP_LF","HF","CL2","HC","LF","HP","BETALL",46,46
"BETALL19_HF_11","BETALL19_HF_11_HC_LP_LF","HF","CS2","HC","LF","LP","BETALL",46,56
"BETALL20_HF_01","BETALL20_HF_01_LC_HP_HF","HF","WL1","LC","HF","HP","BETALL",46,71
"BETALL20_HF_02","BETALL20_HF_02_LC_HP_LF","HF","CL1","LC","LF","HP","BETALL",50,46
"BETALL20_HF_04","BETALL20_HF_04_HC_HP_HF","HF","WL2","HC","HF","HP","BETALL",47,47
"BETALL20_HF_06","BETALL20_HF_06_HC_HP_LF","HF","CL2","HC","LF","HP","BETALL",46,46
"BETALL20_HF_07","BETALL20_HF_07_HC_LP_LF","HF","CS2","HC","LF","LP","BETALL",50,56
"BETALL20_HF_08","BETALL20_HF_08_LC_LP_HF","HF","WS1","LC","HF","LP","BETALL",49,49
"BETALL20_HF_11","BETALL20_HF_11_HC_LP_HF","HF","WS2","HC","HF","LP","BETALL",57,83
"BETALL20_HF_12","BETALL20_HF_12_LC_LP_LF","HF","CS1","LC","LF","LP","BETALL",56,48
"BETPAP04_SH_02","BETPAP04_SH_02_LC_HP_LF","SH","CL1","LC","LF","HP","BETPAP",50,46
"BETPAP04_SH_04","BETPAP04_SH_04_LC_HP_HF","SH","WL1","LC","HF","HP","BETPAP",46,46
"BETPAP04_SH_05","BETPAP04_SH_05_HC_HP_HF","SH","WL2","HC","HF","HP","BETPAP",47,47
"BETPAP04_SH_06","BETPAP04_SH_06_LC_LP_LF","SH","CS1","LC","LF","LP","BETPAP",42,42
"BETPAP04_SH_07","BETPAP04_SH_07_HC_LP_LF","SH","CS2","HC","LF","LP","BETPAP",50,56
"BETPAP04_SH_08","BETPAP04_SH_08_HC_HP_LF","SH","CL2","HC","LF","HP","BETPAP",56,56
"BETPAP04_SH_09","BETPAP04_SH_09_HC_LP_HF","SH","WS2","HC","HF","LP","BETPAP",64,46
"BETPAP04_SH_11","BETPAP04_SH_11_LC_LP_HF","SH","WS1","LC","HF","LP","BETPAP",49,49
"BETPAP06_HF_01","BETPAP06_HF_01_LC_LP_LF","HF","CS1","LC","LF","LP","BETPAP",48,48
"BETPAP06_HF_02","BETPAP06_HF_02_HC_LP_LF","HF","CS2","HC","LF","LP","BETPAP",56,50
"BETPAP06_HF_04","BETPAP06_HF_04_LC_HP_HF","HF","WL1","LC","HF","HP","BETPAP",46,41
"BETPAP06_HF_05","BETPAP06_HF_05_LC_HP_LF","HF","CL1","LC","LF","HP","BETPAP",50,41
"BETPAP06_HF_06","BETPAP06_HF_06_LC_LP_HF","HF","WS1","LC","HF","LP","BETPAP",49,49
"BETPAP06_HF_08","BETPAP06_HF_08_HC_HP_LF","HF","CL2","HC","LF","HP","BETPAP",49,46
"BETPAP06_HF_10","BETPAP06_HF_10_HC_LP_HF","HF","WS2","HC","HF","LP","BETPAP",46,46
"BETPAP06_HF_12","BETPAP06_HF_12_HC_HP_HF","HF","WL2","HC","HF","HP","BETPAP",47,47
"BETPAP06_SH_07","BETPAP06_SH_07_HC_HP_LF","SH","CL2","HC","LF","HP","BETPAP",46,46
"BETPAP06_SH_08","BETPAP06_SH_08_HC_LP_LF","SH","CS2","HC","LF","LP","BETPAP",50,56
"BETPAP06_SH_09","BETPAP06_SH_09_LC_LP_LF","SH","CS1","LC","LF","LP","BETPAP",48,48
"BETPAP06_SH_10","BETPAP06_SH_10_LC_HP_LF","SH","CL1","LC","LF","HP","BETPAP",46,46
"BETPAP06_SH_11","BETPAP06_SH_11_LC_HP_HF","SH","WL1","LC","HF","HP","BETPAP",46,46
"BETPAP07_HF_04","BETPAP07_HF_04_LC_HP_LF","HF","CL1","LC","LF","HP","BETPAP",41,41
"BETPAP07_HF_05","BETPAP07_HF_05_HC_HP_LF","HF","CL2","HC","LF","HP","BETPAP",46,46
"BETPAP07_HF_06","BETPAP07_HF_06_LC_LP_HF","HF","WS1","LC","HF","LP","BETPAP",49,49
"BETPAP07_HF_07","BETPAP07_HF_07_HC_LP_LF","HF","CS2","HC","LF","LP","BETPAP",46,56
"BETPAP07_HF_09","BETPAP07_HF_09_LC_LP_LF","HF","CS1","LC","LF","LP","BETPAP",48,42
"BETPAP07_HF_10","BETPAP07_HF_10_HC_LP_HF","HF","WS2","HC","HF","LP","BETPAP",57,46
"BETPAP07_HF_12","BETPAP07_HF_12_LC_HP_HF","HF","WL1","LC","HF","HP","BETPAP",46,41
"BETPAP07_SH_01","BETPAP07_SH_01_LC_HP_LF","SH","CL1","LC","LF","HP","BETPAP",55,55
"BETPAP07_SH_02","BETPAP07_SH_02_HC_LP_LF","SH","CS2","HC","LF","LP","BETPAP",46,46
"BETPAP07_SH_04","BETPAP07_SH_04_LC_LP_LF","SH","CS1","LC","LF","LP","BETPAP",48,48
"BETPAP07_SH_05","BETPAP07_SH_05_LC_HP_HF","SH","WL1","LC","HF","HP","BETPAP",46,46
"BETPAP07_SH_07","BETPAP07_SH_07_LC_LP_HF","SH","WS1","LC","HF","LP","BETPAP",57,49
"BETPAP07_SH_08","BETPAP07_SH_08_HC_HP_LF","SH","CL2","HC","LF","HP","BETPAP",49,56
"BETPAP07_SH_10","BETPAP07_SH_10_HC_LP_HF","SH","WS2","HC","HF","LP","BETPAP",46,46
"BETPAP08_SH_02","BETPAP08_SH_02_LC_LP_LF","SH","CS1","LC","LF","LP","BETPAP",56,48
"BETPAP08_SH_04","BETPAP08_SH_04_HC_LP_HF","SH","WS2","HC","HF","LP","BETPAP",57,46
"BETPAP08_SH_06","BETPAP08_SH_06_LC_LP_HF","SH","WS1","LC","HF","LP","BETPAP",49,49
"BETPAP08_SH_08","BETPAP08_SH_08_HC_HP_HF","SH","WL2","HC","HF","HP","BETPAP",47,47
"BETPAP08_SH_09","BETPAP08_SH_09_LC_HP_LF","SH","CL1","LC","LF","HP","BETPAP",50,55
"BETPAP08_SH_10","BETPAP08_SH_10_HC_LP_LF","SH","CS2","HC","LF","LP","BETPAP",56,56
"BETPAP08_SH_11","BETPAP08_SH_11_HC_HP_LF","SH","CL2","HC","LF","HP","BETPAP",56,56
"BETPAP08_SH_12","BETPAP08_SH_12_LC_HP_HF","SH","WL1","LC","HF","HP","BETPAP",46,71
"BETPAP09_HF_03","BETPAP09_HF_03_HC_HP_LF","HF","CL2","HC","LF","HP","BETPAP",46,46
"BETPAP09_HF_04","BETPAP09_HF_04_HC_LP_HF","HF","WS2","HC","HF","LP","BETPAP",46,46
"BETPAP09_HF_05","BETPAP09_HF_05_HC_HP_HF","HF","WL2","HC","HF","HP","BETPAP",47,47
"BETPAP09_HF_06","BETPAP09_HF_06_LC_LP_LF","HF","CS1","LC","LF","LP","BETPAP",42,42
"BETPAP09_HF_07","BETPAP09_HF_07_LC_LP_HF","HF","WS1","LC","HF","LP","BETPAP",49,49
"BETPAP09_HF_08","BETPAP09_HF_08_LC_HP_HF","HF","WL1","LC","HF","HP","BETPAP",41,41
"BETPAP09_HF_09","BETPAP09_HF_09_HC_LP_LF","HF","CS2","HC","LF","LP","BETPAP",46,56
"BETPAP09_SH_01","BETPAP09_SH_01_HC_HP_LF","SH","CL2","HC","LF","HP","BETPAP",49,49
"BETPAP09_SH_04","BETPAP09_SH_04_HC_LP_LF","SH","CS2","HC","LF","LP","BETPAP",46,56
"BETPAP09_SH_05","BETPAP09_SH_05_LC_LP_LF","SH","CS1","LC","LF","LP","BETPAP",48,48
"BETPAP09_SH_06","BETPAP09_SH_06_LC_HP_LF","SH","CL1","LC","LF","HP","BETPAP",46,55
"BETPAP09_SH_07","BETPAP09_SH_07_HC_HP_HF","SH","WL2","HC","HF","HP","BETPAP",47,47
"BETPAP09_SH_09","BETPAP09_SH_09_LC_HP_HF","SH","WL1","LC","HF","HP","BETPAP",46,46
"BETPAP09_SH_11","BETPAP09_SH_11_HC_LP_HF","SH","WS2","HC","HF","LP","BETPAP",46,46
"BETPAP09_SH_12","BETPAP09_SH_12_LC_LP_HF","SH","WS1","LC","HF","LP","BETPAP",49,49
"BETPAP10_SH_04","BETPAP10_SH_04_HC_HP_LF","SH","CL2","HC","LF","HP","BETPAP",49,56
"BETPAP10_SH_05","BETPAP10_SH_05_LC_LP_HF","SH","WS1","LC","HF","LP","BETPAP",49,49
"BETPAP10_SH_06","BETPAP10_SH_06_HC_LP_LF","SH","CS2","HC","LF","LP","BETPAP",46,56
"BETPAP10_SH_07","BETPAP10_SH_07_HC_HP_HF","SH","WL2","HC","HF","HP","BETPAP",47,47
"BETPAP10_SH_10","BETPAP10_SH_10_HC_LP_HF","SH","WS2","HC","HF","LP","BETPAP",46,46
"BETPAP10_SH_11","BETPAP10_SH_11_LC_HP_HF","SH","WL1","LC","HF","HP","BETPAP",46,50
"BETPAP10_SH_12","BETPAP10_SH_12_LC_HP_LF","SH","CL1","LC","LF","HP","BETPAP",46,46
"BETPAP13_HF_02","BETPAP13_HF_02_LC_LP_LF","HF","CS1","LC","LF","LP","BETPAP",48,48
"BETPAP13_HF_05","BETPAP13_HF_05_LC_HP_HF","HF","WL1","LC","HF","HP","BETPAP",46,46
"BETPAP13_HF_07","BETPAP13_HF_07_HC_HP_LF","HF","CL2","HC","LF","HP","BETPAP",49,56
"BETPAP13_HF_08","BETPAP13_HF_08_LC_LP_HF","HF","WS1","LC","HF","LP","BETPAP",49,49
"BETPAP13_HF_09","BETPAP13_HF_09_HC_HP_HF","HF","WL2","HC","HF","HP","BETPAP",53,47
"BETPAP13_HF_11","BETPAP13_HF_11_HC_LP_HF","HF","WS2","HC","HF","LP","BETPAP",83,83
"BETPAP13_HF_12","BETPAP13_HF_12_LC_HP_LF","HF","CL1","LC","LF","HP","BETPAP",46,46
"BETPAP14_HF_01","BETPAP14_HF_01_LC_HP_LF","HF","CL1","LC","LF","HP","BETPAP",46,46
"BETPAP14_HF_04","BETPAP14_HF_04_LC_LP_HF","HF","WS1","LC","HF","LP","BETPAP",49,49
"BETPAP14_HF_05","BETPAP14_HF_05_LC_LP_LF","HF","CS1","LC","LF","LP","BETPAP",48,48
"BETPAP14_HF_11","BETPAP14_HF_11_LC_HP_HF","HF","WL1","LC","HF","HP","BETPAP",46,71
"BETPAP14_HF_12","BETPAP14_HF_12_HC_HP_LF","HF","CL2","HC","LF","HP","BETPAP",49,56
"BETPAP15_HF_01","BETPAP15_HF_01_HC_LP_LF","HF","CS2","HC","LF","LP","BETPAP",46,56
"BETPAP15_HF_09","BETPAP15_HF_09_HC_LP_HF","HF","WS2","HC","HF","LP","BETPAP",46,46
"BETPAP15_HF_11","BETPAP15_HF_11_HC_HP_LF","HF","CL2","HC","LF","HP","BETPAP",49,46
"BETPAP15_HF_12","BETPAP15_HF_12_LC_HP_LF","HF","CL1","LC","LF","HP","BETPAP",46,46
"FAGGRA02_SH_05","FAGGRA02_SH_05_LC_LP_HF","SH","WS1","LC","HF","LP","FAGGRA",83,83
"FAGGRA02_SH_06","FAGGRA02_SH_06_LC_LP_LF","SH","CS1","LC","LF","LP","FAGGRA",77,77
"FAGGRA02_SH_07","FAGGRA02_SH_07_LC_HP_HF","SH","WL1","LC","HF","HP","FAGGRA",57,57
"FAGGRA02_SH_09","FAGGRA02_SH_09_HC_LP_LF","SH","CS2","HC","LF","LP","FAGGRA",85,77
"FAGGRA02_SH_10","FAGGRA02_SH_10_LC_HP_LF","SH","CL1","LC","LF","HP","FAGGRA",70,70
"FAGGRA02_SH_11","FAGGRA02_SH_11_HC_HP_LF","SH","CL2","HC","LF","HP","FAGGRA",63,63
"FAGGRA02_SH_12","FAGGRA02_SH_12_HC_HP_HF","SH","WL2","HC","HF","HP","FAGGRA",60,60
"FAGGRA03_HF_01","FAGGRA03_HF_01_LC_HP_HF","HF","WL1","LC","HF","HP","FAGGRA",71,71
"FAGGRA03_HF_05","FAGGRA03_HF_05_LC_LP_HF","HF","WS1","LC","HF","LP","FAGGRA",71,71
"FAGGRA03_HF_07","FAGGRA03_HF_07_LC_HP_LF","HF","CL1","LC","LF","HP","FAGGRA",76,76
"FAGGRA03_HF_10","FAGGRA03_HF_10_HC_HP_LF","HF","CL2","HC","LF","HP","FAGGRA",76,76
"FAGGRA03_HF_12","FAGGRA03_HF_12_HC_HP_HF","HF","WL2","HC","HF","HP","FAGGRA",69,69
"FAGGRA04_SH_07","FAGGRA04_SH_07_HC_HP_HF","SH","WL2","HC","HF","HP","FAGGRA",69,60
"FAGGRA04_SH_08","FAGGRA04_SH_08_HC_HP_LF","SH","CL2","HC","LF","HP","FAGGRA",63,70
"FAGGRA04_SH_10","FAGGRA04_SH_10_LC_HP_LF","SH","CL1","LC","LF","HP","FAGGRA",70,70
"FAGGRA04_SH_12","FAGGRA04_SH_12_LC_HP_HF","SH","WL1","LC","HF","HP","FAGGRA",78,78
"FAGGRA05_SH_02","FAGGRA05_SH_02_HC_LP_LF","SH","CS2","HC","LF","LP","FAGGRA",77,77
"FAGGRA05_SH_03","FAGGRA05_SH_03_LC_HP_HF","SH","WL1","LC","HF","HP","FAGGRA",78,78
"FAGGRA05_SH_08","FAGGRA05_SH_08_HC_HP_LF","SH","CL2","HC","LF","HP","FAGGRA",76,76
"FAGGRA06_SH_02","FAGGRA06_SH_02_LC_LP_LF","SH","CS1","LC","LF","LP","FAGGRA",85,85
"FAGGRA06_SH_03","FAGGRA06_SH_03_HC_HP_HF","SH","WL2","HC","HF","HP","FAGGRA",60,60
"FAGGRA06_SH_08","FAGGRA06_SH_08_LC_LP_HF","SH","WS1","LC","HF","LP","FAGGRA",89,89
"FAGGRA06_SH_09","FAGGRA06_SH_09_LC_HP_LF","SH","CL1","LC","LF","HP","FAGGRA",70,70
"FAGGRA06_SH_11","FAGGRA06_SH_11_HC_HP_LF","SH","CL2","HC","LF","HP","FAGGRA",70,70
"FAGGRA06_SH_12","FAGGRA06_SH_12_LC_HP_HF","SH","WL1","LC","HF","HP","FAGGRA",71,71
"FAGGRA07_SH_01","FAGGRA07_SH_01_HC_HP_LF","SH","CL2","HC","LF","HP","FAGGRA",63,70
"FAGGRA07_SH_04","FAGGRA07_SH_04_LC_LP_LF","SH","CS1","LC","LF","LP","FAGGRA",77,85
"FAGGRA07_SH_07","FAGGRA07_SH_07_HC_LP_LF","SH","CS2","HC","LF","LP","FAGGRA",85,85
"FAGGRA07_SH_08","FAGGRA07_SH_08_HC_HP_HF","SH","WL2","HC","HF","HP","FAGGRA",47,47
"FAGGRA08_SH_06","FAGGRA08_SH_06_LC_HP_LF","SH","CL1","LC","LF","HP","FAGGRA",70,70
"FAGGRA08_SH_07","FAGGRA08_SH_07_HC_HP_LF","SH","CL2","HC","LF","HP","FAGGRA",76,76
"FAGGRA08_SH_11","FAGGRA08_SH_11_LC_HP_HF","SH","WL1","LC","HF","HP","FAGGRA",71,71
"FAGGRA08_SH_12","FAGGRA08_SH_12_HC_HP_HF","SH","WL2","HC","HF","HP","FAGGRA",69,69
"FAGGRA09_HF_03","FAGGRA09_HF_03_HC_LP_HF","HF","WS2","HC","HF","LP","FAGGRA",89,89
"FAGGRA09_HF_04","FAGGRA09_HF_04_LC_LP_LF","HF","CS1","LC","LF","LP","FAGGRA",77,77
"FAGGRA09_HF_07","FAGGRA09_HF_07_HC_LP_LF","HF","CS2","HC","LF","LP","FAGGRA",56,56
"FAGGRA09_HF_10","FAGGRA09_HF_10_LC_LP_HF","HF","WS1","LC","HF","LP","FAGGRA",83,83
"FAGGRA09_HF_11","FAGGRA09_HF_11_HC_HP_HF","HF","WL2","HC","HF","HP","FAGGRA",60,60
"FAGGRA09_HF_12","FAGGRA09_HF_12_LC_HP_LF","HF","CL1","LC","LF","HP","FAGGRA",55,63
"FAGGRA10_HF_04","FAGGRA10_HF_04_HC_LP_LF","HF","CS2","HC","LF","LP","FAGGRA",77,85
"FAGGRA10_HF_05","FAGGRA10_HF_05_LC_LP_HF","HF","WS1","LC","HF","LP","FAGGRA",83,83
"FAGGRA10_HF_08","FAGGRA10_HF_08_HC_HP_HF","HF","WL2","HC","HF","HP","FAGGRA",60,60
"FAGGRA10_HF_11","FAGGRA10_HF_11_HC_HP_LF","HF","CL2","HC","LF","HP","FAGGRA",63,63
"FAGGRA10_HF_12","FAGGRA10_HF_12_LC_LP_LF","HF","CS1","LC","LF","LP","FAGGRA",85,85
"FAGGRA11_HF_01","FAGGRA11_HF_01_HC_HP_LF","HF","CL2","HC","LF","HP","FAGGRA",63,70
"FAGGRA11_HF_03","FAGGRA11_HF_03_LC_LP_LF","HF","CS1","LC","LF","LP","FAGGRA",77,77
"FAGGRA11_HF_06","FAGGRA11_HF_06_LC_LP_HF","HF","WS1","LC","HF","LP","FAGGRA",83,89
"FAGGRA11_HF_08","FAGGRA11_HF_08_HC_HP_HF","HF","WL2","HC","HF","HP","FAGGRA",60,60
"FAGGRA11_HF_10","FAGGRA11_HF_10_LC_HP_HF","HF","WL1","LC","HF","HP","FAGGRA",64,64
"FAGGRA11_HF_11","FAGGRA11_HF_11_HC_LP_LF","HF","CS2","HC","LF","LP","FAGGRA",77,77
"FAGGRA11_HF_12","FAGGRA11_HF_12_LC_HP_LF","HF","CL1","LC","LF","HP","FAGGRA",63,76
"FAGGRA13_HF_01","FAGGRA13_HF_01_LC_LP_LF","HF","CS1","LC","LF","LP","FAGGRA",77,63
"FAGGRA13_HF_02","FAGGRA13_HF_02_LC_LP_HF","HF","WS1","LC","HF","LP","FAGGRA",71,71
"FAGGRA13_HF_03","FAGGRA13_HF_03_HC_LP_HF","HF","WS2","HC","HF","LP","FAGGRA",74,83
"FAGGRA13_HF_04","FAGGRA13_HF_04_LC_HP_LF","HF","CL1","LC","LF","HP","FAGGRA",63,63
"FAGGRA13_HF_05","FAGGRA13_HF_05_LC_HP_HF","HF","WL1","LC","HF","HP","FAGGRA",57,57
"FAGGRA13_HF_06","FAGGRA13_HF_06_HC_HP_HF","HF","WL2","HC","HF","HP","FAGGRA",60,60
"FAGGRA13_HF_10","FAGGRA13_HF_10_HC_LP_LF","HF","CS2","HC","LF","LP","FAGGRA",77,77
"FAGGRA13_HF_12","FAGGRA13_HF_12_HC_HP_LF","HF","CL2","HC","LF","HP","FAGGRA",63,63
"FAGGRA14_HF_08","FAGGRA14_HF_08_LC_HP_LF","HF","CL1","LC","LF","HP","FAGGRA",76,84
"FAGGRA14_HF_12","FAGGRA14_HF_12_LC_LP_HF","HF","WS1","LC","HF","LP","FAGGRA",83,83
"ILEMUC01_SH_03","ILEMUC01_SH_03_HC_HP_LF","SH","CL2","HC","LF","HP","ILEMUC",56,56
"ILEMUC01_SH_04","ILEMUC01_SH_04_LC_HP_LF","SH","CL1","LC","LF","HP","ILEMUC",41,41
"ILEMUC01_SH_05","ILEMUC01_SH_05_HC_LP_HF","SH","WS2","HC","HF","LP","ILEMUC",57,57
"ILEMUC01_SH_06","ILEMUC01_SH_06_HC_LP_LF","SH","CS2","HC","LF","LP","ILEMUC",46,56
"ILEMUC01_SH_08","ILEMUC01_SH_08_LC_LP_LF","SH","CS1","LC","LF","LP","ILEMUC",48,48
"ILEMUC01_SH_11","ILEMUC01_SH_11_HC_HP_HF","SH","WL2","HC","HF","HP","ILEMUC",47,47
"ILEMUC01_SH_12","ILEMUC01_SH_12_LC_LP_HF","SH","WS1","LC","HF","LP","ILEMUC",57,49
"ILEMUC03_HF_02","ILEMUC03_HF_02_LC_LP_LF","HF","CS1","LC","LF","LP","ILEMUC",48,48
"ILEMUC03_HF_03","ILEMUC03_HF_03_LC_HP_HF","HF","WL1","LC","HF","HP","ILEMUC",41,41
"ILEMUC03_HF_06","ILEMUC03_HF_06_HC_LP_LF","HF","CS2","HC","LF","LP","ILEMUC",46,56
"ILEMUC03_HF_07","ILEMUC03_HF_07_HC_HP_LF","HF","CL2","HC","LF","HP","ILEMUC",46,46
"ILEMUC03_HF_08","ILEMUC03_HF_08_HC_HP_HF","HF","WL2","HC","HF","HP","ILEMUC",47,47
"ILEMUC03_HF_09","ILEMUC03_HF_09_HC_LP_HF","HF","WS2","HC","HF","LP","ILEMUC",46,46
"ILEMUC03_HF_11","ILEMUC03_HF_11_LC_HP_LF","HF","CL1","LC","LF","HP","ILEMUC",41,41
"ILEMUC03_HF_12","ILEMUC03_HF_12_LC_LP_HF","HF","WS1","LC","HF","LP","ILEMUC",49,49
"ILEMUC03_SH_01","ILEMUC03_SH_01_LC_LP_LF","SH","CS1","LC","LF","LP","ILEMUC",56,56
"ILEMUC03_SH_04","ILEMUC03_SH_04_HC_HP_HF","SH","WL2","HC","HF","HP","ILEMUC",47,47
"ILEMUC03_SH_05","ILEMUC03_SH_05_LC_LP_HF","SH","WS1","LC","HF","LP","ILEMUC",49,49
"ILEMUC03_SH_06","ILEMUC03_SH_06_LC_HP_HF","SH","WL1","LC","HF","HP","ILEMUC",41,41
"ILEMUC03_SH_07","ILEMUC03_SH_07_LC_HP_LF","SH","CL1","LC","LF","HP","ILEMUC",50,55
"ILEMUC03_SH_09","ILEMUC03_SH_09_HC_LP_LF","SH","CS2","HC","LF","LP","ILEMUC",50,50
"ILEMUC03_SH_10","ILEMUC03_SH_10_HC_HP_LF","SH","CL2","HC","LF","HP","ILEMUC",46,46
"ILEMUC03_SH_12","ILEMUC03_SH_12_HC_LP_HF","SH","WS2","HC","HF","LP","ILEMUC",57,57
"ILEMUC04_HF_02","ILEMUC04_HF_02_LC_HP_LF","HF","CL1","LC","LF","HP","ILEMUC",41,41
"ILEMUC04_HF_04","ILEMUC04_HF_04_HC_LP_LF","HF","CS2","HC","LF","LP","ILEMUC",46,46
"ILEMUC04_HF_08","ILEMUC04_HF_08_LC_LP_LF","HF","CS1","LC","LF","LP","ILEMUC",42,42
"ILEMUC04_HF_11","ILEMUC04_HF_11_LC_HP_HF","HF","WL1","LC","HF","HP","ILEMUC",41,41
"ILEMUC04_HF_12","ILEMUC04_HF_12_LC_LP_HF","HF","WS1","LC","HF","LP","ILEMUC",64,49
"ILEMUC04_SH_03","ILEMUC04_SH_03_LC_HP_HF","SH","WL1","LC","HF","HP","ILEMUC",41,41
"ILEMUC04_SH_04","ILEMUC04_SH_04_HC_HP_LF","SH","CL2","HC","LF","HP","ILEMUC",46,46
"ILEMUC04_SH_05","ILEMUC04_SH_05_LC_LP_LF","SH","CS1","LC","LF","LP","ILEMUC",48,48
"ILEMUC04_SH_07","ILEMUC04_SH_07_HC_LP_HF","SH","WS2","HC","HF","LP","ILEMUC",46,46
"ILEMUC04_SH_09","ILEMUC04_SH_09_LC_HP_LF","SH","CL1","LC","LF","HP","ILEMUC",46,41
"ILEMUC04_SH_10","ILEMUC04_SH_10_HC_HP_HF","SH","WL2","HC","HF","HP","ILEMUC",47,47
"ILEMUC04_SH_11","ILEMUC04_SH_11_HC_LP_LF","SH","CS2","HC","LF","LP","ILEMUC",46,46
"ILEMUC04_SH_12","ILEMUC04_SH_12_LC_LP_HF","SH","WS1","LC","HF","LP","ILEMUC",49,49
"ILEMUC05_HF_01","ILEMUC05_HF_01_LC_HP_HF","HF","WL1","LC","HF","HP","ILEMUC",41,41
"ILEMUC05_HF_02","ILEMUC05_HF_02_HC_HP_LF","HF","CL2","HC","LF","HP","ILEMUC",46,46
"ILEMUC05_HF_03","ILEMUC05_HF_03_HC_LP_LF","HF","CS2","HC","LF","LP","ILEMUC",46,56
"ILEMUC05_HF_04","ILEMUC05_HF_04_LC_LP_LF","HF","CS1","LC","LF","LP","ILEMUC",42,42
"ILEMUC05_HF_05","ILEMUC05_HF_05_LC_LP_HF","HF","WS1","LC","HF","LP","ILEMUC",49,49
"ILEMUC05_HF_07","ILEMUC05_HF_07_HC_HP_HF","HF","WL2","HC","HF","HP","ILEMUC",47,47
"ILEMUC05_HF_11","ILEMUC05_HF_11_HC_LP_HF","HF","WS2","HC","HF","LP","ILEMUC",46,46
"ILEMUC05_HF_12","ILEMUC05_HF_12_LC_HP_LF","HF","CL1","LC","LF","HP","ILEMUC",41,41
"ILEMUC05_SH_02","ILEMUC05_SH_02_HC_HP_HF","SH","WL2","HC","HF","HP","ILEMUC",47,47
"ILEMUC05_SH_04","ILEMUC05_SH_04_LC_HP_LF","SH","CL1","LC","LF","HP","ILEMUC",46,46
"ILEMUC05_SH_06","ILEMUC05_SH_06_HC_LP_HF","SH","WS2","HC","HF","LP","ILEMUC",89,57
"ILEMUC05_SH_07","ILEMUC05_SH_07_LC_LP_HF","SH","WS1","LC","HF","LP","ILEMUC",64,49
"ILEMUC05_SH_08","ILEMUC05_SH_08_LC_LP_LF","SH","CS1","LC","LF","LP","ILEMUC",77,48
"ILEMUC05_SH_09","ILEMUC05_SH_09_HC_HP_LF","SH","CL2","HC","LF","HP","ILEMUC",49,46
"ILEMUC05_SH_11","ILEMUC05_SH_11_LC_HP_HF","SH","WL1","LC","HF","HP","ILEMUC",41,41
"ILEMUC05_SH_12","ILEMUC05_SH_12_HC_LP_LF","SH","CS2","HC","LF","LP","ILEMUC",50,46
"ILEMUC06_HF_01","ILEMUC06_HF_01_LC_LP_HF","HF","WS1","LC","HF","LP","ILEMUC",57,57
"ILEMUC06_HF_03","ILEMUC06_HF_03_LC_HP_LF","HF","CL1","LC","LF","HP","ILEMUC",76,50
"ILEMUC06_HF_04","ILEMUC06_HF_04_HC_LP_LF","HF","CS2","HC","LF","LP","ILEMUC",63,63
"ILEMUC06_HF_06","ILEMUC06_HF_06_LC_LP_LF","HF","CS1","LC","LF","LP","ILEMUC",56,56
"ILEMUC06_HF_08","ILEMUC06_HF_08_HC_HP_HF","HF","WL2","HC","HF","HP","ILEMUC",47,53
"ILEMUC06_HF_09","ILEMUC06_HF_09_HC_HP_LF","HF","CL2","HC","LF","HP","ILEMUC",56,56
"ILEMUC06_HF_10","ILEMUC06_HF_10_HC_LP_HF","HF","WS2","HC","HF","LP","ILEMUC",89,89
"ILEMUC06_HF_11","ILEMUC06_HF_11_LC_HP_HF","HF","WL1","LC","HF","HP","ILEMUC",46,57
"ILEMUC06_SH_01","ILEMUC06_SH_01_LC_HP_LF","SH","CL1","LC","LF","HP","ILEMUC",46,46
"ILEMUC06_SH_02","ILEMUC06_SH_02_LC_LP_HF","SH","WS1","LC","HF","LP","ILEMUC",49,49
"ILEMUC06_SH_03","ILEMUC06_SH_03_LC_LP_LF","SH","CS1","LC","LF","LP","ILEMUC",48,48
"ILEMUC06_SH_04","ILEMUC06_SH_04_HC_HP_LF","SH","CL2","HC","LF","HP","ILEMUC",46,46
"ILEMUC06_SH_05","ILEMUC06_SH_05_HC_LP_HF","SH","WS2","HC","HF","LP","ILEMUC",57,57
"ILEMUC06_SH_08","ILEMUC06_SH_08_LC_HP_HF","SH","WL1","LC","HF","HP","ILEMUC",41,41
"ILEMUC06_SH_10","ILEMUC06_SH_10_HC_HP_HF","SH","WL2","HC","HF","HP","ILEMUC",47,47
"ILEMUC06_SH_12","ILEMUC06_SH_12_HC_LP_LF","SH","CS2","HC","LF","LP","ILEMUC",46,46
"ILEMUC07_HF_03","ILEMUC07_HF_03_HC_LP_HF","HF","WS2","HC","HF","LP","ILEMUC",46,46
"ILEMUC07_HF_04","ILEMUC07_HF_04_HC_LP_LF","HF","CS2","HC","LF","LP","ILEMUC",50,56
"ILEMUC07_HF_06","ILEMUC07_HF_06_LC_LP_LF","HF","CS1","LC","LF","LP","ILEMUC",42,42
"ILEMUC07_HF_07","ILEMUC07_HF_07_HC_HP_HF","HF","WL2","HC","HF","HP","ILEMUC",47,47
"ILEMUC07_HF_08","ILEMUC07_HF_08_LC_HP_LF","HF","CL1","LC","LF","HP","ILEMUC",41,41
"ILEMUC07_HF_09","ILEMUC07_HF_09_LC_LP_HF","HF","WS1","LC","HF","LP","ILEMUC",49,49
"ILEMUC07_HF_11","ILEMUC07_HF_11_LC_HP_HF","HF","WL1","LC","HF","HP","ILEMUC",41,41
"ILEMUC07_HF_12","ILEMUC07_HF_12_HC_HP_LF","HF","CL2","HC","LF","HP","ILEMUC",46,46
"ILEMUC07_SH_03","ILEMUC07_SH_03_LC_LP_HF","SH","WS1","LC","HF","LP","ILEMUC",49,49
"ILEMUC07_SH_04","ILEMUC07_SH_04_LC_LP_LF","SH","CS1","LC","LF","LP","ILEMUC",48,48
"ILEMUC07_SH_05","ILEMUC07_SH_05_HC_LP_HF","SH","WS2","HC","HF","LP","ILEMUC",46,46
"ILEMUC07_SH_06","ILEMUC07_SH_06_HC_LP_LF","SH","CS2","HC","LF","LP","ILEMUC",46,50
"ILEMUC07_SH_08","ILEMUC07_SH_08_LC_HP_LF","SH","CL1","LC","LF","HP","ILEMUC",41,41
"ILEMUC07_SH_09","ILEMUC07_SH_09_LC_HP_HF","SH","WL1","LC","HF","HP","ILEMUC",41,41
"ILEMUC07_SH_10","ILEMUC07_SH_10_HC_HP_LF","SH","CL2","HC","LF","HP","ILEMUC",46,46
"ILEMUC07_SH_11","ILEMUC07_SH_11_HC_HP_HF","SH","WL2","HC","HF","HP","ILEMUC",47,53
"ILEMUC08_HF_01","ILEMUC08_HF_01_HC_HP_LF","HF","CL2","HC","LF","HP","ILEMUC",46,56
"ILEMUC08_HF_02","ILEMUC08_HF_02_HC_LP_HF","HF","WS2","HC","HF","LP","ILEMUC",57,83
"ILEMUC08_HF_04","ILEMUC08_HF_04_HC_LP_LF","HF","CS2","HC","LF","LP","ILEMUC",46,46
"ILEMUC08_HF_05","ILEMUC08_HF_05_LC_LP_LF","HF","CS1","LC","LF","LP","ILEMUC",48,48
"ILEMUC08_HF_07","ILEMUC08_HF_07_LC_LP_HF","HF","WS1","LC","HF","LP","ILEMUC",49,49
"ILEMUC08_HF_09","ILEMUC08_HF_09_LC_HP_HF","HF","WL1","LC","HF","HP","ILEMUC",41,41
"ILEMUC08_HF_10","ILEMUC08_HF_10_LC_HP_LF","HF","CL1","LC","LF","HP","ILEMUC",41,41
"ILEMUC08_HF_12","ILEMUC08_HF_12_HC_HP_HF","HF","WL2","HC","HF","HP","ILEMUC",47,47
"POPGRA01_SH_01","POPGRA01_SH_01_LC_LP_LF","SH","CS1","LC","LF","LP","POPGRA",48,48
"POPGRA01_SH_10","POPGRA01_SH_10_LC_LP_HF","SH","WS1","LC","HF","LP","POPGRA",57,83
"POPGRA02_HF_01","POPGRA02_HF_01_LC_HP_LF","HF","CL1","LC","LF","HP","POPGRA",50,50
"POPGRA02_HF_02","POPGRA02_HF_02_LC_LP_LF","HF","CS1","LC","LF","LP","POPGRA",42,48
"POPGRA02_HF_04","POPGRA02_HF_04_HC_HP_HF","HF","WL2","HC","HF","HP","POPGRA",47,47
"POPGRA02_HF_10","POPGRA02_HF_10_LC_LP_HF","HF","WS1","LC","HF","LP","POPGRA",49,49
"POPGRA02_HF_11","POPGRA02_HF_11_LC_HP_HF","HF","WL1","LC","HF","HP","POPGRA",41,41
"POPGRA02_SH_02","POPGRA02_SH_02_LC_LP_HF","SH","WS1","LC","HF","LP","POPGRA",57,49
"POPGRA02_SH_05","POPGRA02_SH_05_HC_LP_LF","SH","CS2","HC","LF","LP","POPGRA",56,56
"POPGRA02_SH_06","POPGRA02_SH_06_LC_HP_LF","SH","CL1","LC","LF","HP","POPGRA",70,70
"POPGRA02_SH_07","POPGRA02_SH_07_HC_HP_LF","SH","CL2","HC","LF","HP","POPGRA",56,56
"POPGRA02_SH_12","POPGRA02_SH_12_HC_HP_HF","SH","WL2","HC","HF","HP","POPGRA",47,47
"POPGRA03_HF_02","POPGRA03_HF_02_HC_HP_LF","HF","CL2","HC","LF","HP","POPGRA",56,63
"POPGRA03_HF_06","POPGRA03_HF_06_HC_HP_HF","HF","WL2","HC","HF","HP","POPGRA",53,60
"POPGRA03_HF_08","POPGRA03_HF_08_LC_HP_HF","HF","WL1","LC","HF","HP","POPGRA",57,57
"POPGRA03_HF_09","POPGRA03_HF_09_HC_LP_HF","HF","WS2","HC","HF","LP","POPGRA",83,57
"POPGRA03_HF_10","POPGRA03_HF_10_LC_LP_LF","HF","CS1","LC","LF","LP","POPGRA",56,56
"POPGRA03_HF_11","POPGRA03_HF_11_LC_HP_LF","HF","CL1","LC","LF","HP","POPGRA",63,63
"POPGRA03_HF_12","POPGRA03_HF_12_LC_LP_HF","HF","WS1","LC","HF","LP","POPGRA",57,57
"POPGRA04_SH_01","POPGRA04_SH_01_HC_LP_LF","SH","CS2","HC","LF","LP","POPGRA",63,77
"POPGRA04_SH_08","POPGRA04_SH_08_LC_HP_LF","SH","CL1","LC","LF","HP","POPGRA",63,63
"POPGRA05_SH_02","POPGRA05_SH_02_LC_LP_LF","SH","CS1","LC","LF","LP","POPGRA",56,63
"POPGRA05_SH_06","POPGRA05_SH_06_LC_LP_HF","SH","WS1","LC","HF","LP","POPGRA",49,71
"POPGRA05_SH_10","POPGRA05_SH_10_LC_HP_HF","SH","WL1","LC","HF","HP","POPGRA",46,64
"POPGRA05_SH_11","POPGRA05_SH_11_LC_HP_LF","SH","CL1","LC","LF","HP","POPGRA",46,50
"POPGRA06_HF_02","POPGRA06_HF_02_LC_LP_HF","HF","WS1","LC","HF","LP","POPGRA",57,57
"POPGRA06_HF_04","POPGRA06_HF_04_HC_LP_LF","HF","CS2","HC","LF","LP","POPGRA",77,85
"POPGRA06_SH_01","POPGRA06_SH_01_HC_HP_HF","SH","WL2","HC","HF","HP","POPGRA",47,47
"POPGRA06_SH_03","POPGRA06_SH_03_LC_HP_HF","SH","WL1","LC","HF","HP","POPGRA",50,57
"POPGRA06_SH_05","POPGRA06_SH_05_LC_LP_HF","SH","WS1","LC","HF","LP","POPGRA",57,57
"POPGRA06_SH_11","POPGRA06_SH_11_LC_HP_LF","SH","CL1","LC","LF","HP","POPGRA",55,55
"POPGRA07_HF_01","POPGRA07_HF_01_LC_HP_LF","HF","CL1","LC","LF","HP","POPGRA",63,63
"POPGRA07_HF_08","POPGRA07_HF_08_LC_HP_HF","HF","WL1","LC","HF","HP","POPGRA",64,57
"POPGRA08_SH_01","POPGRA08_SH_01_LC_HP_HF","SH","WL1","LC","HF","HP","POPGRA",46,46
"POPGRA08_SH_02","POPGRA08_SH_02_LC_LP_HF","SH","WS1","LC","HF","LP","POPGRA",49,49
"POPGRA08_SH_04","POPGRA08_SH_04_LC_HP_LF","SH","CL1","LC","LF","HP","POPGRA",46,46
"POPGRA08_SH_06","POPGRA08_SH_06_HC_HP_LF","SH","CL2","HC","LF","HP","POPGRA",56,56
"POPGRA08_SH_07","POPGRA08_SH_07_LC_LP_LF","SH","CS1","LC","LF","LP","POPGRA",56,48
"POPGRA08_SH_08","POPGRA08_SH_08_HC_LP_LF","SH","CS2","HC","LF","LP","POPGRA",56,63
"QUERUB04_SH_01","QUERUB04_SH_01_LC_HP_HF","SH","WL1","LC","HF","HP","QUERUB",50,50
"QUERUB04_SH_02","QUERUB04_SH_02_HC_LP_LF","SH","CS2","HC","LF","LP","QUERUB",63,63
"QUERUB04_SH_05","QUERUB04_SH_05_LC_LP_HF","SH","WS1","LC","HF","LP","QUERUB",57,57
"QUERUB04_SH_06","QUERUB04_SH_06_LC_HP_LF","SH","CL1","LC","LF","HP","QUERUB",55,63
"QUERUB04_SH_08","QUERUB04_SH_08_HC_HP_HF","SH","WL2","HC","HF","HP","QUERUB",53,53
"QUERUB04_SH_10","QUERUB04_SH_10_HC_LP_HF","SH","WS2","HC","HF","LP","QUERUB",64,74
"QUERUB04_SH_12","QUERUB04_SH_12_LC_LP_LF","SH","CS1","LC","LF","LP","QUERUB",56,56
"QUERUB05_SH_03","QUERUB05_SH_03_LC_LP_HF","SH","WS1","LC","HF","LP","QUERUB",57,64
"QUERUB05_SH_05","QUERUB05_SH_05_HC_LP_HF","SH","WS2","HC","HF","LP","QUERUB",64,83
"QUERUB05_SH_06","QUERUB05_SH_06_HC_HP_LF","SH","CL2","HC","LF","HP","QUERUB",56,70
"QUERUB05_SH_08","QUERUB05_SH_08_HC_HP_HF","SH","WL2","HC","HF","HP","QUERUB",60,60
"QUERUB05_SH_10","QUERUB05_SH_10_LC_LP_LF","SH","CS1","LC","LF","LP","QUERUB",77,56
"QUERUB06_SH_04","QUERUB06_SH_04_HC_HP_HF","SH","WL2","HC","HF","HP","QUERUB",60,69
"QUERUB06_SH_11","QUERUB06_SH_11_LC_LP_HF","SH","WS1","LC","HF","LP","QUERUB",57,57
"QUERUB06_SH_12","QUERUB06_SH_12_LC_HP_LF","SH","CL1","LC","LF","HP","QUERUB",55,55
"QUERUB07_SH_02","QUERUB07_SH_02_HC_LP_LF","SH","CS2","HC","LF","LP","QUERUB",56,85
"QUERUB08_SH_05","QUERUB08_SH_05_LC_HP_HF","SH","WL1","LC","HF","HP","QUERUB",64,57
"QUERUB08_SH_08","QUERUB08_SH_08_HC_HP_HF","SH","WL2","HC","HF","HP","QUERUB",47,47
"QUERUB08_SH_10","QUERUB08_SH_10_LC_HP_LF","SH","CL1","LC","LF","HP","QUERUB",63,76
"QUERUB08_SH_11","QUERUB08_SH_11_LC_LP_LF","SH","CS1","LC","LF","LP","QUERUB",63,85
"QUERUB08_SH_12","QUERUB08_SH_12_HC_LP_HF","SH","WS2","HC","HF","LP","QUERUB",64,83
"QUERUB10_SH_05","QUERUB10_SH_05_LC_HP_HF","SH","WL1","LC","HF","HP","QUERUB",71,57
"QUERUB15_HF_02","QUERUB15_HF_02_LC_LP_LF","HF","CS1","LC","LF","LP","QUERUB",63,63
"QUERUB15_HF_03","QUERUB15_HF_03_LC_HP_HF","HF","WL1","LC","HF","HP","QUERUB",57,57
"QUERUB15_HF_04","QUERUB15_HF_04_HC_LP_HF","HF","WS2","HC","HF","LP","QUERUB",64,74
"QUERUB15_HF_05","QUERUB15_HF_05_HC_HP_LF","HF","CL2","HC","LF","HP","QUERUB",56,63
"QUERUB15_HF_08","QUERUB15_HF_08_HC_HP_HF","HF","WL2","HC","HF","HP","QUERUB",60,60
"QUERUB15_HF_09","QUERUB15_HF_09_LC_HP_LF","HF","CL1","LC","LF","HP","QUERUB",55,90
"QUERUB15_HF_12","QUERUB15_HF_12_HC_LP_LF","HF","CS2","HC","LF","LP","QUERUB",77,77
"QUERUB16_HF_02","QUERUB16_HF_02_LC_LP_HF","HF","WS1","LC","HF","LP","QUERUB",57,57
"QUERUB16_HF_03","QUERUB16_HF_03_LC_LP_LF","HF","CS1","LC","LF","LP","QUERUB",56,77
"QUERUB16_HF_04","QUERUB16_HF_04_HC_LP_HF","HF","WS2","HC","HF","LP","QUERUB",64,64
"QUERUB16_HF_06","QUERUB16_HF_06_HC_HP_LF","HF","CL2","HC","LF","HP","QUERUB",56,56
"QUERUB16_HF_07","QUERUB16_HF_07_LC_HP_LF","HF","CL1","LC","LF","HP","QUERUB",55,55
"QUERUB16_HF_09","QUERUB16_HF_09_HC_LP_LF","HF","CS2","HC","LF","LP","QUERUB",63,77
"QUERUB16_HF_11","QUERUB16_HF_11_HC_HP_HF","HF","WL2","HC","HF","HP","QUERUB",60,60
"QUERUB17_HF_03","QUERUB17_HF_03_LC_HP_HF","HF","WL1","LC","HF","HP","QUERUB",64,64
"QUERUB17_HF_04","QUERUB17_HF_04_HC_LP_LF","HF","CS2","HC","LF","LP","QUERUB",63,63
"QUERUB17_HF_09","QUERUB17_HF_09_HC_HP_LF","HF","CL2","HC","LF","HP","QUERUB",56,56
"QUERUB17_HF_11","QUERUB17_HF_11_LC_LP_LF","HF","CS1","LC","LF","LP","QUERUB",77,63
"QUERUB17_HF_12","QUERUB17_HF_12_LC_HP_LF","HF","CL1","LC","LF","HP","QUERUB",55,55
"QUERUB20_HF_01","QUERUB20_HF_01_HC_LP_HF","HF","WS2","HC","HF","LP","QUERUB",64,64
"QUERUB20_HF_02","QUERUB20_HF_02_LC_HP_HF","HF","WL1","LC","HF","HP","QUERUB",57,57
"QUERUB20_HF_03","QUERUB20_HF_03_HC_HP_HF","HF","WL2","HC","HF","HP","QUERUB",60,60
"QUERUB20_HF_04","QUERUB20_HF_04_LC_LP_LF","HF","CS1","LC","LF","LP","QUERUB",63,63
"QUERUB20_HF_05","QUERUB20_HF_05_HC_HP_LF","HF","CL2","HC","LF","HP","QUERUB",70,70
"QUERUB20_HF_06","QUERUB20_HF_06_LC_HP_LF","HF","CL1","LC","LF","HP","QUERUB",63,63
"QUERUB20_HF_08","QUERUB20_HF_08_HC_LP_LF","HF","CS2","HC","LF","LP","QUERUB",77,77
"QUERUB20_HF_12","QUERUB20_HF_12_LC_LP_HF","HF","WS1","LC","HF","LP","QUERUB",57,57
"QUERUB21_HF_02","QUERUB21_HF_02_HC_HP_LF","HF","CL2","HC","LF","HP","QUERUB",70,70
"QUERUB21_HF_06","QUERUB21_HF_06_LC_HP_HF","HF","WL1","LC","HF","HP","QUERUB",57,57
"QUERUB21_HF_08","QUERUB21_HF_08_HC_LP_HF","HF","WS2","HC","HF","LP","QUERUB",74,74
"QUERUB21_HF_09","QUERUB21_HF_09_HC_LP_LF","HF","CS2","HC","LF","LP","QUERUB",77,85
"QUERUB21_HF_10","QUERUB21_HF_10_LC_LP_LF","HF","CS1","LC","LF","LP","QUERUB",77,85
"QUERUB21_HF_11","QUERUB21_HF_11_HC_HP_HF","HF","WL2","HC","HF","HP","QUERUB",60,60
"QUERUB21_HF_12","QUERUB21_HF_12_LC_HP_LF","HF","CL1","LC","LF","HP","QUERUB",63,90
"QUERUB23_HF_01","QUERUB23_HF_01_HC_HP_HF","HF","WL2","HC","HF","HP","QUERUB",60,60
"QUERUB23_HF_04","QUERUB23_HF_04_LC_HP_HF","HF","WL1","LC","HF","HP","QUERUB",64,64
"QUERUB23_HF_09","QUERUB23_HF_09_LC_HP_LF","HF","CL1","LC","LF","HP","QUERUB",70,63
"QUERUB23_HF_10","QUERUB23_HF_10_HC_HP_LF","HF","CL2","HC","LF","HP","QUERUB",70,70
"QUERUB23_HF_11","QUERUB23_HF_11_LC_LP_HF","HF","WS1","LC","HF","LP","QUERUB",64,57
"QUERUB23_HF_12","QUERUB23_HF_12_LC_LP_LF","HF","CS1","LC","LF","LP","QUERUB",77,77
"VIBCAS01_SH_02","VIBCAS01_SH_02_LC_LP_HF","SH","WS1","LC","HF","LP","VIBCAS",49,49
"VIBCAS01_SH_03","VIBCAS01_SH_03_LC_LP_LF","SH","CS1","LC","LF","LP","VIBCAS",48,77
"VIBCAS01_SH_05","VIBCAS01_SH_05_HC_LP_LF","SH","CS2","HC","LF","LP","VIBCAS",46,50
"VIBCAS01_SH_06","VIBCAS01_SH_06_HC_LP_HF","SH","WS2","HC","HF","LP","VIBCAS",57,57
"VIBCAS01_SH_07","VIBCAS01_SH_07_LC_HP_LF","SH","CL1","LC","LF","HP","VIBCAS",50,46
"VIBCAS01_SH_09","VIBCAS01_SH_09_HC_HP_LF","SH","CL2","HC","LF","HP","VIBCAS",46,49
"VIBCAS01_SH_12","VIBCAS01_SH_12_LC_HP_HF","SH","WL1","LC","HF","HP","VIBCAS",41,46
"VIBCAS02_HF_04","VIBCAS02_HF_04_LC_HP_LF","HF","CL1","LC","LF","HP","VIBCAS",63,41
"VIBCAS02_HF_07","VIBCAS02_HF_07_LC_LP_LF","HF","CS1","LC","LF","LP","VIBCAS",42,42
"VIBCAS02_HF_08","VIBCAS02_HF_08_LC_LP_HF","HF","WS1","LC","HF","LP","VIBCAS",57,49
"VIBCAS02_HF_12","VIBCAS02_HF_12_LC_HP_HF","HF","WL1","LC","HF","HP","VIBCAS",41,41
"VIBCAS04_HF_01","VIBCAS04_HF_01_HC_LP_LF","HF","CS2","HC","LF","LP","VIBCAS",85,46
"VIBCAS04_HF_03","VIBCAS04_HF_03_HC_HP_LF","HF","CL2","HC","LF","HP","VIBCAS",46,56
"VIBCAS04_HF_04","VIBCAS04_HF_04_LC_LP_HF","HF","WS1","LC","HF","LP","VIBCAS",49,49
"VIBCAS04_HF_06","VIBCAS04_HF_06_LC_HP_HF","HF","WL1","LC","HF","HP","VIBCAS",46,41
"VIBCAS04_HF_09","VIBCAS04_HF_09_LC_LP_LF","HF","CS1","LC","LF","LP","VIBCAS",48,48
"VIBCAS04_HF_10","VIBCAS04_HF_10_HC_HP_HF","HF","WL2","HC","HF","HP","VIBCAS",47,47
"VIBCAS04_HF_11","VIBCAS04_HF_11_HC_LP_HF","HF","WS2","HC","HF","LP","VIBCAS",46,46
"VIBCAS04_HF_12","VIBCAS04_HF_12_LC_HP_LF","HF","CL1","LC","LF","HP","VIBCAS",41,41
"VIBCAS04_SH_01","VIBCAS04_SH_01_LC_HP_HF","SH","WL1","LC","HF","HP","VIBCAS",41,41
"VIBCAS04_SH_06","VIBCAS04_SH_06_HC_LP_LF","SH","CS2","HC","LF","LP","VIBCAS",50,50
"VIBCAS04_SH_08","VIBCAS04_SH_08_HC_HP_LF","SH","CL2","HC","LF","HP","VIBCAS",49,56
"VIBCAS04_SH_09","VIBCAS04_SH_09_LC_LP_LF","SH","CS1","LC","LF","LP","VIBCAS",48,48
"VIBCAS04_SH_10","VIBCAS04_SH_10_LC_HP_LF","SH","CL1","LC","LF","HP","VIBCAS",46,41
"VIBCAS04_SH_11","VIBCAS04_SH_11_LC_LP_HF","SH","WS1","LC","HF","LP","VIBCAS",49,49
"VIBCAS04_SH_12","VIBCAS04_SH_12_HC_LP_HF","SH","WS2","HC","HF","LP","VIBCAS",83,57
"VIBCAS05_SH_01","VIBCAS05_SH_01_HC_LP_LF","SH","CS2","HC","LF","LP","VIBCAS",77,50
"VIBCAS05_SH_02","VIBCAS05_SH_02_LC_HP_LF","SH","CL1","LC","LF","HP","VIBCAS",76,46
"VIBCAS05_SH_03","VIBCAS05_SH_03_HC_LP_HF","SH","WS2","HC","HF","LP","VIBCAS",57,57
"VIBCAS05_SH_04","VIBCAS05_SH_04_LC_LP_LF","SH","CS1","LC","LF","LP","VIBCAS",63,56
"VIBCAS05_SH_06","VIBCAS05_SH_06_LC_HP_HF","SH","WL1","LC","HF","HP","VIBCAS",46,41
"VIBCAS05_SH_07","VIBCAS05_SH_07_HC_HP_LF","SH","CL2","HC","LF","HP","VIBCAS",46,46
"VIBCAS05_SH_10","VIBCAS05_SH_10_HC_HP_HF","SH","WL2","HC","HF","HP","VIBCAS",47,47
"VIBCAS06_SH_02","VIBCAS06_SH_02_HC_HP_HF","SH","WL2","HC","HF","HP","VIBCAS",69,47
"VIBCAS06_SH_04","VIBCAS06_SH_04_LC_HP_HF","SH","WL1","LC","HF","HP","VIBCAS",50,46
"VIBCAS06_SH_06","VIBCAS06_SH_06_LC_HP_LF","SH","CL1","LC","LF","HP","VIBCAS",46,41
"VIBCAS06_SH_07","VIBCAS06_SH_07_LC_LP_LF","SH","CS1","LC","LF","LP","VIBCAS",63,56
"VIBCAS06_SH_11","VIBCAS06_SH_11_LC_LP_HF","SH","WS1","LC","HF","LP","VIBCAS",57,49
"VIBCAS06_SH_12","VIBCAS06_SH_12_HC_LP_HF","SH","WS2","HC","HF","LP","VIBCAS",57,57
"VIBCAS07_HF_01","VIBCAS07_HF_01_HC_LP_HF","HF","WS2","HC","HF","LP","VIBCAS",57,74
"VIBCAS07_HF_03","VIBCAS07_HF_03_LC_LP_HF","HF","WS1","LC","HF","LP","VIBCAS",49,49
"VIBCAS07_HF_05","VIBCAS07_HF_05_LC_HP_LF","HF","CL1","LC","LF","HP","VIBCAS",41,46
"VIBCAS07_HF_06","VIBCAS07_HF_06_HC_LP_LF","HF","CS2","HC","LF","LP","VIBCAS",77,46
"VIBCAS07_HF_07","VIBCAS07_HF_07_HC_HP_LF","HF","CL2","HC","LF","HP","VIBCAS",46,46
"VIBCAS07_HF_09","VIBCAS07_HF_09_LC_LP_LF","HF","CS1","LC","LF","LP","VIBCAS",48,48
"VIBCAS07_HF_10","VIBCAS07_HF_10_LC_HP_HF","HF","WL1","LC","HF","HP","VIBCAS",46,41
"VIBCAS07_HF_12","VIBCAS07_HF_12_HC_HP_HF","HF","WL2","HC","HF","HP","VIBCAS",69,53
"VIBCAS07_SH_01","VIBCAS07_SH_01_LC_HP_HF","SH","WL1","LC","HF","HP","VIBCAS",41,41
"VIBCAS07_SH_02","VIBCAS07_SH_02_LC_LP_LF","SH","CS1","LC","LF","LP","VIBCAS",48,48
"VIBCAS07_SH_04","VIBCAS07_SH_04_LC_HP_LF","SH","CL1","LC","LF","HP","VIBCAS",46,50
"VIBCAS07_SH_05","VIBCAS07_SH_05_HC_HP_LF","SH","CL2","HC","LF","HP","VIBCAS",49,49
"VIBCAS07_SH_06","VIBCAS07_SH_06_HC_LP_LF","SH","CS2","HC","LF","LP","VIBCAS",56,63
"VIBCAS07_SH_07","VIBCAS07_SH_07_HC_LP_HF","SH","WS2","HC","HF","LP","VIBCAS",57,57
"VIBCAS07_SH_08","VIBCAS07_SH_08_HC_HP_HF","SH","WL2","HC","HF","HP","VIBCAS",60,60
"VIBCAS07_SH_12","VIBCAS07_SH_12_LC_LP_HF","SH","WS1","LC","HF","LP","VIBCAS",49,49
"VIBCAS08_HF_02","VIBCAS08_HF_02_HC_LP_LF","HF","CS2","HC","LF","LP","VIBCAS",50,56
"VIBCAS08_HF_03","VIBCAS08_HF_03_HC_HP_LF","HF","CL2","HC","LF","HP","VIBCAS",46,56
"VIBCAS08_HF_05","VIBCAS08_HF_05_HC_LP_HF","HF","WS2","HC","HF","LP","VIBCAS",57,57
"VIBCAS08_HF_06","VIBCAS08_HF_06_LC_LP_LF","HF","CS1","LC","LF","LP","VIBCAS",63,56
"VIBCAS08_HF_07","VIBCAS08_HF_07_LC_HP_HF","HF","WL1","LC","HF","HP","VIBCAS",46,46
"VIBCAS08_HF_09","VIBCAS08_HF_09_LC_HP_LF","HF","CL1","LC","LF","HP","VIBCAS",63,46
"VIBCAS08_HF_12","VIBCAS08_HF_12_HC_HP_HF","HF","WL2","HC","HF","HP","VIBCAS",47,47
"VIBCAS08_SH_02","VIBCAS08_SH_02_LC_LP_HF","SH","WS1","LC","HF","LP","VIBCAS",83,57
"VIBCAS08_SH_05","VIBCAS08_SH_05_LC_LP_LF","SH","CS1","LC","LF","LP","VIBCAS",56,77
"VIBCAS08_SH_06","VIBCAS08_SH_06_HC_HP_LF","SH","CL2","HC","LF","HP","VIBCAS",76,70
"VIBCAS08_SH_07","VIBCAS08_SH_07_LC_HP_HF","SH","WL1","LC","HF","HP","VIBCAS",41,41
"VIBCAS08_SH_08","VIBCAS08_SH_08_HC_LP_HF","SH","WS2","HC","HF","LP","VIBCAS",57,83
"VIBCAS08_SH_10","VIBCAS08_SH_10_HC_LP_LF","SH","CS2","HC","LF","LP","VIBCAS",77,85
"VIBCAS08_SH_11","VIBCAS08_SH_11_HC_HP_HF","SH","WL2","HC","HF","HP","VIBCAS",47,47
"VIBCAS08_SH_12","VIBCAS08_SH_12_LC_HP_LF","SH","CL1","LC","LF","HP","VIBCAS",90,46
"VIBCAS10_HF_04","VIBCAS10_HF_04_LC_HP_HF","HF","WL1","LC","HF","HP","VIBCAS",71,46
"VIBCAS10_HF_05","VIBCAS10_HF_05_HC_LP_HF","HF","WS2","HC","HF","LP","VIBCAS",57,46
"VIBCAS10_HF_07","VIBCAS10_HF_07_LC_HP_LF","HF","CL1","LC","LF","HP","VIBCAS",46,55
"VIBCAS10_HF_08","VIBCAS10_HF_08_LC_LP_HF","HF","WS1","LC","HF","LP","VIBCAS",89,49
"VIBCAS10_HF_11","VIBCAS10_HF_11_HC_HP_LF","HF","CL2","HC","LF","HP","VIBCAS",46,56
"VIBLAN02_SH_03","VIBLAN02_SH_03_HC_LP_HF","SH","WS2","HC","HF","LP","VIBLAN",64,57
"VIBLAN02_SH_04","VIBLAN02_SH_04_HC_HP_HF","SH","WL2","HC","HF","HP","VIBLAN",60,60
"VIBLAN03_HF_02","VIBLAN03_HF_02_LC_HP_LF","HF","CL1","LC","LF","HP","VIBLAN",55,55
"VIBLAN03_HF_07","VIBLAN03_HF_07_LC_HP_HF","HF","WL1","LC","HF","HP","VIBLAN",46,57
"VIBLAN03_HF_12","VIBLAN03_HF_12_HC_HP_HF","HF","WL2","HC","HF","HP","VIBLAN",69,53
"VIBLAN04_HF_01","VIBLAN04_HF_01_LC_LP_LF","HF","CS1","LC","LF","LP","VIBLAN",77,77
"VIBLAN04_HF_10","VIBLAN04_HF_10_LC_LP_HF","HF","WS1","LC","HF","LP","VIBLAN",57,57
"VIBLAN04_HF_12","VIBLAN04_HF_12_HC_LP_HF","HF","WS2","HC","HF","LP","VIBLAN",64,83
"VIBLAN04_SH_03","VIBLAN04_SH_03_LC_HP_HF","SH","WL1","LC","HF","HP","VIBLAN",46,71
"VIBLAN04_SH_04","VIBLAN04_SH_04_LC_HP_LF","SH","CL1","LC","LF","HP","VIBLAN",55,90
"VIBLAN04_SH_08","VIBLAN04_SH_08_LC_LP_LF","SH","CS1","LC","LF","LP","VIBLAN",56,56
"VIBLAN05_SH_02","VIBLAN05_SH_02_HC_LP_LF","SH","CS2","HC","LF","LP","VIBLAN",63,77
"VIBLAN05_SH_04","VIBLAN05_SH_04_LC_HP_HF","SH","WL1","LC","HF","HP","VIBLAN",46,71
"VIBLAN05_SH_05","VIBLAN05_SH_05_LC_HP_LF","SH","CL1","LC","LF","HP","VIBLAN",50,55
"VIBLAN05_SH_06","VIBLAN05_SH_06_LC_LP_HF","SH","WS1","LC","HF","LP","VIBLAN",57,49
"VIBLAN05_SH_07","VIBLAN05_SH_07_HC_HP_HF","SH","WL2","HC","HF","HP","VIBLAN",60,47
"VIBLAN05_SH_08","VIBLAN05_SH_08_HC_HP_LF","SH","CL2","HC","LF","HP","VIBLAN",46,56
"VIBLAN05_SH_10","VIBLAN05_SH_10_HC_LP_HF","SH","WS2","HC","HF","LP","VIBLAN",57,57
"VIBLAN06_SH_01","VIBLAN06_SH_01_LC_LP_HF","SH","WS1","LC","HF","LP","VIBLAN",57,57
"VIBLAN06_SH_02","VIBLAN06_SH_02_LC_HP_LF","SH","CL1","LC","LF","HP","VIBLAN",50,50
"VIBLAN06_SH_03","VIBLAN06_SH_03_HC_HP_LF","SH","CL2","HC","LF","HP","VIBLAN",49,56
"VIBLAN06_SH_07","VIBLAN06_SH_07_LC_HP_HF","SH","WL1","LC","HF","HP","VIBLAN",46,71
"VIBLAN06_SH_09","VIBLAN06_SH_09_HC_LP_HF","SH","WS2","HC","HF","LP","VIBLAN",74,64
"VIBLAN07_SH_02","VIBLAN07_SH_02_LC_LP_HF","SH","WS1","LC","HF","LP","VIBLAN",57,89
"VIBLAN07_SH_10","VIBLAN07_SH_10_LC_LP_LF","SH","CS1","LC","LF","LP","VIBLAN",63,63
"VIBLAN07_SH_12","VIBLAN07_SH_12_LC_HP_HF","SH","WL1","LC","HF","HP","VIBLAN",50,57
"VIBLAN09_HF_01","VIBLAN09_HF_01_LC_HP_HF","HF","WL1","LC","HF","HP","VIBLAN",46,71
"VIBLAN09_HF_03","VIBLAN09_HF_03_HC_LP_HF","HF","WS2","HC","HF","LP","VIBLAN",57,83
"VIBLAN09_HF_05","VIBLAN09_HF_05_HC_HP_LF","HF","CL2","HC","LF","HP","VIBLAN",49,56
"VIBLAN09_HF_08","VIBLAN09_HF_08_HC_HP_HF","HF","WL2","HC","HF","HP","VIBLAN",60,60
"VIBLAN09_HF_09","VIBLAN09_HF_09_HC_LP_LF","HF","CS2","HC","LF","LP","VIBLAN",77,63
"VIBLAN09_HF_10","VIBLAN09_HF_10_LC_LP_HF","HF","WS1","LC","HF","LP","VIBLAN",57,57
"VIBLAN09_HF_11","VIBLAN09_HF_11_LC_HP_LF","HF","CL1","LC","LF","HP","VIBLAN",55,55
"VIBLAN09_HF_12","VIBLAN09_HF_12_LC_LP_LF","HF","CS1","LC","LF","LP","VIBLAN",56,63
"VIBLAN09_SH_03","VIBLAN09_SH_03_LC_HP_HF","SH","WL1","LC","HF","HP","VIBLAN",46,57
"VIBLAN09_SH_06","VIBLAN09_SH_06_LC_LP_HF","SH","WS1","LC","HF","LP","VIBLAN",49,57
"VIBLAN09_SH_07","VIBLAN09_SH_07_HC_LP_LF","SH","CS2","HC","LF","LP","VIBLAN",50,56
"VIBLAN09_SH_08","VIBLAN09_SH_08_LC_HP_LF","SH","CL1","LC","LF","HP","VIBLAN",46,46
"VIBLAN09_SH_09","VIBLAN09_SH_09_HC_HP_LF","SH","CL2","HC","LF","HP","VIBLAN",49,46
"VIBLAN09_SH_10","VIBLAN09_SH_10_HC_HP_HF","SH","WL2","HC","HF","HP","VIBLAN",53,53
"VIBLAN10_HF_01","VIBLAN10_HF_01_LC_HP_LF","HF","CL1","LC","LF","HP","VIBLAN",84,55
"VIBLAN10_HF_03","VIBLAN10_HF_03_LC_HP_HF","HF","WL1","LC","HF","HP","VIBLAN",50,71
"VIBLAN10_HF_04","VIBLAN10_HF_04_HC_HP_LF","HF","CL2","HC","LF","HP","VIBLAN",70,63
"VIBLAN10_HF_05","VIBLAN10_HF_05_HC_LP_HF","HF","WS2","HC","HF","LP","VIBLAN",89,83
"VIBLAN10_HF_06","VIBLAN10_HF_06_LC_LP_HF","HF","WS1","LC","HF","LP","VIBLAN",57,57
"VIBLAN10_HF_08","VIBLAN10_HF_08_HC_HP_HF","HF","WL2","HC","HF","HP","VIBLAN",60,69
"VIBLAN10_HF_10","VIBLAN10_HF_10_HC_LP_LF","HF","CS2","HC","LF","LP","VIBLAN",77,63
"VIBLAN10_HF_12","VIBLAN10_HF_12_LC_LP_LF","HF","CS1","LC","LF","LP","VIBLAN",63,63
"VIBLAN11_HF_04","VIBLAN11_HF_04_LC_LP_LF","HF","CS1","LC","LF","LP","VIBLAN",63,63
"VIBLAN11_HF_07","VIBLAN11_HF_07_HC_LP_HF","HF","WS2","HC","HF","LP","VIBLAN",64,74
"VIBLAN11_HF_10","VIBLAN11_HF_10_LC_LP_HF","HF","WS1","LC","HF","LP","VIBLAN",89,64
"VIBLAN11_HF_11","VIBLAN11_HF_11_LC_HP_HF","HF","WL1","LC","HF","HP","VIBLAN",46,71
"VIBLAN12_HF_03","VIBLAN12_HF_03_LC_HP_HF","HF","WL1","LC","HF","HP","VIBLAN",57,71
"VIBLAN12_HF_07","VIBLAN12_HF_07_LC_HP_LF","HF","CL1","LC","LF","HP","VIBLAN",55,55
"VIBLAN12_HF_10","VIBLAN12_HF_10_LC_LP_LF","HF","CS1","LC","LF","LP","VIBLAN",63,56
"ACEPEN02_HF_01","ACEPEN02_HF_01_LC_LP_LF","HF","CS1","LC","LF","LP","ACEPEN",42,NA
"ACEPEN02_HF_03","ACEPEN02_HF_03_HC_LP_LF","HF","CS2","HC","LF","LP","ACEPEN",46,NA
"ACEPEN02_HF_07","ACEPEN02_HF_07_HC_HP_LF","HF","CL2","HC","LF","HP","ACEPEN",46,NA
"ACEPEN02_HF_08","ACEPEN02_HF_08_LC_LP_HF","HF","WS1","LC","HF","LP","ACEPEN",49,NA
"ACEPEN02_HF_09","ACEPEN02_HF_09_HC_HP_HF","HF","WL2","HC","HF","HP","ACEPEN",47,NA
"ACEPEN02_HF_11","ACEPEN02_HF_11_LC_HP_HF","HF","WL1","LC","HF","HP","ACEPEN",41,NA
"ACEPEN02_HF_12","ACEPEN02_HF_12_LC_HP_LF","HF","CL1","LC","LF","HP","ACEPEN",41,NA
"ACEPEN03_HF_11","ACEPEN03_HF_11_HC_HP_LF","HF","CL2","HC","LF","HP","ACEPEN",46,NA
"ACEPEN04_HF_01","ACEPEN04_HF_01_HC_HP_HF","HF","WL2","HC","HF","HP","ACEPEN",47,NA
"ACEPEN04_HF_04","ACEPEN04_HF_04_LC_LP_HF","HF","WS1","LC","HF","LP","ACEPEN",49,NA
"ACEPEN04_HF_12","ACEPEN04_HF_12_HC_HP_LF","HF","CL2","HC","LF","HP","ACEPEN",46,NA
"ACEPEN06_SH_02","ACEPEN06_SH_02_HC_HP_HF","SH","WL2","HC","HF","HP","ACEPEN",53,NA
"ACEPEN06_SH_05","ACEPEN06_SH_05_HC_LP_LF","SH","CS2","HC","LF","LP","ACEPEN",46,NA
"ACEPEN06_SH_07","ACEPEN06_SH_07_LC_LP_LF","SH","CS1","LC","LF","LP","ACEPEN",42,NA
"ACEPEN06_SH_09","ACEPEN06_SH_09_HC_HP_LF","SH","CL2","HC","LF","HP","ACEPEN",46,NA
"ACEPEN06_SH_11","ACEPEN06_SH_11_HC_LP_HF","SH","WS2","HC","HF","LP","ACEPEN",46,NA
"ACEPEN06_SH_12","ACEPEN06_SH_12_LC_LP_HF","SH","WS1","LC","HF","LP","ACEPEN",49,NA
"ACEPEN07_SH_02","ACEPEN07_SH_02_HC_LP_HF","SH","WS2","HC","HF","LP","ACEPEN",57,NA
"ACEPEN07_SH_04","ACEPEN07_SH_04_LC_HP_HF","SH","WL1","LC","HF","HP","ACEPEN",46,NA
"ACEPEN07_SH_06","ACEPEN07_SH_06_LC_LP_HF","SH","WS1","LC","HF","LP","ACEPEN",49,NA
"ACEPEN07_SH_10","ACEPEN07_SH_10_HC_LP_LF","SH","CS2","HC","LF","LP","ACEPEN",50,NA
"ACEPEN09_SH_10","ACEPEN09_SH_10_LC_HP_LF","SH","CL1","LC","LF","HP","ACEPEN",41,NA
"ACEPEN11_HF_02","ACEPEN11_HF_02_HC_HP_LF","HF","CL2","HC","LF","HP","ACEPEN",46,NA
"ACEPEN11_HF_03","ACEPEN11_HF_03_LC_HP_HF","HF","WL1","LC","HF","HP","ACEPEN",46,NA
"ACEPEN11_HF_08","ACEPEN11_HF_08_HC_LP_LF","HF","CS2","HC","LF","LP","ACEPEN",50,NA
"ACEPEN11_HF_09","ACEPEN11_HF_09_LC_HP_LF","HF","CL1","LC","LF","HP","ACEPEN",46,NA
"ACEPEN11_SH_01","ACEPEN11_SH_01_HC_LP_HF","SH","WS2","HC","HF","LP","ACEPEN",57,NA
"ACEPEN11_SH_02","ACEPEN11_SH_02_LC_HP_LF","SH","CL1","LC","LF","HP","ACEPEN",50,NA
"ACEPEN11_SH_06","ACEPEN11_SH_06_LC_LP_HF","SH","WS1","LC","HF","LP","ACEPEN",49,NA
"ACEPEN11_SH_08","ACEPEN11_SH_08_HC_LP_LF","SH","CS2","HC","LF","LP","ACEPEN",46,NA
"ACEPEN11_SH_10","ACEPEN11_SH_10_HC_HP_HF","SH","WL2","HC","HF","HP","ACEPEN",60,NA
"ACEPEN12_HF_10","ACEPEN12_HF_10_LC_LP_LF","HF","CS1","LC","LF","LP","ACEPEN",42,NA
"ACERUB05_SH_02","ACERUB05_SH_02_HC_HP_LF","SH","CL2","HC","LF","HP","ACERUB",63,NA
"ACERUB08_SH_05","ACERUB08_SH_05_HC_LP_HF","SH","WS2","HC","HF","LP","ACERUB",57,NA
"ACERUB09_SH_01","ACERUB09_SH_01_HC_HP_LF","SH","CL2","HC","LF","HP","ACERUB",56,NA
"ACERUB09_SH_05","ACERUB09_SH_05_HC_HP_HF","SH","WL2","HC","HF","HP","ACERUB",53,NA
"ACERUB09_SH_07","ACERUB09_SH_07_LC_HP_LF","SH","CL1","LC","LF","HP","ACERUB",50,NA
"ACERUB10_SH_02","ACERUB10_SH_02_HC_HP_LF","SH","CL2","HC","LF","HP","ACERUB",49,NA
"ACERUB13_HF_05","ACERUB13_HF_05_LC_LP_HF","HF","WS1","LC","HF","LP","ACERUB",49,NA
"ACERUB13_HF_10","ACERUB13_HF_10_LC_LP_LF","HF","CS1","LC","LF","LP","ACERUB",56,NA
"ACERUB99_HF_03","ACERUB99_HF_03_LC_LP_HF","HF","WS1","LC","HF","LP","ACERUB",57,NA
"ACERUB99_HF_04","ACERUB99_HF_04_HC_HP_LF","HF","CL2","HC","LF","HP","ACERUB",56,NA
"ACESAC02_HF_02","ACESAC02_HF_02_HC_LP_HF","HF","WS2","HC","HF","LP","ACESAC",74,NA
"ACESAC02_HF_05","ACESAC02_HF_05_HC_HP_HF","HF","WL2","HC","HF","HP","ACESAC",69,NA
"ACESAC02_HF_06","ACESAC02_HF_06_HC_LP_LF","HF","CS2","HC","LF","LP","ACESAC",85,NA
"ACESAC02_HF_08","ACESAC02_HF_08_LC_HP_HF","HF","WL1","LC","HF","HP","ACESAC",71,NA
"ACESAC02_HF_10","ACESAC02_HF_10_LC_HP_LF","HF","CL1","LC","LF","HP","ACESAC",76,NA
"ACESAC02_HF_11","ACESAC02_HF_11_HC_HP_LF","HF","CL2","HC","LF","HP","ACESAC",70,NA
"ACESAC02_SH_01","ACESAC02_SH_01_HC_HP_HF","SH","WL2","HC","HF","HP","ACESAC",47,NA
"ACESAC02_SH_06","ACESAC02_SH_06_LC_HP_HF","SH","WL1","LC","HF","HP","ACESAC",64,NA
"ACESAC02_SH_09","ACESAC02_SH_09_LC_LP_LF","SH","CS1","LC","LF","LP","ACESAC",85,NA
"ACESAC03_SH_03","ACESAC03_SH_03_LC_LP_HF","SH","WS1","LC","HF","LP","ACESAC",57,NA
"ACESAC03_SH_08","ACESAC03_SH_08_HC_HP_HF","SH","WL2","HC","HF","HP","ACESAC",47,NA
"ACESAC03_SH_10","ACESAC03_SH_10_LC_HP_HF","SH","WL1","LC","HF","HP","ACESAC",46,NA
"ACESAC03_SH_12","ACESAC03_SH_12_LC_LP_LF","SH","CS1","LC","LF","LP","ACESAC",56,NA
"ACESAC05_HF_03","ACESAC05_HF_03_LC_HP_LF","HF","CL1","LC","LF","HP","ACESAC",70,NA
"ACESAC05_HF_05","ACESAC05_HF_05_LC_LP_LF","HF","CS1","LC","LF","LP","ACESAC",85,NA
"ACESAC05_HF_08","ACESAC05_HF_08_LC_LP_HF","HF","WS1","LC","HF","LP","ACESAC",83,NA
"ACESAC06_HF_06","ACESAC06_HF_06_HC_HP_LF","HF","CL2","HC","LF","HP","ACESAC",83,NA
"ACESAC06_HF_07","ACESAC06_HF_07_HC_HP_HF","HF","WL2","HC","HF","HP","ACESAC",47,NA
"ACESAC06_HF_12","ACESAC06_HF_12_LC_HP_HF","HF","WL1","LC","HF","HP","ACESAC",71,NA
"ACESAC07_HF_01","ACESAC07_HF_01_LC_LP_LF","HF","CS1","LC","LF","LP","ACESAC",85,NA
"ACESAC07_HF_03","ACESAC07_HF_03_LC_LP_HF","HF","WS1","LC","HF","LP","ACESAC",83,NA
"ACESAC07_HF_06","ACESAC07_HF_06_LC_HP_HF","HF","WL1","LC","HF","HP","ACESAC",64,NA
"ACESAC07_HF_10","ACESAC07_HF_10_LC_HP_LF","HF","CL1","LC","LF","HP","ACESAC",70,NA
"ACESAC07_HF_12","ACESAC07_HF_12_HC_LP_HF","HF","WS2","HC","HF","LP","ACESAC",83,NA
"ACESAC07_SH_03","ACESAC07_SH_03_LC_HP_LF","SH","CL1","LC","LF","HP","ACESAC",70,NA
"ACESAC09_SH_01","ACESAC09_SH_01_LC_HP_HF","SH","WL1","LC","HF","HP","ACESAC",57,NA
"ACESAC10_SH_03","ACESAC10_SH_03_LC_LP_LF","SH","CS1","LC","LF","LP","ACESAC",77,NA
"ACESAC99_HF_01","ACESAC99_HF_01_HC_LP_LF","HF","CS2","HC","LF","LP","ACESAC",77,NA
"ACESAC99_HF_04","ACESAC99_HF_04_LC_HP_HF","HF","WL1","LC","HF","HP","ACESAC",64,NA
"ACESAC99_HF_05","ACESAC99_HF_05_HC_HP_LF","HF","CL2","HC","LF","HP","ACESAC",70,NA
"ACESAC99_HF_10","ACESAC99_HF_10_LC_HP_LF","HF","CL1","LC","LF","HP","ACESAC",70,NA
"ACESAC99_SH_04","ACESAC99_SH_04_HC_HP_HF","SH","WL2","HC","HF","HP","ACESAC",69,NA
"BETALL01_SH_11","BETALL01_SH_11_HC_HP_HF","SH","WL2","HC","HF","HP","BETALL",47,NA
"FAGGRA02_SH_08","FAGGRA02_SH_08_HC_LP_HF","SH","WS2","HC","HF","LP","FAGGRA",83,NA
"FAGGRA03_HF_06","FAGGRA03_HF_06_HC_LP_LF","HF","CS2","HC","LF","LP","FAGGRA",85,NA
"FAGGRA04_SH_11","FAGGRA04_SH_11_HC_LP_LF","SH","CS2","HC","LF","LP","FAGGRA",63,NA
"FAGGRA05_SH_05","FAGGRA05_SH_05_HC_HP_HF","SH","WL2","HC","HF","HP","FAGGRA",47,NA
"FAGGRA06_SH_07","FAGGRA06_SH_07_HC_LP_LF","SH","CS2","HC","LF","LP","FAGGRA",85,NA
"FAGGRA07_SH_05","FAGGRA07_SH_05_LC_HP_HF","SH","WL1","LC","HF","HP","FAGGRA",64,NA
"FAGGRA08_SH_02","FAGGRA08_SH_02_LC_LP_HF","SH","WS1","LC","HF","LP","FAGGRA",83,NA
"FAGGRA10_HF_03","FAGGRA10_HF_03_HC_LP_HF","HF","WS2","HC","HF","LP","FAGGRA",83,NA
"FAGGRA14_HF_01","FAGGRA14_HF_01_HC_HP_LF","HF","CL2","HC","LF","HP","FAGGRA",70,NA
"POPGRA01_SH_02","POPGRA01_SH_02_LC_HP_HF","SH","WL1","LC","HF","HP","POPGRA",46,NA
"POPGRA01_SH_04","POPGRA01_SH_04_HC_HP_HF","SH","WL2","HC","HF","HP","POPGRA",53,NA
"POPGRA01_SH_06","POPGRA01_SH_06_HC_LP_LF","SH","CS2","HC","LF","LP","POPGRA",56,NA
"POPGRA01_SH_07","POPGRA01_SH_07_HC_LP_HF","SH","WS2","HC","HF","LP","POPGRA",57,NA
"POPGRA01_SH_09","POPGRA01_SH_09_HC_HP_LF","SH","CL2","HC","LF","HP","POPGRA",56,NA
"POPGRA02_SH_03","POPGRA02_SH_03_LC_HP_HF","SH","WL1","LC","HF","HP","POPGRA",46,NA
"POPGRA02_SH_08","POPGRA02_SH_08_HC_LP_HF","SH","WS2","HC","HF","LP","POPGRA",57,NA
"POPGRA04_SH_09","POPGRA04_SH_09_LC_LP_HF","SH","WS1","LC","HF","LP","POPGRA",71,NA
"POPGRA05_HF_01","POPGRA05_HF_01_HC_LP_HF","HF","WS2","HC","HF","LP","POPGRA",74,NA
"POPGRA05_HF_04","POPGRA05_HF_04_HC_HP_HF","HF","WL2","HC","HF","HP","POPGRA",60,NA
"POPGRA05_HF_05","POPGRA05_HF_05_LC_HP_LF","HF","CL1","LC","LF","HP","POPGRA",76,NA
"POPGRA05_HF_06","POPGRA05_HF_06_LC_LP_LF","HF","CS1","LC","LF","LP","POPGRA",77,NA
"POPGRA05_HF_07","POPGRA05_HF_07_HC_HP_LF","HF","CL2","HC","LF","HP","POPGRA",76,NA
"POPGRA05_HF_09","POPGRA05_HF_09_LC_LP_HF","HF","WS1","LC","HF","LP","POPGRA",64,NA
"POPGRA05_HF_10","POPGRA05_HF_10_LC_HP_HF","HF","WL1","LC","HF","HP","POPGRA",57,NA
"POPGRA05_HF_11","POPGRA05_HF_11_HC_LP_LF","HF","CS2","HC","LF","LP","POPGRA",85,NA
"POPGRA06_HF_03","POPGRA06_HF_03_LC_HP_LF","HF","CL1","LC","LF","HP","POPGRA",63,NA
"POPGRA06_HF_06","POPGRA06_HF_06_HC_LP_HF","HF","WS2","HC","HF","LP","POPGRA",64,NA
"POPGRA06_HF_10","POPGRA06_HF_10_HC_HP_LF","HF","CL2","HC","LF","HP","POPGRA",70,NA
"POPGRA06_HF_11","POPGRA06_HF_11_LC_HP_HF","HF","WL1","LC","HF","HP","POPGRA",57,NA
"POPGRA06_HF_12","POPGRA06_HF_12_HC_HP_HF","HF","WL2","HC","HF","HP","POPGRA",60,NA
"POPGRA06_SH_02","POPGRA06_SH_02_LC_LP_LF","SH","CS1","LC","LF","LP","POPGRA",56,NA
"POPGRA07_HF_02","POPGRA07_HF_02_LC_LP_LF","HF","CS1","LC","LF","LP","POPGRA",77,NA
"POPGRA07_HF_05","POPGRA07_HF_05_LC_LP_HF","HF","WS1","LC","HF","LP","POPGRA",57,NA
"POPGRA07_HF_06","POPGRA07_HF_06_HC_HP_LF","HF","CL2","HC","LF","HP","POPGRA",70,NA
"POPGRA07_HF_12","POPGRA07_HF_12_HC_LP_LF","HF","CS2","HC","LF","LP","POPGRA",63,NA
"QUERUB04_SH_07","QUERUB04_SH_07_HC_HP_LF","SH","CL2","HC","LF","HP","QUERUB",56,NA
"QUERUB05_SH_01","QUERUB05_SH_01_LC_HP_LF","SH","CL1","LC","LF","HP","QUERUB",55,NA
"QUERUB05_SH_09","QUERUB05_SH_09_HC_LP_LF","SH","CS2","HC","LF","LP","QUERUB",63,NA
"QUERUB05_SH_11","QUERUB05_SH_11_LC_HP_HF","SH","WL1","LC","HF","HP","QUERUB",57,NA
"QUERUB06_SH_01","QUERUB06_SH_01_LC_HP_HF","SH","WL1","LC","HF","HP","QUERUB",57,NA
"QUERUB06_SH_02","QUERUB06_SH_02_LC_LP_LF","SH","CS1","LC","LF","LP","QUERUB",63,NA
"QUERUB06_SH_08","QUERUB06_SH_08_HC_HP_LF","SH","CL2","HC","LF","HP","QUERUB",70,NA
"QUERUB06_SH_09","QUERUB06_SH_09_HC_LP_HF","SH","WS2","HC","HF","LP","QUERUB",64,NA
"QUERUB06_SH_10","QUERUB06_SH_10_HC_LP_LF","SH","CS2","HC","LF","LP","QUERUB",63,NA
"QUERUB07_SH_03","QUERUB07_SH_03_LC_LP_LF","SH","CS1","LC","LF","LP","QUERUB",48,NA
"QUERUB07_SH_07","QUERUB07_SH_07_HC_LP_HF","SH","WS2","HC","HF","LP","QUERUB",57,NA
"QUERUB07_SH_09","QUERUB07_SH_09_LC_LP_HF","SH","WS1","LC","HF","LP","QUERUB",57,NA
"QUERUB07_SH_10","QUERUB07_SH_10_LC_HP_HF","SH","WL1","LC","HF","HP","QUERUB",50,NA
"QUERUB07_SH_11","QUERUB07_SH_11_LC_HP_LF","SH","CL1","LC","LF","HP","QUERUB",50,NA
"QUERUB07_SH_12","QUERUB07_SH_12_HC_HP_HF","SH","WL2","HC","HF","HP","QUERUB",47,NA
"QUERUB08_SH_04","QUERUB08_SH_04_HC_HP_LF","SH","CL2","HC","LF","HP","QUERUB",70,NA
"QUERUB08_SH_07","QUERUB08_SH_07_HC_LP_LF","SH","CS2","HC","LF","LP","QUERUB",77,NA
"QUERUB08_SH_09","QUERUB08_SH_09_LC_LP_HF","SH","WS1","LC","HF","LP","QUERUB",57,NA
"QUERUB10_SH_01","QUERUB10_SH_01_LC_HP_LF","SH","CL1","LC","LF","HP","QUERUB",63,NA
"QUERUB10_SH_02","QUERUB10_SH_02_HC_LP_HF","SH","WS2","HC","HF","LP","QUERUB",64,NA
"QUERUB10_SH_03","QUERUB10_SH_03_LC_LP_LF","SH","CS1","LC","LF","LP","QUERUB",63,NA
"QUERUB10_SH_07","QUERUB10_SH_07_HC_LP_LF","SH","CS2","HC","LF","LP","QUERUB",63,NA
"QUERUB10_SH_09","QUERUB10_SH_09_LC_LP_HF","SH","WS1","LC","HF","LP","QUERUB",57,NA
"QUERUB10_SH_12","QUERUB10_SH_12_HC_HP_LF","SH","CL2","HC","LF","HP","QUERUB",56,NA
"QUERUB15_HF_06","QUERUB15_HF_06_LC_LP_HF","HF","WS1","LC","HF","LP","QUERUB",57,NA
"QUERUB17_HF_01","QUERUB17_HF_01_LC_LP_HF","HF","WS1","LC","HF","LP","QUERUB",57,NA
"QUERUB17_HF_05","QUERUB17_HF_05_HC_HP_HF","HF","WL2","HC","HF","HP","QUERUB",60,NA
"QUERUB23_HF_02","QUERUB23_HF_02_HC_LP_HF","HF","WS2","HC","HF","LP","QUERUB",74,NA
"VIBLAN02_SH_01","VIBLAN02_SH_01_HC_LP_LF","SH","CS2","HC","LF","LP","VIBLAN",77,NA
"VIBLAN02_SH_07","VIBLAN02_SH_07_LC_LP_HF","SH","WS1","LC","HF","LP","VIBLAN",57,NA
"VIBLAN02_SH_10","VIBLAN02_SH_10_LC_HP_LF","SH","CL1","LC","LF","HP","VIBLAN",63,NA
"VIBLAN02_SH_11","VIBLAN02_SH_11_LC_LP_LF","SH","CS1","LC","LF","LP","VIBLAN",77,NA
"VIBLAN03_HF_04","VIBLAN03_HF_04_LC_LP_HF","HF","WS1","LC","HF","LP","VIBLAN",83,NA
"VIBLAN03_HF_09","VIBLAN03_HF_09_HC_HP_LF","HF","CL2","HC","LF","HP","VIBLAN",63,NA
"VIBLAN04_HF_03","VIBLAN04_HF_03_LC_HP_LF","HF","CL1","LC","LF","HP","VIBLAN",90,NA
"VIBLAN04_HF_06","VIBLAN04_HF_06_LC_HP_HF","HF","WL1","LC","HF","HP","VIBLAN",64,NA
"VIBLAN04_HF_09","VIBLAN04_HF_09_HC_LP_LF","HF","CS2","HC","LF","LP","VIBLAN",77,NA
"VIBLAN04_SH_06","VIBLAN04_SH_06_HC_HP_HF","SH","WL2","HC","HF","HP","VIBLAN",60,NA
"VIBLAN04_SH_10","VIBLAN04_SH_10_HC_LP_LF","SH","CS2","HC","LF","LP","VIBLAN",63,NA
"VIBLAN04_SH_11","VIBLAN04_SH_11_LC_LP_HF","SH","WS1","LC","HF","LP","VIBLAN",64,NA
"VIBLAN05_SH_09","VIBLAN05_SH_09_LC_LP_LF","SH","CS1","LC","LF","LP","VIBLAN",56,NA
"VIBLAN06_SH_10","VIBLAN06_SH_10_HC_HP_HF","SH","WL2","HC","HF","HP","VIBLAN",47,NA
"VIBLAN09_SH_01","VIBLAN09_SH_01_LC_LP_LF","SH","CS1","LC","LF","LP","VIBLAN",56,NA
"VIBLAN09_SH_12","VIBLAN09_SH_12_HC_LP_HF","SH","WS2","HC","HF","LP","VIBLAN",57,NA
"VIBLAN11_HF_01","VIBLAN11_HF_01_HC_HP_HF","HF","WL2","HC","HF","HP","VIBLAN",60,NA
"ACESAC06_HF_10","ACESAC06_HF_10_LC_LP_LF","HF","CS1","LC","LF","LP","ACESAC",NA,42
"ACESAC07_SH_04","ACESAC07_SH_04_LC_LP_LF","SH","CS1","LC","LF","LP","ACESAC",NA,85
"ACESAC07_SH_12","ACESAC07_SH_12_HC_HP_LF","SH","CL2","HC","LF","HP","ACESAC",NA,83
"ACESAC09_SH_04","ACESAC09_SH_04_LC_LP_LF","SH","CS1","LC","LF","LP","ACESAC",NA,77
"ACESAC10_SH_01","ACESAC10_SH_01_LC_HP_HF","SH","WL1","LC","HF","HP","ACESAC",NA,57
"ACESAC10_SH_11","ACESAC10_SH_11_HC_LP_LF","SH","CS2","HC","LF","LP","ACESAC",NA,77
"ACESAC10_SH_12","ACESAC10_SH_12_LC_LP_HF","SH","WS1","LC","HF","LP","ACESAC",NA,64
"ACESAC99_SH_06","ACESAC99_SH_06_LC_HP_LF","SH","CL1","LC","LF","HP","ACESAC",NA,70
"ACESAC99_SH_07","ACESAC99_SH_07_HC_LP_LF","SH","CS2","HC","LF","LP","ACESAC",NA,77
"ACESAC99_SH_10","ACESAC99_SH_10_LC_LP_LF","SH","CS1","LC","LF","LP","ACESAC",NA,77
"ACESAC99_SH_11","ACESAC99_SH_11_LC_LP_HF","SH","WS1","LC","HF","LP","ACESAC",NA,71
"BETALL02_SH_02","BETALL02_SH_02_HC_LP_LF","SH","CS2","HC","LF","LP","BETALL",NA,56
"BETALL08_SH_06","BETALL08_SH_06_HC_LP_HF","SH","WS2","HC","HF","LP","BETALL",NA,46
"BETALL08_SH_12","BETALL08_SH_12_LC_LP_HF","SH","WS1","LC","HF","LP","BETALL",NA,49
"BETALL10_SH_06","BETALL10_SH_06_LC_LP_HF","SH","WS1","LC","HF","LP","BETALL",NA,49
"BETPAP06_SH_12","BETPAP06_SH_12_LC_LP_HF","SH","WS1","LC","HF","LP","BETPAP",NA,49
"BETPAP07_HF_01","BETPAP07_HF_01_HC_HP_HF","HF","WL2","HC","HF","HP","BETPAP",NA,60
"BETPAP10_SH_09","BETPAP10_SH_09_LC_LP_LF","SH","CS1","LC","LF","LP","BETPAP",NA,48
"BETPAP13_HF_04","BETPAP13_HF_04_HC_LP_LF","HF","CS2","HC","LF","LP","BETPAP",NA,56
"BETPAP15_HF_06","BETPAP15_HF_06_LC_LP_LF","HF","CS1","LC","LF","LP","BETPAP",NA,56
"BETPAP15_HF_08","BETPAP15_HF_08_HC_HP_HF","HF","WL2","HC","HF","HP","BETPAP",NA,47
"FAGGRA04_SH_01","FAGGRA04_SH_01_LC_LP_HF","SH","WS1","LC","HF","LP","FAGGRA",NA,57
"FAGGRA04_SH_03","FAGGRA04_SH_03_HC_LP_HF","SH","WS2","HC","HF","LP","FAGGRA",NA,89
"FAGGRA05_SH_11","FAGGRA05_SH_11_LC_HP_LF","SH","CL1","LC","LF","HP","FAGGRA",NA,90
"FAGGRA09_HF_06","FAGGRA09_HF_06_LC_HP_HF","HF","WL1","LC","HF","HP","FAGGRA",NA,64
"FAGGRA09_HF_08","FAGGRA09_HF_08_HC_HP_LF","HF","CL2","HC","LF","HP","FAGGRA",NA,63
"FAGGRA10_HF_09","FAGGRA10_HF_09_LC_HP_LF","HF","CL1","LC","LF","HP","FAGGRA",NA,84
"FAGGRA14_HF_05","FAGGRA14_HF_05_LC_HP_HF","HF","WL1","LC","HF","HP","FAGGRA",NA,71
"FAGGRA14_HF_09","FAGGRA14_HF_09_HC_HP_HF","HF","WL2","HC","HF","HP","FAGGRA",NA,60
"POPGRA04_SH_06","POPGRA04_SH_06_HC_HP_LF","SH","CL2","HC","LF","HP","POPGRA",NA,70
"QUERUB17_HF_10","QUERUB17_HF_10_HC_LP_HF","HF","WS2","HC","HF","LP","QUERUB",NA,64
"QUERUB23_HF_03","QUERUB23_HF_03_HC_LP_LF","HF","CS2","HC","LF","LP","QUERUB",NA,77
"VIBCAS01_SH_08","VIBCAS01_SH_08_HC_HP_HF","SH","WL2","HC","HF","HP","VIBCAS",NA,47
"VIBCAS04_SH_03","VIBCAS04_SH_03_HC_HP_HF","SH","WL2","HC","HF","HP","VIBCAS",NA,47
"VIBCAS05_SH_05","VIBCAS05_SH_05_LC_LP_HF","SH","WS1","LC","HF","LP","VIBCAS",NA,49
"VIBCAS06_SH_01","VIBCAS06_SH_01_HC_LP_LF","SH","CS2","HC","LF","LP","VIBCAS",NA,56
"VIBCAS06_SH_08","VIBCAS06_SH_08_HC_HP_LF","SH","CL2","HC","LF","HP","VIBCAS",NA,56
"VIBCAS08_HF_11","VIBCAS08_HF_11_LC_LP_HF","HF","WS1","LC","HF","LP","VIBCAS",NA,57
"VIBLAN03_HF_01","VIBLAN03_HF_01_HC_LP_HF","HF","WS2","HC","HF","LP","VIBLAN",NA,83
"VIBLAN03_HF_06","VIBLAN03_HF_06_LC_LP_LF","HF","CS1","LC","LF","LP","VIBLAN",NA,63
"VIBLAN04_SH_05","VIBLAN04_SH_05_HC_HP_LF","SH","CL2","HC","LF","HP","VIBLAN",NA,83
"VIBLAN06_SH_12","VIBLAN06_SH_12_HC_LP_LF","SH","CS2","HC","LF","LP","VIBLAN",NA,63
