day,population,treatment,indiv,flask,species,bbch.t,percent.t,count.t,bbch.l,percent.l,bbch2.l,percent2.l,bbch3.l,percent3.l,bud.count,flowering,bbch4.t,percent4.t
27,mp,LHH,NA,1,amealn,9,100,2,9,85,1,15,NA,NA,NA,NA,NA,NA
27,mp,LHH,NA,1,menfer,3,100,15,9,15,7,80,3,5,NA,NA,NA,NA
27,mp,LHH,NA,1,poptre,1,100,4,1,100,NA,NA,NA,NA,NA,NA,NA,NA
27,mp,LHH,NA,1,symalb,NA,NA,NA,3,10,1,70,NA,NA,NA,NA,NA,NA
27,sm,LHH,NA,1,amealn,11,100,1,7,40,3,10,1,60,10,NA,NA,NA
27,sm,LHH,NA,1,loninv,1,100,1,10,15,9,40,7,40,12,NA,NA,NA
27,sm,LHH,NA,1,popbal,0,100,1,0,100,NA,NA,NA,NA,NA,NA,NA,NA
27,sm,LHH,NA,1,shecan,9,100,2,10,30,9,50,7,10,25,60,NA,NA
27,mp,LHH,A,2,loninv,3,100,2,1,100,NA,NA,NA,NA,7,NA,NA,NA
27,mp,LHH,4,2,menfer,1,100,14,0,100,NA,NA,NA,NA,NA,NA,NA,NA
27,mp,LHH,Feg,2,poptre,7,50,2,11,15,10,20,7,60,18,NA,3,50
27,mp,LHH,tml,2,spibet,11,100,1,15,60,7,20,3,20,0,5,NA,NA
27,sm,LHH,7,2,loninv,17,25,4,10,45,7,30,3,5,13,y,11,50
27,sm,LHH, A,2,popbal,1,100,1,1,100,NA,NA,NA,NA,NA,NA,NA,NA
27,sm,LHH, 3B,2,riblac,7,100,2,7,50,3,50,NA,NA,NA,NA,NA,NA
27,sm,LHH,13,2,shecan,7,100,3,7,20,3,10,1,70,NA,y,NA,NA
27,mp,LHH,10,3,amealn,11,100,4,9,15,7,85,,,14,NA,NA,NA
27,mp,LHH,6,3,popbal,0,100,1,0,100,NA,NA,NA,NA,NA,NA,NA,NA
27,mp,LHH,5,3,poptre,0,100,3,0,100,NA,NA,NA,NA,4,NA,NA,NA
27,mp,LHH,13,3,sorsco,10,50,2,0,100,NA,NA,NA,NA,NA,NA,1,50
27,sm,LHH,NA,3,amealn,1,100,1,1,30,NA,NA,NA,NA,NA,NA,NA,NA
27,sm,LHH,NA,3,corsto,10,100,1,9,80,7,10,1,10,NA,NA,NA,NA
27,sm,LHH,9,3,menfer,1,100,5,0,100,NA,NA,NA,NA,NA,NA,NA,NA
27,sm,LHH,NA,3,shecan,1,100,1,0,100,NA,NA,NA,NA,NA,NA,NA,NA
27,sm,LHH,NA,3,spibet,15,100,1,10,10,7,65,3,15,NA,NA,NA,NA
27,mp,LHH,1,4,corsto,11,100,1,10,50,10,40,3,10,8,NA,NA,NA
27,mp,LHH,9,4,shecan,9,50,2,7,20,7,20,3,40,NA,60,3,50
27,mp,LHH,10,4,shecan,9,100,1,9,80,3,20,,,NA,60,NA,NA
27,mp,LHH,A eg,4,symalb,NA,NA,NA,1,60,NA,NA,NA,NA,NA,NA,NA,NA
27,sm,LHH,1,4,menfer,1,80,16,1,40,0,60,NA,NA,NA,NA,0,20
27,sm,LHH,8,4,popbal,0,100,1,0,100,NA,NA,NA,NA,NA,NA,NA,NA
27,sm,LHH,straight,4,spibet,1,100,1,11,25,3,25,1,25,NA,NA,NA,NA
27,sm,LHH,NA,4,spibet,15,50,4,15,20,10,20,9,10,18,NA,7,25
27,mp,LHH,1,5,alnvir,1,100,3,3,20,1,20,0,60,8,NA,NA,NA
27,mp,LHH,A,5,loninv,7,100,1,1,100,NA,NA,NA,NA,2,NA,NA,NA
27,mp,LHH,14,5,sorsco,7,100,2,3,100,NA,NA,NA,NA,NA,NA,NA,NA
27,mp,LHH,2,5,spipyr,0,100,1,0,100,NA,NA,NA,NA,NA,NA,NA,NA
27,sm,LHH,6,5,betpap,10,100,2,10,40,9,60,NA,NA,5,NA,NA,NA
27,sm,LHH,5,5,loninv,7,25,8,9,30,7,5,3,45,13,NA,3,75
27,sm,LHH, A36,5,spibet,9,80,5,9,20,3,40,1,20,13,NA,NA,NA
27,sm,LHH,2,5,vibedu,15,60,5,15,5,10,30,9,20,16,NA,10,40
27,mp,LHH,10,6,corsto,11,100,1,11,100,NA,NA,NA,NA,NA,NA,NA,NA
27,mp,LHH,10,6,loninv,9,50,2,9,5,3,20,1,75,15,NA,3,50
27,mp,LHH,8,6,riblac,9,50,5,9,25,7,25,3,55,NA,NA,3,80
27,mp,LHH,sg,6,rubpar,10,100,2,11,20,9,20,7,60,NA,NA,NA,NA
27,sm,LHH,2,6,alnvir,0,100,1,0,100,NA,NA,NA,NA,9,NA,NA,NA
27,sm,LHH,11,6,sorsco,10,100,1,1,50,0,50,NA,NA,NA,NA,NA,NA
27,sm,LHH, cl,6,symalb,NA,NA,NA,0,100,NA,NA,NA,NA,NA,NA,NA,NA
27,sm,LHH,8,6,vacmem,9,100,NA,11,20,10,20,9,20,NA,NA,3,50
27,mp,LHH,2,7,riblac,9,10,8,7,20,3,40,1,20,NA,NA,7,40
27,mp,LHH,sg,7,rubpar,10,100,1,7,25,3,50,0,25,NA,NA,NA,NA
27,mp,LHH,wjt,7,spipyr,11,100,1,15,25,11,25,10,25,12,NA,NA,NA
27,mp,LHH,11,7,vibedu,9,100,1,10,10,3,50,NA,NA,10,NA,NA,NA
27,sm,LHH,8,7,corsto,7,100,2,9,60,7,40,,,NA,NA,NA,NA
27,sm,LHH, A branched,7,corsto,17,100,1,15,50,10,40,7,10,10,NA,11,75
27,sm,LHH,8,7,popbal,1,100,1,1,100,NA,NA,NA,NA,NA,NA,NA,NA
27,sm,LHH,3,7,riblac,9,100,1,11,20,7,15,,,14,NA,NA,NA
27,mp,LHH,NA,8,rhoalb,15,100,4,9,5,7,5,3,90,13,NA,NA,NA
27,mp,LHH,NA,8,riblac,3,100,1,3,70,1,30,NA,NA,NA,NA,NA,NA
27,mp,LHH,NA,8,spibet,7,100,1,10,50,7,50,NA,NA,NA,NA,NA,NA
27,mp,LHH,NA,8,spipyr,3,100,1,11,60,10,20,3,20,NA,NA,NA,NA
27,sm,LHH,NA,8,betpap,1,100,1,1,100,NA,NA,NA,NA,NA,NA,NA,NA
27,sm,LHH,NA,8,corsto,10,100,1,11,50,10,30,3,15,NA,NA,NA,NA
27,sm,LHH,NA,8,riblac,9,100,1,7,10,3,30,1,30,NA,NA,NA,NA
27,sm,LHH,NA,8,riblac,0,100,2,7,10,3,40,1,20,NA,NA,NA,NA
27,mp,LHH,6,9,samrac,9,100,2,7,50,3,50,NA,NA,NA,NA,NA,NA
27,mp,LHH,NA,9,samrac,NA,NA,NA,3,100,NA,NA,NA,NA,NA,DEAD,NA,NA
27,mp,LHH,NA,9,sorsco,11,100,1,7,25,3,75,NA,NA,5,NA,NA,NA
27,mp,LHH,NA,9,vibedu,11,100,1,7,10,3,75,1,15,8,NA,NA,NA
27,sm,LHH,NA,9,poptre,1,100,1,1,40,0,60,NA,NA,8,NA,NA,NA
27,sm,LHH,NA,9,rubpar,1,100,2,1,50,NA,NA,NA,NA,NA,NA,NA,NA
27,sm,LHH,A,9,vacmem,3,100,NA,10,20,9,10,3,50,NA,NA,NA,NA
27,sm,LHH,B,9,vacmem,9,5,NA,3,80,1,20,NA,NA,NA,NA,3,95
27,mp,LHH,NA,10,alnvir,3,100,2,7,5,3,70,1,25,13,NA,NA,NA
27,mp,LHH,NA,10,loninv,3,100,1,9,20,3,15,1,70,6,NA,NA,NA
27,mp,LHH,NA,10,menfer,1,25,4,1,100,NA,NA,NA,NA,NA,NA,NA,NA
27,mp,LHH,NA,10,spipyr,10,100,NA,11,40,9,20,7,20,5,NA,NA,NA
27,sm,LHH,NA,10,riblac,11,100,1,11,25,7,10,3,50,19,NA,NA,NA
27,sm,LHH,NA,10,rupar,0,100,1,1,100,NA,NA,NA,NA,NA,NA,NA,NA
27,sm,LHH,NA,10,symalb,NA,NA,NA,3,30,1,70,NA,NA,NA,NA,NA,NA
27,sm,LHH,NA,10,symalb,NA,NA,NA,3,60,1,20,0,20,NA,NA,NA,NA
27,mp,LHH,NA,11,acegla,3,100,1,1,100,NA,NA,NA,NA,NA,NA,NA,NA
27,mp,LHH,NA,11,alninc,7,100,3,7,100,,,NA,NA,NA,NA,NA,NA
27,mp,LHH,NA,11,amealn,7,100,2,3,70,1,30,NA,NA,NA,NA,NA,NA
27,mp,LHH,NA,11,vacmem,15,20,13,11,20,9,30,7,20,NA,NA,10,20
27,sm,LHH,NA,11,rubpar,9,100,1,10,25,7,50,3,25,NA,NA,NA,NA
27,sm,LHH,NA,11,spipyr,10,100,1,9,20,7,20,3,60,10,NA,NA,NA
27,sm,LHH, oc21,11,vacmem,3,100,NA,15,50,11,10,9,5,NA,NA,1,20
27,mp,LHH,Feg,12,poptre,0,100,2,0,100,NA,NA,NA,NA,18,NA,NA,NA
27,mp,LHH,Bsf,12,riblac,3,100,14,7,20,3,70,1,10,NA,NA,NA,NA
27,mp,LHH,14,12,sorsco,11,30,3,11,15,3,85,NA,NA,NA,NA,10,30
27,mp,LHH,2,12,spipyr,3,100,1,3,100,NA,NA,NA,NA,NA,NA,NA,NA
27,sm,LHH,NA,12,corsto,15,100,1,15,30,10,15,7,45,7,NA,NA,NA
27,sm,LHH,NA,12,loninv,9,60,5,9,15,7,10,3,55,16,NA,7,30
27,sm,LHH,NA,12,poptre,1,50,11,1,100,NA,NA,NA,NA,5,NA,0,50
27,sm,LHH,NA,12,symalb,NA,NA,NA,3,70,1,30,NA,NA,NA,NA,NA,NA
27,mp,LHH,NA,13,alninc,3,100,2,1,50,0,50,NA,NA,NA,NA,NA,NA
27,mp,LHH,NA,13,loninv,1,100,1,0,100,NA,NA,NA,NA,NA,NA,NA,NA
27,mp,LHH,NA,13,popbal,3,100,1,10,20,7,40,3,50,NA,NA,NA,NA
27,mp,LHH,NA,13,vacmem,3,100,12,15,15,7,15,3,70,NA,NA,NA,NA
27,sm,LHH,NA,13,alnvir,0,100,2,1,10,NA,NA,NA,NA,NA,NA,NA,NA
27,sm,LHH,NA,13,corsto,10,100,1,10,60,7,30,,,6,NA,NA,NA
27,sm,LHH,NA,13,rubpar,3,100,2,3,100,NA,NA,NA,NA,NA,NA,NA,NA
27,mp,LHH,NA,14,rhoalb,11,100,4,9,20,7,20,3,60,6,NA,NA,NA
27,mp,LHH,NA,14,sorsco,10,100,1,11,25,9,25,1,50,8,NA,NA,NA
27,mp,LHH,NA,14,symalb,NA,NA,NA,7,100,,,NA,NA,17,NA,NA,NA
27,mp,LHH,NA,14,vibedu,10,100,1,9,15,7,15,3,70,6,NA,NA,NA
27,sm,LHH,10,14,acegla,9,70,3,3,80,1,20,NA,NA,13,NA,NA,NA
27,sm,LHH,4,14,alninc,NA,NA,NA,9,30,3,60,NA,NA,4,NA,NA,NA
27,sm,LHH,3,14,popbal,15,100,1,10,40,9,40,1,20,NA,NA,NA,NA
27,mp,LHH,NA,15,amealn,7,100,1,7,30,3,40,1,30,10,NA,NA,NA
27,mp,LHH,NA,15,menfer,1,20,5,0,100,NA,NA,NA,NA,NA,NA,NA,NA
27,mp,LHH,NA,15,rhoalb,10,100,4,3,100,NA,NA,NA,NA,NA,NA,NA,NA
27,mp,LHH,NA,15,samrac,3,100,2,3,100,NA,NA,NA,NA,NA,NA,NA,NA
27,sm,LHH,NA,15,menfer,7,100,4,7,20,3,80,NA,NA,NA,NA,NA,NA
27,sm,LHH,NA,15,rubpar,1,100,2,1,90,0,10,NA,NA,NA,NA,NA,NA
27,sm,LHH,NA,15,shecan,9,50,2,10,90,7,5,3,5,NA,y,7,50
27,sm,LHH,NA,15,spipyr,NA,NA,NA,15,15,11,15,9,30,9,NA,NA,NA
27,mp,LHH,8,16,corsto,15,100,1,11,60,10,40,9,20,6,NA,NA,NA
27,mp,LHH,3,16,rhoalb,11,100,3,3,70,1,30,NA,13,NA,NA,NA,NA
27,mp,LHH,8,16,riblac,9,20,5,7,20,3,60,1,10,NA,NA,7,40
27,mp,LHH,tml,16,spibet,7,100,1,3,100,NA,NA,NA,NA,NA,NA,NA,NA
27,sm,LHH,2,16,alninc,3,100,3,3,35,1,20,0,45,NA,NA,NA,NA
27,sm,LHH,10,16,alnvir,1,100,2,1,55,0,45,NA,NA,7,NA,NA,NA
27,sm,LHH,11,16,corsto,15,100,1,15,50,10,50,,,NA,NA,NA,NA
27,sm,LHH, oc21,16,vacmem,15,40,NA,11,30,10,20,9,15,NA,NA,11,60
27,mp,LHH,bLL,17,alninc,9,100,1,7,30,3,70,NA,NA,6,NA,NA,NA
27,mp,LHH,7,17,amealn,10,15,7,9,20,7,30,3,40,41,NA,7,85
27,mp,LHH,14,17,sorsco,10,100,1,11,25,10,25,9,25,NA,NA,NA,NA
27,mp,LHH,10,17,vibedu,15,35,3,3,95,1,5,NA,NA,14,NA,11,35
27,sm,LHH,8,17,popbal,1,100,1,1,100,NA,NA,NA,NA,NA,NA,NA,NA
27,sm,LHH,NA,17,sorsco,9,100,2,9,100,NA,NA,NA,NA,NA,NA,NA,NA
27,sm,LHH,NA,17,spibet,1,100,1,15,25,9,25,7,50,NA,NA,NA,NA
27,sm,LHH,NA,17,symalb,NA,NA,NA,3,30,1,40,0,30,NA,NA,NA,NA
27,sm,LHH,3,17,vibedu,15,100,2,15,15,10,15,7,45,13,NA,NA,NA
27,mp,LHH,NA,18,loninv,3,100,2,0,100,NA,NA,NA,NA,NA,NA,NA,NA
27,mp,LHH,NA,18,riblac,7,100,2,7,30,3,60,1,10,NA,NA,NA,NA
27,mp,LHH,branched,18,spipyr,10,100,NA,9,20,7,40,3,30,NA,NA,NA,NA
27,mp,LHH,NA,18,spipyr,7,100,1,10,25,9,25,1,50,NA,NA,NA,NA
27,sm,LHH,NA,18,amealn,NA,NA,NA,10,10,9,30,7,20,12,NA,NA,NA
27,sm,LHH,NA,18,loninv,3,100,1,1,65,NA,NA,NA,NA,NA,NA,NA,NA
27,sm,LHH,added one,18,sorsco,10,100,2,3,100,NA,NA,NA,NA,NA,NA,NA,NA
27,sm,LHH,NA,18,sorsco,10,100,1,0,100,NA,NA,NA,NA,NA,y,NA,NA
27,sm,LHH,NA,18,symalb,NA,NA,NA,0,100,NA,NA,NA,NA,NA,NA,NA,NA
27,mp,LHH,NA,19,acegla,3,100,3,1,60,NA,NA,NA,NA,NA,NA,NA,NA
27,mp,LHH,5,19,alnvir,3,100,2,3,75,NA,NA,NA,NA,NA,NA,NA,NA
27,mp,LHH,7,19,alnvir,3,100,4,3,100,NA,NA,NA,NA,NA,NA,NA,NA
27,mp,LHH,NA,19,samrac,1,50,2,1,100,NA,NA,NA,NA,NA,NA,NA,NA
27,sm,LHH,NA,19,acegla,3,100,1,3,70,NA,NA,NA,NA,NA,NA,NA,NA
27,sm,LHH,NA,19,poptre,1,100,6,1,80,0,20,NA,NA,NA,NA,NA,NA
27,sm,LHH,NA,19,riblac,3,30,9,3,20,1,50,0,30,NA,NA,1,70
27,sm,LHH,NA,19,sorsco,0,100,1,10,33,1,33,0,33,NA,NA,NA,NA
27,sm,LHH,NA,19,spibet,11,25,4,10,20,9,20,7,40,NA,NA,7,75
27,mp,LHH,NA,20,acegla,1,80,10,1,50,NA,NA,NA,NA,NA,NA,NA,NA
27,mp,LHH,NA,20,rhoalb,11,25,4,9,20,7,20,3,50,9,NA,10,50
27,mp,LHH,NA,20,riblac,7,30,7,10,5,9,30,3,65,NA,NA,NA,NA
27,mp,LHH,NA,20,spibet,0,100,0,0,100,NA,NA,NA,NA,NA,NA,NA,NA
27,sm,LHH,NA,20,alnvir,1,100,1,0,100,NA,NA,NA,NA,NA,NA,NA,NA
27,sm,LHH,NA,20,betpap,9,100,3,9,100,,,NA,NA,NA,NA,NA,NA
27,sm,LHH,NA,20,rubpar,3,100,1,3,25,1,75,NA,NA,NA,NA,NA,NA
27,mp,LHH,4,21,acegla,1,100,3,1,50,0,50,NA,NA,14,NA,NA,NA
27,mp,LHH,7,21,menfer,3,50,12,9,10,7,70,3,20,18,NA,1,50
27,mp,LHH,11,21,rhoalb,11,100,6,9,50,3,20,1,20,18,NA,NA,NA
27,mp,LHH,NA,21,spipyr,9,100,1,15,50,7,25,3,25,NA,NA,NA,NA
27,sm,LHH,NA,21,alninc,7,50,2,3,100,NA,NA,NA,NA,NA,NA,NA,NA
27,sm,LHH,7,21,amealn,11,100,1,10,45,9,40,3,15,8,NA,NA,NA
27,sm,LHH,NA,21,amealn,10,100,1,10,70,1,15,NA,NA,7,NA,NA,NA
27,sm,LHH,NA,21,menfer,1,80,5,0,100,NA,NA,NA,NA,NA,NA,NA,NA
27,mp,LHH,NA,22,acegla,3,100,1,3,90,1,10,NA,NA,NA,NA,NA,NA
27,mp,LHH,9,22,alninc,3,100,1,1,30,0,70,NA,NA,10,NA,NA,NA
27,mp,LHH,10,22,alninc,11,100,1,11,30,10,60,9,10,7,NA,NA,NA
27,mp,LHH,10,22,spibet,11,100,1,9,65,3,35,NA,NA,3,NA,NA,NA
27,sm,LHH,NA,22,corsto,17,100,1,11,80,10,20,,,8,y,NA,NA
27,sm,LHH,NA,22,riblac,9,100,1,11,20,10,20,7,15,NA,NA,NA,NA
27,sm,LHH,NA,22,shecan,10,100,1,10,30,9,50,7,15,NA,NA,NA,NA
27,sm,LHH,NA,22,spibet,15,20,5,15,20,11,40,7,20,NA,NA,10,40
27,sm,LHH,NA,22,spipyr,1,100,1,10,10,7,10,3,80,NA,NA,NA,NA
27,mp,LHH,NA,23,alnvir,3,50,2,3,40,1,40,0,20,5,NA,NA,NA
27,mp,LHH,NA,23,popbal,7,100,1,7,75,3,25,NA,NA,NA,NA,NA,NA
27,mp,LHH,NA,23,rhoalb,10,100,4,7,10,3,50,1,25,NA,NA,7,25
27,mp,LHH,NA,23,vacmem,7,20,NA,9,10,7,10,3,60,NA,NA,NA,NA
27,sm,LHH,NA,23,alnvir,0,100,1,0,100,NA,NA,NA,NA,NA,NA,NA,NA
27,sm,LHH,NA,23,betpap,10,100,1,11,20,10,40,9,20,NA,NA,NA,NA
27,sm,LHH,NA,23,menfer,1,30,7,0,100,NA,NA,NA,NA,NA,NA,NA,NA
27,mp,LHH,5,24,poptre,1,100,2,1,100,NA,NA,NA,NA,2,NA,NA,NA
27,mp,LHH,13,24,sorsco,10,100,1,1,100,NA,NA,NA,NA,NA,NA,NA,NA
27,mp,LHH,9,24,symalb,NA,NA,NA,1,20,0,80,NA,NA,NA,NA,NA,NA
27,mp,LHH,wjt,24,vacmem,3,100,NA,9,15,3,80,1,20,NA,NA,0,80
27,sm,LHH,NA,24,acegla,3,100,2,3,50,1,40,0,10,NA,NA,NA,NA
27,sm,LHH,19,24,alnvir,3,100,1,3,65,1,35,NA,NA,14,NA,NA,NA
27,sm,LHH,11,24,loninv,11,100,1,7,15,3,65,1,10,12,NA,NA,NA
27,sm,LHH,NA,24,sorsco,10,100,1,0,100,NA,NA,NA,NA,NA,NA,NA,NA
27,mp,LHH,NA,25,alninc,1,100,1,7,60,3,40,NA,NA,5,NA,NA,NA
27,mp,LHH,NA,25,amealn,10,100,4,9,100,,,,,42,NA,7,25
27,mp,LHH,NA,25,corsto,15,100,1,15,40,10,20,7,20,NA,NA,NA,NA
27,mp,LHH,NA,25,symalb,NA,NA,NA,3,80,1,20,NA,NA,NA,NA,NA,NA
27,sm,LHH,NA,25,poptre,3,100,4,1,60,0,40,NA,NA,NA,NA,NA,NA
27,sm,LHH,NA,25,shecan,10,70,3,9,10,7,10,3,70,60,NA,NA,NA
27,sm,LHH,NA,25,spipyr,10,100,2,10,20,7,20,3,60,NA,NA,NA,NA
27,sm,LHH,NA,25,symalb,NA,NA,NA,3,10,1,50,0,40,NA,NA,NA,NA
27,mp,LHH,NA,26,acegla,7,20,5,1,100,NA,NA,NA,NA,NA,NA,NA,NA
27,mp,LHH,NA,26,alnvir,3,100,2,3,60,1,20,0,20,9,NA,NA,NA
27,mp,LHH,A,26,vibedu,9,100,1,3,100,NA,NA,NA,NA,6,NA,NA,NA
27,mp,LHH,NA,26,vibedu,10,100,1,3,100,NA,NA,NA,NA,4,NA,NA,NA
27,sm,LHH,2,26,acegla,1,100,1,1,50,0,50,NA,NA,NA,NA,NA,NA
27,sm,LHH,9,26,acegla,7,100,2,7,15,3,45,1,20,23,NA,NA,NA
27,sm,LHH,11,26,loninv,3,100,1,17,15,11,15,7,25,13,NA,NA,NA
27,sm,LHH, D,26,popre,1,100,6,1,20,0,80,NA,NA,46,NA,NA,NA
27,mp,LHH,NA,27,alninc,9,35,3,3,25,1,75,NA,NA,13,NA,NA,NA
27,mp,LHH,NA,27,amealn,9,100,1,11,10,9,60,7,10,27,NA,NA,NA
27,mp,LHH,NA,27,samrac,1,100,2,1,100,NA,NA,NA,NA,NA,NA,NA,NA
27,mp,LHH,NA,27,spibet,9,100,1,9,10,3,30,1,60,12,NA,NA,NA
27,sm,LHH,NA,27,alninc,3,100,1,1,40,0,60,NA,NA,NA,NA,NA,NA
27,sm,LHH,NA,27,poptre,17,20,5,10,30,7,10,3,60,18,NA,9,60
27,sm,LHH,NA,27,symalb,NA,NA,NA,7,20,3,60,1,20,NA,NA,NA,NA
27,mp,LHH,NA,28,acegla,3,100,1,3,100,NA,NA,NA,NA,9,NA,NA,NA
27,mp,LHH,NA,28,corsto,15,100,2,15,30,10,40,1,30,10,NA,NA,NA
27,mp,LHH,NA,28,popbal,1,100,1,9,30,3,70,,,7,NA,NA,NA
27,mp,LHH,NA,28,vacmem,17,40,NA,15,15,11,40,7,5,NA,y,10,50
27,sm,LHH,NA,28,acegla,7,100,1,1,60,0,40,NA,NA,10,NA,NA,NA
27,sm,LHH,NA,28,alninc,1,100,1,1,100,NA,NA,NA,NA,5,NA,NA,NA
27,sm,LHH,19,28,alnvir,3,100,3,3,65,1,35,NA,NA,14,NA,NA,NA
27,sm,LHH,NA,28,poptre,1,100,1,1,80,NA,NA,NA,NA,NA,NA,NA,NA
27,mp,LHH,NA,29,rubpar,10,100,1,9,65,3,35,NA,NA,3,NA,NA,NA
27,mp,LHH,9,29,shecan,7,100,2,9,60,7,20,3,20,60,NA,NA,NA
27,mp,LHH,NA,29,shecan,7,100,4,9,70,7,5,3,25,60,NA,NA,NA
27,mp,LHH,NA,29,symalb,NA,NA,NA,1,50,0,50,NA,NA,NA,NA,NA,NA
27,sm,LHH,7,29,shecan,3,100,2,9,30,7,30,3,40,NA,y,NA,NA
27,sm,LHH,NA,29,shecan,7,100,1,9,70,7,20,3,10,NA,NA,NA,NA
27,sm,LHH,NA,29,spipyr,11,100,1,9,10,3,90,NA,NA,NA,NA,NA,NA
27,mp,LHH,NA,30,rubpar,10,100,1,9,20,7,20,3,60,NA,NA,NA,NA
27,mp,LHH,NA,30,samrac,11,50,2,7,100,NA,NA,NA,NA,NA,NA,9,50
27,mp,LHH,A-tape,30,symalb,NA,NA,NA,3,50,1,50,NA,NA,NA,NA,NA,NA
27,mp,LHH,NA,30,symalb,NA,NA,NA,7,10,3,50,1,20,NA,NA,NA,NA
27,sm,LHH,NA,30,popbal,1,100,1,3,100,NA,NA,NA,NA,NA,NA,NA,NA
27,sm,LHH,NA,30,rubpar,15,100,1,9,25,3,75,NA,NA,NA,NA,NA,NA
27,sm,LHH,NA,30,spipyr,7,100,1,10,10,1,40,0,50,22,NA,NA,NA
27,sm,LHH,NA,30,vacmem,3,100,NA,15,5,11,15,10,20,NA,NA,NA,NA
27,mp,LHH,NA,31,corsto,10,100,1,7,25,3,35,1,50,8,NA,NA,NA
27,mp,LHH,NA,31,riblac,7,100,4,7,20,3,70,1,10,36,NA,NA,NA
27,mp,LHH,A,31,vacmem,10,30,NA,9,30,7,10,3,60,NA,NA,7,20
27,mp,LHH,B,31,vacmem,1,80,NA,1,20,0,80,NA,NA,NA,NA,NA,NA
27,sm,LHH,NA,31,alninc,7,65,3,3,50,1,50,NA,NA,8,NA,3,35
27,sm,LHH,NA,31,amealn,11,100,1,11,10,10,20,7,70,9,NA,NA,NA
27,sm,LHH,NA,31,betpap,3,100,1,3,90,0,10,NA,NA,8,NA,NA,NA
27,sm,LHH,NA,31,loninv,1,100,3,1,60,0,40,NA,NA,14,NA,NA,NA
27,mp,LHH,NA,32,alninc,3,100,1,3,10,1,60,0,30,10,NA,NA,NA
27,mp,LHH,NA,32,poptre,1,100,1,NA,NA,NA,NA,NA,NA,2,NA,NA,NA
27,mp,LHH,NA,32,sorsco,10,100,1,1,100,NA,NA,NA,NA,3,NA,NA,NA
27,mp,LHH,A,32,spibet,3,100,3,3,50,1,30,0,20,10,NA,NA,NA
27,mp,LHH,B,32,spibet,1,100,6,7,30,1,20,0,50,51,NA,NA,NA
27,sm,LHH,NA,32,alnvir,3,100,6,3,100,NA,NA,NA,NA,NA,NA,NA,NA
27,sm,LHH,NA,32,betpap,9,100,2,9,80,7,20,,,NA,NA,NA,NA
27,sm,LHH,NA,32,popbal,7,100,1,9,15,7,30,3,50,6,NA,NA,NA
27,sm,LHH,NA,32,rubpar ,0,100,2,0,100,NA,NA,NA,NA,NA,NA,NA,NA
27,mp,LHH,NA,33,amealn,9,100,1,9,100,,,NA,NA,17,NA,NA,NA
27,mp,LHH,NA,33,menfer,1,100,4,0,100,NA,NA,NA,NA,NA,NA,NA,NA
27,mp,LHH,NA,33,popbal,9,100,1,9,30,3,70,NA,NA,NA,NA,NA,NA
27,mp,LHH,NA,33,vacmem,17,10,NA,15,10,11,30,9,10,NA,NA,11,30
27,sm,LHH,13,33,acegla,1,100,4,0,100,NA,NA,NA,NA,NA,NA,NA,NA
27,sm,LHH, b12,33,spipyr,10,100,1,9,25,7,25,3,50,NA,NA,NA,NA
27,sm,LHH,4,33,vibedu,15,100,1,15,20,11,20,7,10,10,NA,NA,NA
27,sm,LHH,extra- branched,33,vibedu,11,60,5,11,50,3,50,NA,NA,2,NA,10,20
27,mp,LHH,NA,34,menfer,1,100,10,0,100,NA,NA,NA,NA,NA,NA,NA,NA
27,mp,LHH,NA,34,popbal,7,100,1,7,50,3,50,NA,NA,NA,NA,NA,NA
27,mp,LHH,NA,34,rubpar,7,100,1,7,25,3,75,NA,NA,NA,NA,NA,NA
27,mp,LHH,NA,34,shecan,7,50,2,9,20,7,40,3,20,NA,y,NA,NA
27,sm,LHH,NA,34,alninc,7,100,1,7,15,3,85,NA,NA,8,NA,NA,NA
27,sm,LHH,NA,34,amealn,10,100,3,10,25,9,40,7,20,13,NA,NA,NA
27,sm,LHH,NA,34,riblac,9,100,1,9,10,3,45,1,35,16,NA,NA,NA
27,sm,LHH,NA,34,vibedu,15,50,2,11,30,10,5,9,5,17,NA,11,50
27,mp,LHH,NA,35,loninv,3,100,1,3,25,1,75,NA,NA,8,NA,NA,NA
27,mp,LHH,NA,35,popbal,10,100,1,1,80,0,20,NA,NA,NA,NA,NA,NA
27,mp,LHH,NA,35,spibet,7,100,1,10,25,9,75,NA,NA,NA,NA,NA,NA
27,mp,LHH,NA,35,vibedu,10,100,1,3,100,NA,NA,NA,NA,12,NA,NA,NA
27,sm,LHH,NA,35,betpap,3,100,1,3,100,NA,NA,NA,NA,4,NA,NA,NA
27,sm,LHH,2,35,menfer,3,100,9,3,10,1,90,NA,NA,NA,NA,NA,NA
27,sm,LHH,11,35,menfer,3,80,11,7,15,3,50,1,35,NA,NA,NA,NA
27,sm,LHH,NA,35,symalb,NA,NA,NA,3,100,NA,NA,NA,NA,20,NA,NA,NA
27,mp,LHH,NA,36,alnvir,3,100,2,3,55,1,35,0,10,9,NA,NA,NA
27,mp,LHH,NA,36,menfer,1,100,4,0,100,NA,NA,NA,NA,NA,NA,NA,NA
27,mp,LHH,NA,36,poptre,3,100,1,7,35,3,60,1,5,NA,NA,NA,NA
27,mp,LHH,NA,36,rubpar,7,100,1,10,20,7,20,3,40,5,NA,NA,NA
27,sm,LHH,13,36,acegla,1,100,1,1,75,0,25,NA,NA,NA,NA,NA,NA
27,sm,LHH,11,36,sorsco,9,100,1,3,100,NA,NA,NA,NA,NA,NA,NA,NA
27,sm,LHH,11,36,vibedu,15,20,5,11,20,10,40,7,10,24,y,11,20
27,sm,LHH,2,36,vibedu,11,100,3,11,30,10,50,9,15,13,NA,NA,NA
27,mp,LHH,NA,37,alnvir,3,50,2,3,10,1,60,0,30,10,NA,NA,NA
27,mp,LHH,NA,37,loninv,3,100,5,1,100,NA,NA,NA,NA,4,NA,NA,NA
27,mp,LHH,NA,37,poptre,3,100,2,10,20,9,70,7,10,14,NA,NA,NA
27,mp,LHH,NA,37,vibedu,15,100,2,15,10,9,10,3,80,14,NA,NA,NA
27,sm,LHH, b,37,popre,1,75,1,NA,NA,NA,NA,NA,NA,3,NA,NA,NA
27,sm,LHH,NA,37,sorsco,11,33,3,NA,NA,NA,NA,NA,NA,NA,NA,1,66
27,sm,LHH,NA,37,symalb,NA,NA,NA,3,50,1,25,0,25,NA,NA,NA,NA
27,sm,LHH,3,37,vibedu,7,100,1,11,30,10,30,3,15,7,NA,NA,NA
27,mp,LHH,NA,38,popbal,1,100,1,1,100,NA,NA,NA,NA,NA,NA,NA,NA
27,mp,LHH,NA,38,rubpar,9,100,1,11,20,10,60,3,20,7,NA,NA,NA
27,mp,LHH,NA,38,samrac,3,50,2,3,100,NA,NA,NA,NA,NA,NA,NA,NA
27,mp,LHH,NA,38,shecan,3,75,3,9,10,7,10,3,40,NA,y,NA,NA
27,sm,LHH,A,38,spibet,7,100,1,3,100,NA,NA,NA,NA,NA,NA,NA,NA
27,sm,LHH,unknown,38,spibet,0,100,1,7,50,3,50,NA,NA,6,NA,NA,NA
27,sm,LHH,A,38,symalb,NA,NA,NA,7,15,3,50,1,30,NA,NA,NA,NA
27,sm,LHH,B,38,symalb,NA,NA,NA,7,10,3,50,1,30,NA,NA,NA,NA
27,sm,LHH,NA,38,vacmem,3,100,NA,3,20,1,40,0,40,NA,NA,NA,NA
27,mp,LHH,NA,39,acegla,1,100,2,1,100,NA,NA,NA,NA,6,NA,NA,NA
27,mp,LHH,NA,39,corsto,15,100,6,15,50,10,15,7,35,6,NA,9,75
27,mp,LHH,NA,39,samrac,1,100,2,1,100,NA,NA,NA,NA,NA,NA,NA,NA
27,mp,LHH,NA,39,shecan,7,100,1,9,10,7,10,3,40,24,y,NA,NA
27,sm,LHH,NA,39,betpap,7,100,2,7,30,3,70,NA,NA,5,NA,NA,NA
27,sm,LHH,NA,39,menfer,7,30,7,3,100,NA,NA,NA,NA,NA,NA,NA,NA
27,sm,LHH,NA,39,sorsco,0,100,2,NA,NA,NA,NA,NA,NA,NA,NA,NA,NA
27,sm,LHH,NA,39,vacmem,3,100,NA,9,20,7,10,3,60,NA,NA,1,10
27,mp,LHH,NA,40,corsto,15,100,5,15,60,10,20,NA,NA,11,NA,9,20
27,mp,LHH,NA,40,rhoalb,10,100,1,9,25,7,10,3,65,8,NA,NA,NA
27,mp,LHH,NA,40,rubpar,0,100,1,10,25,7,25,0,50,NA,NA,NA,NA
27,mp,LHH,NA,40,shecan,3,100,1,7,15,3,70,1,15,24,NA,NA,NA
27,sm,LHH,1,40,alninc,10,100,2,9,50,7,25,3,25,8,NA,NA,NA
27,sm,LHH,5,40,amealn,9,40,5,9,50,7,35,3,15,23,NA,1,40
27,sm,LHH, cl,40,symalb,NA,NA,NA,3,70,1,30,NA,NA,NA,NA,NA,NA
27,sm,LHH,4,40,vibedu,15,100,1,15,15,11,20,10,15,21,NA,NA,NA
27,mp,LHL,NA,1,amealn,9,100,6,9,45,7,15,3,30,24,NA,7,50
27,mp,LHL,NA,1,menfer,1,65,12,0,100,NA,NA,NA,NA,NA,NA,NA,NA
27,mp,LHL,NA,1,poptre,1,100,8,NA,NA,NA,NA,NA,NA,NA,NA,NA,NA
27,mp,LHL,NA,1,rhoalb,9,100,4,9,25,7,10,3,60,21,NA,NA,NA
27,sm,LHL,NA,1,acegla,3,100,1,1,80,NA,NA,NA,NA,NA,NA,NA,NA
27,sm,LHL,NA,1,corsto,15,40,5,11,80,9,20,NA,NA,NA,NA,10,60
27,sm,LHL,NA,1,spibet,1,100,0,3,95,NA,NA,NA,NA,NA,NA,NA,NA
27,mp,LHL,10,2,popbal,0,100,1,0,100,NA,NA,NA,NA,NA,NA,NA,NA
27,mp,LHL,9,2,rhoalb,9,100,2,9,100,,,NA,NA,NA,NA,NA,NA
27,mp,LHL,2,2,samrac,3,100,1,1,100,NA,NA,NA,NA,NA,NA,NA,NA
27,mp,LHL,7,2,vibedu,3,100,10,3,100,NA,NA,NA,NA,NA,NA,NA,NA
27,sm,LHL,3,2,amealn,9,66,3,9,40,3,10,1,50,16,NA,1,33
27,sm,LHL,10,2,popre,1,45,11,0,100,NA,NS,NA,NA,1,NA,0,55
27,sm,LHL,7,2,shecan,7,50,2,7,30,3,60,1,10,NA,y,NA,NA
27,sm,LHL, A29,2,spibet,7,100,1,3,75,0,25,NA,NA,4,NA,NA,NA
27,mp,LHL,6,3,popbal,0,100,1,1,100,,,,,,,,
27,mp,LHL,sg,3,rubpar,1,100,1,1,100,,,,,6,,,
27,mp,LHL,NA,3,spibet,NA,NA,NA,NA,NA,NA,NA,NA,NA,NA,NA,NA,NA
27,mp,LHL,atml,3,vibedu,3,100,1,7,15,3,85,,,,,,
27,sm,LHL,5,3,betpap,0,100,1,0,100,NA,NA,NA,NA,6,NA,NA,NA
27,sm,LHL,5,3,loninv,3,100,1,3,50,1,25,0,25,NA,NA,NA,NA
27,sm,LHL,8,3,menfer,1,64,14,0,100,NA,NA,NA,NA,NA,NA,NA,NA
27,sm,LHL, cl,3,symalb,NA,NA,NA,1,100,NA,NA,NA,NA,NA,NA,NA,NA
27,mp,LHL,10,4,alninc,3,100,1,3,100,NA,NA,NA,NA,NA,NA,NA,NA
27,mp,LHL,2,4,popbal,1,100,1,7,15,3,85,NA,NA,NA,NA,NA,NA
27,mp,LHL,tml,4,spibet,1,100,1,1,40,0,60,NA,NA,NA,NA,NA,NA
27,mp,LHL,tml-unbranched,4,spibet,1,100,1,1,100,NA,NA,NA,NA,NA,NA,NA,NA
27,sm,LHL,8,4,popbal,NA,NA,NA,1,100,NA,NA,NA,NA,NA,NA,NA,NA
27,sm,LHL, C,4,popre,0,100,5,0,100,NA,NA,NA,NA,7,NA,NA,NA
27,Sm,LHL,7,4,shecan,1,100,1,1,100,NA,NA,NA,NA,NA,NA,NA,NA
27,sm,LHL, oc21,4,vacmem,3,10,NA,3,10,1,35,0,55,NA,NA,NA,NA
27,mp,LHL,10,5,loninv,3,100,1,3,100,NA,NA,NA,NA,6,NA,NA,NA
27,mp,LHL,3,5,riblac,1,100,6,1,100,NA,NA,NA,NA,NA,NA,NA,NA
27,mp,LHL,tml,5,rubpar,0,100,1,1,50,NA,NA,NA,NA,NA,NA,NA,NA
27,mp,LHL,11,5,samrac,1,100,2,1,100,NA,NA,NA,NA,NA,NA,NA,NA
27,sm,LHL,5,5,betpap,1,50,2,1,25,0,75,NA,NA,8,NA,NA,NA
27,sm,LHL,5,5,loninv,3,70,7,1,30,0,70,NA,NA,34,NA,1,30
27,sm,LHL, A,5,popbal,0,100,1,0,100,NA,NA,NA,NA,NA,NA,NA,NA
27,sm,LHL, A34,5,spibet,3,20,5,3,20,1,60,0,20,NA,NA,1,80
27,mp,LHL,3,6,alninc,1,50,2,1,40,0,60,NA,NA,8,NA,NA,NA
27,mp,LHL,4,6,alninc,7,30,3,1,30,0,70,NA,NA,15,NA,3,70
27,mp,LHL,6,6,amealn,0,100,4,0,100,NA,NA,NA,NA,NA,NA,NA,NA
27,mp,LHL,9,6,rubpar,0,100,1,0,100,NA,NA,NA,NA,NA,NA,NA,NA
27,sm,LHL,10,6,betpap,1,66,3,1,25,0,75,NA,NA,11,NA,NA,NA
27,sm,LHL,9,6,loninv,7,100,1,9,50,3,50,NA,NA,NA,NA,NA,NA
27,sm,LHL, cl,6,rubpar,0,100,1,0,100,NA,NA,NA,NA,NA,NA,NA,NA
27,sm,LHL, cl,6,rubpar,0,100,1,0,100,NA,NA,NA,NA,NA,NA,NA,NA
27,sm,LHL,7,6,shecan,3,100,1,3,50,1,50,NA,NA,NA,y,NA,NA
27,mp,LHL,8,7,menfer,3,100,12,1,25,0,75,NA,NA,NA,NA,NA,NA
27,mp,LHL,6,7,riblac,3,100,3,3,50,1,30,0,20,NA,NA,NA,NA
27,mp,LHL,13,7,sorsco,9,100,1,1,100,NA,NA,NA,NA,NA,NA,NA,NA
27,mp,LHL,11,7,vacmem,3,100,100,3,75,1,20,0,5,NA,NA,NA,NA
27,sm,LHL,6,7,alnvir,0,100,NA,0,100,,,,,,,,
27,sm,LHL,12,7,sorsco,0,100,NA,0,100,,,,,,,,
27,sm,LHL, oc21,7,vacmem,0,100,NA,0,100,,,,,,,,
27,mp,LHL,2,8,amealn,1,100,1,3,20,1,80,NA,NA,NA,NA,NA,NA
27,mp,LHL,6,8,corsto,11,100,1,10,60,7,10,1,30,8,NA,NA,NA
27,mp,LHL,8,8,menfer,1,85,14,0,100,NA,NA,NA,NA,NA,NA,NA,NA
27,mp,LHL,9,8,popbal,0,100,1,0,100,NA,NA,NA,NA,NA,NA,NA,NA
27,sm,LHL,13,8,acegla,3,100,1,3,80,1,20,NA,NA,NA,NA,NA,NA
27,sm,LHL,9,8,menfer,1,50,13,0,100,NA,NA,NA,NA,NA,NA,NA,NA
27,sm,LHL,12,8,popbal,0,100,1,0,100,NA,NA,NA,NA,NA,NA,NA,NA
27,sm,LHL,3,8,popbal,0,100,1,0,100,NA,NA,NA,NA,NA,NA,NA,NA
27,mp,LHL,8,9,samrac,0,100,NA,0,100,,,,,,,,
27,mp,LHL,6,9,shecan,0,100,NA,0,100,,,,,,,,
27,mp,LHL,tml,9,spibet,0,100,NA,0,100,,,,,,,,
27,mp,LHL,wjt,9,spipyr,0,100,NA,0,100,,,,,,,,
27,sm,LHL,13,9,acegla,3,100,2,3,20,1,60,0,20,NA,NA,NA,NA
27,sm,LHL,12,9,popbal,0,100,3,NA,NA,NA,NA,NA,NA,NA,NA,NA,NA
27,sm,LHL,7,9,sorsco,10,50,1,1,50,0,50,NA,NA,NA,NA,1,50
27,mp,LHL,7,10,acegla,0,100,NA,0,100,,,,,,,,
27,mp,LHL,11,10,shecan,0,100,NA,0,100,,,,,,,,
27,mp,LHL,NA,10,spipyr,0,100,NA,0,100,,,,,,,,
27,mp,LHL,A,10,vacmem,0,100,NA,0,100,,,,,,,,
27,sm,LHL, 3b-A,10,riblac,1,100,1,1,100,NA,NA,NA,NA,NA,NA,NA,NA
27,sm,LHL, 3b,10,riblac,1,100,1,1,100,NA,NA,NA,NA,NA,NA,NA,NA
27,sm,LHL,8,10,shecan,1,100,NA,1,100,NA,NA,NA,NA,NA,NA,NA,NA
27,mp,LHL,8,11,menfer,1,100,3,1,40,0,60,NA,NA,NA,NA,NA,NA
27,mp,LHL,2,11,shecan,1,100,1,1,75,0,25,NA,NA,NA,y,NA,NA
27,mp,LHL,wjt,11,spipyr,0,100,1,0,100,NA,NA,NA,NA,NA,NA,NA,NA
27,mp,LHL,tml,11,vacmem,3,100,NA,9,5,7,10,3,60,NA,NA,NA,NA
27,sm,LHL,9,11,acegla,1,100,4,1,70,0,30,NA,NA,NA,NA,NA,NA
27,sm,LHL,4,11,alninc,1,100,1,0,100,NA,NA,NA,NA,NA,NA,NA,NA
27,sm,LHL,7,11,amealn,9,100,1,9,10,7,30,3,50,10,NA,NA,NA
27,sm,LHL,3,11,symalb,NA,NA,NA,1,50,0,50,NA,NA,NA,NA,NA,NA
27,mp,LHL,6,12,amealn,1,100,3,3,15,1,85,NA,NA,21,NA,NA,NA
27,mp,LHL,6,12,amealn,1,100,2,3,15,1,85,NA,NA,13,NA,NA,NA
27,mp,LHL,9,12,sorsco,1,100,2,7,25,1,75,NA,NA,NA,NA,NA,NA
27,mp,LHL,9,12,sorsco,1,100,1,1,100,NA,NA,NA,NA,NA,NA,NA,NA
27,sm,LHL,NA,12,alninc,1,100,1,1,20,0,80,NA,NA,10,NA,NA,NA
27,sm,LHL,NA,12,amealn,3,100,2,3,30,1,30,0,40,7,NA,NA,NA
27,sm,LHL,NA,12,sorsco,0,100,1,0,100,NA,NA,NA,NA,NA,NA,NA,NA
27,sm,LHL,NA,12,vibedu,10,100,2,11,65,10,5,9,10,14,NA,NA,NA
27,mp,LHL,3,13,acegla,3,100,2,3,50,1,50,NA,NA,NA,NA,NA,NA
27,mp,LHL,10,13,alninc,1,100,2,1,50,0,50,NA,NA,NA,NA,NA,NA
27,mp,LHL,2,13,shecan,1,100,1,1,100,NA,NA,NA,NA,NA,NA,NA,NA
27,mp,LHL,wjt,13,spipyr,0,100,1,0,100,NA,NA,NA,NA,NA,NA,NA,NA
27,sm,LHL,10,13,betpap,7,50,2,7,25,3,75,NA,NA,NA,NA,3,50
27,sm,LHL,2,13,menfer,3,80,20,1,100,NA,NA,NA,NA,NA,NA,0,20
27,sm,LHL, cl,13,rubpar,7,25,2,7,30,3,70,NA,NA,NA,NA,1,75
27,sm,LHL,1,13,corsto,11,100,1,10,30,7,15,3,30,NA,NA,NA,NA
27,mp,LHL,7,14,acegla,7,10,9,7,10,3,60,1,20,NA,NA,NA,NA
27,mp,LHL,10,14,loninv,NA,NA,NA,1,80,0,20,NA,NA,10,NA,NA,NA
27,mp,LHL,10,14,menfer,1,65,6,0,100,NA,NA,NA,NA,NA,NA,0,35
27,mp,LHL,bski,14,poptre,1,60,16,NA,NA,NA,NA,NA,NA,NA,NA,0,40
27,sm,LHL,7,14,acegla,0,100,NA,0,100,,,,,,,,
27,sm,LHL,10,14,alnvir,0,100,NA,0,100,,,,,,,,
27,sm,LHL, cl,14,rubpar,0,100,NA,0,100,,,,,,,,
27,sm,LHL, cl,14,rubpar,0,100,NA,0,100,,,,,,,,
27,mp,LHL,4,15,alninc,0,100,NA,0,100,,,,,,,,
27,mp,LHL,9,15,rubpar,0,100,NA,0,100,,,,,,,,
27,mp,LHL,2,15,spipyr,0,100,NA,0,100,,,,,,,,
27,mp,LHL,2,15,vibedu,0,100,NA,0,100,,,,,,,,
27,sm,LHL, A,15,corsto,10,100,1,10,35,9,35,3,30,NA,NA,NA,NA
27,sm,LHL, C,15,popre,1,100,5,1,100,NA,NA,NA,NA,NA,NA,NA,NA
27,sm,LHL,NA,15,symalb,NA,NA,NA,1,30,0,70,NA,NA,NA,NA,NA,NA
27,sm,LHL,NA,15,symalb,NA,NA,NA,3,70,0,30,NA,NA,NA,NA,NA,NA
27,mp,LHL,10,16,riblac,1,100,3,1,60,0,40,NA,NA,NA,NA,NA,NA
27,mp,LHL,LL,16,symalb,NA,NA,NA,1,100,NA,NA,NA,NA,NA,NA,NA,NA
27,mp,LHL,Tml,16,vacmem,7,10,NA,3,60,1,30,0,10,NA,NA,3,90
27,mp,LHL,11,16,vibedu,3,100,1,3,100,NA,NA,NA,NA,8,NA,NA,NA
27,sm,LHL,NA,16,alnvir,0,100,3,0,100,NA,NA,NA,NA,11,NA,NA,NA
27,sm,LHL,NA,16,riblac,1,100,5,1,100,NA,NA,NA,NA,32,NA,NA,NA
27,sm,LHL,NA,16,vibedu,15,50,2,11,45,10,25,9,25,13,NA,11,50
27,mp,LHL,1,17,alnvir,3,33,3,1,40,0,60,NA,NA,NA,NA,1,66
27,mp,LHL,10,17,popbal,0,100,1,0,100,NA,NA,NA,NA,NA,NA,NA,NA
27,mp,LHL,tml,17,spibet,0,100,1,0,100,NA,NA,NA,NA,NA,NA,NA,NA
27,mp,LHL,eg,17,symalb,NA,NA,NA,1,80,0,20,NA,NA,NA,NA,NA,NA
27,sm,LHL,NA,17,amealn,3,100,1,3,50,0,50,NA,NA,10,NA,NA,NA
27,sm,LHL,NA,17,loninv,3,100,2,3,40,1,40,0,20,24,NA,NA,NA
27,sm,LHL,NA,17,riblac,7,50,2,3,50,1,40,0,10,18,NA,NA,NA
27,sm,LHL,NA,17,shecan,3,100,1,3,60,1,30,10,NA,NA,NA,NA,NA
27,sm,LHL,NA,17,vibedu,11,100,1,11,100,NA,NA,NA,NA,11,NA,NA,NA
27,mp,LHL,10,18,alninc,1,100,1,1,100,NA,NA,NA,NA,NA,NA,NA,NA
27,mp,LHL,6,18,popbal,0,100,1,0,100,NA,NA,NA,NA,NA,NA,NA,NA
27,mp,LHL,8,18,samrac,1,100,2,1,50,NA,NA,NA,NA,NA,NA,NA,NA
27,mp,LHL,9,18,samrac,1,100,2,3,100,NA,NA,NA,NA,NA,NA,NA,NA
27,sm,LHL,2,18,acegla,1,100,4,1,30,0,70,NA,NA,10,NA,NA,NA
27,sm,LHL,9,18,acegla,1,100,3,1,60,0,40,NA,NA,12,NA,NA,NA
27,sm,LHL,2,18,alninc,1,100,2,0,100,NA,NA,NA,NA,9,NA,NA,NA
27,sm,LHL,12,18,sorsco,10,50,2,1,100,NA,NA,NA,NA,NA,NA,9,50
27,mp,LHL,NA,19,corsto,11,100,1,11,20,10,20,7,10,10,NA,NA,NA
27,mp,LHL,NA,19,rhoalb,9,100,1,9,25,7,75,,,8,NA,NA,NA
27,mp,LHL,8,19,vibedu,3,100,1,3,90,1,10,NA,NA,9,NA,NA,NA
27,mp,LHL,11,19,vibedu,3,100,1,3,75,1,20,0,5,18,NA,NA,NA
27,sm,LHL,NA,19,loninv,11,60,5,10,25,9,20,7,15,23,NA,10,40
27,sm,LHL,NA,19,riblac,NA,NA,NA,1,40,0,60,NA,NA,NA,NA,NA,NA
27,sm,LHL,NA,19,spibet,3,100,1,7,20,3,80,NA,NA,5,NA,NA,NA
27,sm,LHL,NA,19,spipyr,1,100,4,3,30,1,40,0,30,32,NA,NA,NA
27,mp,LHL,1,20,corsto,7,100,2,3,65,1,35,NA,NA,NA,NA,NA,NA
27,mp,LHL,5,20,corsto,9,60,5,9,15,1,60,0,25,6,NA,3,40
27,mp,LHL,11,20,rhoalb,9,100,5,3,80,0,20,NA,NA,NA,NA,1,80
27,mp,LHL,7,20,vibedu,3,100,1,3,80,1,20,NA,NA,NA,NA,NA,NA
27,sm,LHL, D,20,popre,3,100,9,1,100,NA,NA,NA,NA,NA,NA,NA,NA
27,sm,LHL,NA,20,rubpar,0,100,1,1,25,0,75,NA,NA,NA,NA,NA,NA
27,sm,LHL,NA,20,spibet,7,100,1,7,10,3,30,70,NA,NA,NA,NA,NA
27,sm,LHL,NA,20,spipyr,7,100,1,3,100,NA,NA,NA,NA,NA,NA,NA,NA
27,mp,LHL,4,21,alnvir,1,100,1,1,40,0,60,NA,NA,13,NA,NA,NA
27,mp,LHL,3,21,rhoalb,7,100,8,3,100,,,NA,NA,NA,NA,NA,NA
27,mp,LHL,sg,21,rubpar,7,100,2,7,100,NA,NA,NA,NA,NA,NA,NA,NA
27,mp,LHL,ll - missing,21,symalb,NA,NA,NA,1,60,0,40,NA,NA,NA,NA,NA,NA
27,sm,LHL,2,21,alnvir,1,100,2,0,100,,,,,,,,
27,sm,LHL,3,21,amealn,3,100,1,1,50,0,50,,,8,,,
27,mp,LHL,1,22,alnvir,7,25,4,3,10,1,80,0,10,20,NA,3,75
27,mp,LHL,3,22,alnvir,3,100,5,3,30,1,25,0,45,15,NA,NA,NA
27,mp,LHL,2,22,samrac,1,100,2,1,100,NA,NA,NA,NA,NA,NA,NA,NA
27,mp,LHL,tml,22,vacmem,3,100,NA,3,50,1,25,0,25,NA,NA,NA,NA
27,sm,LHL, A,22,corsto,10,100,1,10,65,3,15,1,15,NA,NA,NA,NA
27,sm,LHL,7,22,loninv,1,100,3,0,100,NA,NA,NA,NA,NA,NA,NA,NA
27,sm,LHL,13,22,menfer,3,100,15,1,20,0,80,NA,NA,NA,NA,NA,NA
27,sm,LHL,8,22,popbal,0,100,4,0,100,NA,NA,NA,NA,NA,NA,NA,NA
27,mp,LHL,10,23,loninv,3,100,2,1,100,NA,NA,NA,NA,NA,NA,NA,NA
27,mp,LHL,6,23,poptre,1,100,8,1,100,NA,NA,NA,NA,NA,NA,NA,NA
27,mp,LHL,tml,23,rubpar,3,100,1,3,100,NA,NA,NA,NA,NA,NA,NA,NA
27,mp,LHL,Asf,23,sorsco,9,50,2,9,40,7,20,1,40,7,NA,1,50
27,sm,LHL, 3b,23,riblac,3,50,6,1,60,0,40,NA,NA,NA,NA,NA,NA
27,sm,LHL,NA,23,spibet,3,100,1,9,10,3,50,1,25,NA,NA,NA,NA
27,sm,LHL,NA,23,spipyr,3,50,4,9,20,3,30,1,25,NA,NA,1,50
27,sm,LHL,3,23,vibedu,10,50,2,11,40,3,60,NA,NA,8,NA,7,50
27,mp,LHL,4,24,amealn,0,100,NA,0,100,,,,,,,,
27,mp,LHL,9,24,popbal,0,100,NA,0,100,,,,,,,,
27,mp,LHL,8,24,sorsco,0,100,NA,0,100,,,,,,,,
27,mp,LHL,13,24,sorsco,0,100,NA,0,100,,,,,,,,
27,sm,LHL,NA,24,betpap,1,100,1,3,40,1,60,NA,NA,4,NA,NA,NA
27,sm,LHL,NA,24,sorsco,10,100,1,1,50,0,50,NA,NA,3,NA,NA,NA
27,sm,LHL,NA,24,sorsco,1,100,1,0,100,NA,NA,NA,NA,3,NA,NA,NA
27,sm,LHL,NA,24,vibedu,11,100,1,11,90,3,10,NA,NA,11,NA,NA,NA
27,mp,LHL,NA,25,corsto,10,100,1,9,20,7,20,3,60,10,NA,NA,NA
27,mp,LHL,NA,25,loninv,7,100,1,7,10,3,10,1,80,8,NA,NA,NA
27,mp,LHL,NA,25,spibet,0,100,1,0,100,NA,NA,NA,NA,9,NA,NA,NA
27,mp,LHL,NA,25,spipyr,NA,NA,NA,1,50,0,50,NA,NA,NA,NA,NA,NA
27,sm,LHL,8,25,popbal,0,100,NA,0,100,,,,,,,,
27,sm,LHL, B,25,popre,0,100,NA,0,100,,,,,,,,
27,sm,LHL,NA,25,Shecan,0,100,NA,0,100,,,,,,,,
27,sm,LHL,NA,25,spibet,0,100,NA,0,100,,,,,,,,
27,mp,LHL,4,26,alnvir,1,100,2,1,20,0,80,NA,NA,NA,NA,NA,NA
27,mp,LHL,5,26,poptre,1,100,9,NA,NA,NA,NA,NA,NA,NA,NA,NA,NA
27,mp,LHL,3,26,rhoalb,7,100,4,7,25,3,75,NA,NA,NA,NA,NA,NA
27,mp,LHL,10,26,riblac,1,100,6,1,100,NA,NA,NA,NA,NA,NA,NA,NA
27,sm,LHL,7,26,amealn,9,100,1,3,100,NA,NA,NA,NA,5,NA,NA,NA
27,sm,LHL,6,26,betpap,1,100,2,1,50,0,50,NA,NA,NA,NA,NA,NA
27,sm,LHL, w10,26,rubpar,3,50,2,1,40,0,60,NA,NA,NA,NA,NA,NA
27,sm,LHL,NA,26,vacmem,3,80,NA,3,20,1,30,0,50,NA,NA,1,20
27,mp,LHL,6,27,popbal,0,100,1,0,100,NA,NA,NA,NA,NA,NA,NA,NA
27,mp,LHL,5,27,poptre,1,100,7,NA,NA,NA,NA,NA,NA,NA,NA,NA,NA
27,mp,LHL,11,27,rhoalb,9,100,6,7,60,3,40,NA,NA,NA,NA,NA,NA
27,mp,LHL,11,27,riblac,1,100,3,1,30,0,70,NA,NA,NA,NA,NA,NA
27,sm,LHL,6,27,alnvir,3,100,2,3,80,1,20,NA,NA,10,NA,NA,NA
27,sm,LHL,6,27,amealn,9,100,5,9,30,7,5,3,20,31,NA,NA,NA
27,sm,LHL,12,27,sorsco,7,100,1,7,60,3,40,NA,NA,NA,NA,NA,NA
27,sm,LHL, oc 21,27,vacmem,3,100,NA,3,80,1,15,0,5,NA,NA,NA,NA
27,mp,LHL,10-missing,28,menfer,NA,NA,NA,NA,NA,NA,NA,NA,NA,NA,NA,NA,NA
27,mp,LHL,csf,28,riblac,1,100,7,1,100,NA,NA,NA,NA,NA,NA,NA,NA
27,mp,LHL,2,28,spipyr,0,100,6,0,100,NA,NA,NA,NA,NA,NA,NA,NA
27,mp,LHL,2,28,spipyr,0,100,5,0,100,NA,NA,NA,NA,NA,NA,NA,NA
27,sm,LHL,1,28,alninc,0,100,NA,0,100,,,,,,,,
27,sm,LHL,11,28,corsto,0,100,NA,0,100,,,,,,,,
27,sm,LHL,5,28,sorsco,0,100,NA,0,100,,,,,,,,
27,sm,LHL, A17,28,spibet,0,100,NA,0,100,,,,,,,,
27,mp,LHL,9,29,rhoalb,9,100,4,7,50,3,50,NA,NA,NA,NA,NA,NA
27,mp,LHL,Dsf,29,riblac,1,100,3,1,80,0,20,NA,NA,NA,NA,NA,NA
27,mp,LHL,9,29,sorsco,0,100,1,0,100,NA,NA,NA,NA,NA,NA,NA,NA
27,mp,LHL,eg,29,symalb,NA,NA,NA,1,80,0,20,NA,NA,NA,NA,NA,NA
27,sm,LHL,5,29,alninc,0,100,1,0,100,NA,NA,NA,NA,NA,NA,NA,NA
27,sm,LHL, cl,29,symalb,NA,NA,NA,0,100,NA,NA,NA,NA,NA,NA,NA,NA
27,sm,LHL, cl,29,vacmem,7,70,NA,7,10,3,80,1,10,NA,NA,NA,NA
27,sm,LHL, cl,29,vacmem,7,20,NA,3,30,1,60,0,10,NA,NA,3,80
27,mp,LHL,7,30,alnvir,0,100,NA,0,100,,,,,,,,
27,mp,LHL,5,30,alnvir,0,100,NA,0,100,,,,,,,,
27,mp,LHL,8,30,loninv,0,100,NA,0,100,,,,,,,,
27,mp,LHL,9,30,symalb,NA,NA,NA,0,100,,,,,,,,
27,sm,LHL,1,30,alninc,1,100,1,1,100,,,,,,,,
27,sm,LHL,3,30,amealn,1,100,2,0,100,,,,,,,,
27,sm,LHL, C,30,popre,1,100,21,7,10,1,90,,,12,,,
27,sm,LHL, B15,30,spipyr,1,100,1,1,100,,,,,,,,
27,mp,LHL,5,31,corsto,9,100,1,7,20,1,80,NA,NA,NA,NA,NA,NA
27,mp,LHL,Geg,31,poptre,1,100,2,1,40,0,60,NA,NA,NA,NA,NA,NA
27,mp,LHL,tml,31,spibet,0,100,1,0,100,NA,NA,NA,NA,NA,NA,NA,NA
27,mp,LHL,eg,31,symalb,NA,NA,NA,1,60,0,40,NA,NA,NA,NA,NA,NA
27,sm,LHL,NA,31,loninv,9,100,1,10,10,9,40,3,40,8,NA,NA,NA
27,sm,LHL,3b,31,riblac,1,100,2,1,60,0,40,NA,NA,24,NA,NA,NA
27,sm,LHL,9,31,riblac,0,100,1,1,20,0,80,NA,NA,NA,NA,NA,NA
27,sm,LHL,NA,31,shecan,3,100,2,9,25,7,5,3,65,NA,y,NA,NA
27,mp,LHL,5,32,alnvir,0,100,NA,0,100,,,,,,,,
27,mp,LHL,8,32,loninv,0,100,NA,0,100,,,,,,,,
27,mp,LHL,11,32,riblac,0,100,NA,0,100,,,,,,,,
27,mp,LHL,9,32,symalb,NA,NA,NA,0,100,,,,,,,,
27,sm,LHL,NA,32,loninv,3,100,1,3,90,1,10,NA,NA,10,NA,NA,NA
27,sm,LHL,NA,32,poptre,0,100,3,0,100,NA,NA,NA,NA,NA,NA,NA,NA
27,sm,LHL,NA,32,vibedu,11,100,1,11,50,10,30,3,20,14,NA,NA,NA
27,mp,LHL,4,33,alninc,1,100,1,1,100,,,,,,,,
27,mp,LHL,8,33,shecan,7,100,1,3,40,1,60,,,,y,,
27,mp,LHL,9,33,sorsco,7,25,4,1,100,,,,,,,,
27,mp,LHL,tml,33,vacmem,3,100,,3,80,1,20,,,,,,
27,sm,LHL,1,33,alninc,0,100,NA,0,100,,,,,,,,
27,sm,LHL,8,33,popbal,0,100,NA,0,100,,,,,,,,
27,sm,LHL, b21,33,spipyr,0,100,NA,0,100,,,,,,,,
27,sm,LHL,2,33,symalb,NA,NA,NA,0,100,,,,,,,,
27,mp,LHL,10,34,corsto,0,100,NA,0,100,,,,,,,,
27,mp,LHL,4,34,loninv,0,100,NA,0,100,,,,,,,,
27,mp,LHL,Beg-juv,34,poptre,0,100,NA,0,100,,,,,,,,
27,mp,LHL,sg,34,rubpar,0,100,NA,0,100,,,,,,,,
27,sm,LHL,2,34,alnvir,0,100,NA,0,100,,,,,,,,
27,sm,LHL,8,34,menfer,0,100,NA,0,100,,,,,,,,
27,sm,LHL,8,34,popre,0,100,NA,0,100,,,,,,,,
27,sm,LHL,11,34,sorsco,0,100,NA,0,100,,,,,,,,
27,mp,LHL,3,35,acegla,3,25,12,1,60,NA,NA,NA,NA,18,NA,1,75
27,mp,LHL,10,35,corsto,10,100,1,10,65,3,35,NA,NA,NA,NA,NA,NA
27,mp,LHL,10,35,loninv,3,100,1,1,100,NA,NA,NA,NA,6,NA,NA,NA
27,mp,LHL,LL,35,vacmem,3,100,NA,3,80,1,20,NA,NA,NA,NA,NA,NA
27,sm,LHL,11,35,acegla,0,100,NA,0,100,,,,,,,,
27,sm,LHL, #3,35,menfer,0,100,NA,0,100,,,,,,,,
27,sm,LHL, cl,35,rubpar,0,100,NA,0,100,,,,,,,,
27,sm,LHL, b5,35,spipyr,0,100,NA,0,100,,,,,,,,
27,mp,LHL,11,36,acegla,1,100,4,NA,NA,,,,,,,,
27,mp,LHL,4,36,acegla,7,100,1,3,100,,,,,8,,,
27,mp,LHL,2,36,amealn,3,100,1,1,100,,,,,6,,,
27,mp,LHL,11,36,vibedu,0,100,NA,0,100,,,,,,,,
27,sm,LHL, A,36,corsto,10,100,1,9,75,1,25,NA,NA,NA,NA,NA,NA
27,sm,LHL,13,36,menfer,3,100,20,1,100,NA,NA,NA,NA,NA,NA,NA,NA
27,sm,LHL,NA,36,spipyr,0,100,1,3,50,1,20,0,30,NA,NA,NA,NA
27,sm,LHL,NA,36,symalb,NA,NA,NA,3,60,1,20,0,20,NA,NA,NA,NA
27,mp,LHL,7,37,menfer,1,100,8,0,100,NA,NA,NA,NA,NA,NA,NA,NA
27,mp,LHL,8,37,samrac,1,100,2,7,100,NA,NA,NA,NA,NA,NA,NA,NA
27,mp,LHL,2,37,shecan,3,100,1,3,60,1,30,NA,NA,NA,NA,NA,NA
27,mp,LHL,11,37,vacmem,3,20,1,1,100,NA,NA,NA,NA,NA,NA,1,80
27,sm,LHL,5,37,alninc,0,100,NA,0,100,,,,,,,,
27,sm,LHL,1,37,betpap,0,100,NA,0,100,,,,,,,,
27,sm,LHL, #3,37,menfer,0,100,NA,0,100,,,,,,,,
27,sm,LHL, oc21`,37,vacmem,0,100,NA,0,100,,,,,,,,
27,mp,LHL,11,38,acegla,0,100,NA,0,100,,,,,,,,
27,mp,LHL,11,38,acegla,0,100,NA,0,100,,,,,,,,
27,mp,LHL,tml,38,rubpar,0,100,NA,0,100,,,,,,,,
27,mp,LHL,11,38,shecan,0,100,NA,0,100,,,,,,,,
27,sm,LHL,6,38,alnvir,3,100,1,3,10,0,90,NA,NA,NA,NA,NA,NA
27,sm,LHL,10,38,alnvir,1,100,2,1,10,0,90,NA,NA,12,NA,NA,NA
27,sm,LHL,NA,38,corsto,11,100,6,10,60,9,40,,,13,NA,7,65
27,sm,LHL,NA,38,vibedu,11,100,1,11,70,9,30,NA,NA,7,NA,NA,NA
27,mp,LHL,7,39,amealn,3,50,2,3,30,1,50,0,20,NA,NA,NA,NA
27,mp,LHL,10,39,menfer,1,40,19,NA,NA,NA,NA,NA,NA,NA,NA,0,60
27,mp,LHL,Geg,39,poptre,1,70,7,1,100,NA,NA,NA,NA,NA,NA,0,30
27,mp,LHL,tml,39,spibet,1,100,1,1,50,0,50,NA,NA,NA,NA,NA,NA
27,sm,LHL,NA,39,corsto,9,100,1,9,100,NA,NA,NA,NA,NA,NA,NA,NA
27,sm,LHL,NA,39,spipyr,1,100,1,1,90,0,10,NA,NA,NA,NA,NA,NA
27,sm,LHL,NA,39,symalb,NA,NA,NA,3,70,1,30,0,10,NA,NA,NA,NA
27,sm,LHL,NA,39,vibedu,11,20,5,11,30,10,40,9,25,21,NA,7,60
27,mp,LHL,10,40,alninc,0,100,NA,0,100,,,,,,,,
27,mp,LHL,8,40,samrac,0,100,NA,0,100,,,,,,,,
27,mp,LHL,4,40,shecan,0,100,NA,0,100,,,,,,,,
27,mp,LHL,9,40,symalb,NA,NA,NA,0,100,,,,,,,,
27,sm,LHL,5,40,betpap,0,100,1,0,100,NA,NA,NA,NA,10,NA,NA,NA
27,sm,LHL, b,40,corsto,10,100,1,9,80,7,10,2,10,NA,NA,NA,NA
27,sm,LHL, oc 25,40,vacmem,3,60,NA,3,50,1,25,0,25,NA,NA,1,60
27,mp,LLH,NA,1,amealn,15,100,1,11,20,9,60,7,10,15,NA,NA,NA
27,mp,LLH,NA,1,corsto,15,100,1,15,25,11,30,9,25,13,NA,NA,NA
27,mp,LLH,NA,1,riblac,3,100,3,7,20,3,40,1,20,18,NA,NA,NA
27,mp,LLH,NA,1,symalb,NA,NA,NA,7,40,3,50,1,10,NA,NA,NA,NA
27,sm,LLH,NA,1,alnvir,3,100,5,3,60,1,40,NA,NA,NA,NA,NA,NA
27,sm,LLH,NA,1,amealn,9,100,1,10,10,9,20,7,50,9,NA,NA,NA
27,sm,LLH,NA,1,betpap,3,100,1,3,60,0,40,NA,NA,NA,NA,NA,NA
27,sm,LLH,NA,1,sorsco,7,100,2,3,50,1,50,NA,NA,NA,NA,NA,NA
27,mp,LLH,NA,2,amealn,9,100,3,9,75,7,25,,,16,NA,NA,NA
27,mp,LLH,NA,2,menfer,3,75,4,1,25,0,75,NA,NA,NA,NA,NA,NA
27,mp,LLH,NA,2,rubpar,3,100,2,9,40,3,60,NA,NA,NA,NA,NA,NA
27,mp,LLH,NA,2,shecan,9,100,1,10,60,9,20,7,10,NA,NA,NA,NA
27,mp,LLH,NA,2,spibet,1,100,1,3,45,1,45,0,10,9,NA,NA,NA
27,sm,LLH, D,2,riblac,3,100,1,3,100,NA,NA,NA,NA,17,NA,NA,NA
27,sm,LLH, A,2,shecan,9,20,5,7,10,3,70,1,20,NA,60,3,80
27,sm,LLH,NA,2,sorsco,3,100,1,15,50,3,50,NA,NA,NA,NA,NA,NA
27,sm,LLH,NA,2,symalb,NA,NA,NA,3,25,3,50,0,25,NA,NA,NA,NA
27,sm,LLH, oc21,2,vacmem,11,20,NA,11,20,10,30,9,25,NA,NA,7,40
27,mp,LLH,3,3,acegla,1,100,3,1,55,0,45,NA,NA,25,NA,NA,NA
27,mp,LLH,5,3,alninc,3,100,1,3,10,1,60,0,30,10,NA,NA,NA
27,mp,LLH,9,3,rhoalb,11,100,1,11,30,10,10,9,50,NA,NA,NA,NA
27,mp,LLH,7,3,vibedu,9,50,2,7,10,3,90,NA,NA,NA,NA,3,50
27,sm,LLH,10,3,alnvir,3,25,4,3,25,1,50,0,25,NA,NA,1,75
27,sm,LLH,6,3,loninv,10,50,4,3,50,1,50,NA,NA,NA,19,3,50
27,sm,LLH, w/10,3,rubpar,10,100,1,7,50,3,50,NA,NA,NA,NA,NA,NA
27,sm,LLH, oc 21,3,vacmem,3,100,NA,11,10,9,30,7,10,NA,NA,0,40
27,mp,LLH,5,4,alninc,10,100,1,10,30,9,50,3,20,7,NA,NA,NA
27,mp,LLH,2,4,amealn,3,100,1,7,10,3,80,1,10,11,NA,NA,NA
27,mp,LLH,8,4,menfer,3,100,13,1,30,0,70,NA,NA,NA,NA,1,60
27,mp,LLH,wjt,4,vacmem,3,100,NA,11,20,9,10,3,70,NA,NA,1,20
27,sm,LLH,NA,4,acegla,1,100,1,1,50,0,50,NA,NA,NA,NA,NA,NA
27,sm,LLH,NA,4,corsto,15,100,1,15,85,11,15,,,NA,NA,NA,NA
27,sm,LLH,B2,4,spipyr,7,100,1,7,50,3,50,NA,NA,NA,NA,NA,NA
27,sm,LLH,B1,4,spipyr,10,100,1,11,10,7,30,3,60,NA,NA,NA,NA
27,mp,LLH,6,5,popbal,1,100,1,11,25,3,75,NA,NA,NA,NA,NA,NA
27,mp,LLH,tml,5,rubpar,10,100,2,7,50,3,50,NA,NA,NA,NA,NA,NA
27,mp,LLH,5,5,samrac,7,50,2,1,100,NA,NA,NA,NA,NA,NA,3,50
27,mp,LLH,2,5,spipyr,10,100,1,11,50,3,50,NA,NA,NA,NA,NA,NA
27,sm,LLH, A,5,amealn,10,100,1,7,25,3,20,1,55,11,NA,NA,NA
27,sm,LLH, B,5,corsto,15,100,1,7,35,1,10,0,55,8,NA,NA,NA
27,sm,LLH,7,5,shecan,9,50,2,10,20,9,20,3,40,NA,60,3,50
27,sm,LLH,12,5,sorsco,11,100,1,0,100,NA,NA,NA,NA,NA,NA,NA,NA
27,sm,LLH, B32,5,spipyr,1,100,1,3,15,1,55,0,30,NA,NA,NA,NA
27,sm,LLH, cl,5,symalb,NA,NA,NA,1,100,NA,NA,NA,NA,NA,NA,NA,NA
27,mp,LLH,5,6,alninc,3,100,1,3,30,1,30,0,40,NA,NA,NA,NA
27,mp,LLH,3,6,alninc,3,100,1,1,30,0,70,NA,NA,7,NA,NA,NA
27,mp,LLH,10,6,popbal,0,100,1,0,100,NA,NA,NA,NA,NA,NA,NA,NA
27,mp,LLH,8,6,riblac,3,100,3,7,20,3,50,1,25,NA,NA,NA,NA
27,sm,LLH,NA,6,alnvir,3,100,3,3,100,NA,NA,NA,NA,6,NA,NA,NA
27,sm,LLH,NA,6,amealn,9,100,4,9,25,7,30,10,NA,27,NA,NA,NA
27,sm,LLH,NA,6,sorsco,1,100,1,11,50,1,50,NA,NA,NA,NA,NA,NA
27,mp,LLH,NA,7,alnvir,1,100,4,0,15,1,85,NA,NA,7,NA,NA,NA
27,mp,LLH,NA,7,corsto,17,100,1,15,15,11,25,,,NA,NA,NA,NA
27,mp,LLH,NA,7,poptre,1,75,4,0,100,NA,NA,NA,NA,NA,NA,NA,NA
27,mp,LLH,NA,7,sorsco,11,100,1,1,100,NA,NA,NA,NA,NA,NA,NA,NA
27,sm,LLH,11,7,acegla,1,100,1,1,65,0,45,NA,NA,NA,NA,NA,NA
27,sm,LLH,8,7,popbal,9,100,1,9,100,,,NA,NA,NA,NA,NA,NA
27,sm,LLH, cl,7,rubpar,3,100,1,3,75,1,25,NA,NA,NA,NA,NA,NA
27,sm,LLH,NA,7,sorsco,11,100,1,3,100,NA,NA,NA,NA,4,NA,NA,NA
27,mp,LLH,4,8,alnvir,3,60,5,3,20,1,55,0,25,NA,NA,NA,NA
27,mp,LLH,7,8,alnvir,1,100,5,1,55,0,45,NA,NA,9,NA,NA,NA
27,mp,LLH,tml,8,rubpar,3,100,2,3,100,,,NA,NA,NA,NA,NA,NA
27,mp,LLH,9,8,sorsco,15,35,3,10,20,1,20,0,60,NA,NA,10,65
27,sm,LLH,15,8,acegla,7,20,3,3,50,1,30,0,20,NA,NA,3,80
27,sm,LLH,9,8,betpap,3,100,2,3,85,0,15,NA,NA,NA,NA,NA,NA
27,sm,LLH,11,8,loninv,7,100,1,10,50,7,30,,,10,NA,NA,NA
27,sm,LLH,8,8,riblac,3,100,17,3,60,1,30,0,10,NA,NA,NA,NA
27,mp,LLH,4,9,samrac,9,50,2,3,100,NA,NA,NA,NA,NA,NA,NA,NA
27,mp,LLH,12,9,sorsco,9,100,1,0,100,NA,NA,NA,NA,NA,NA,NA,NA
27,mp,LLH,LL,9,symalb,NA,NA,NA,7,5,3,40,1,55,NA,NA,NA,NA
27,mp,LLH,LL,9,vacmem,3,20,NA,10,10,7,25,3,20,NA,NA,NA,NA
27,sm,LLH,NA,9,alninc,10,50,1,10,70,9,30,NA,NA,7,NA,NA,NA
27,sm,LLH,NA,9,sorsco,17,100,1,10,40,10,10,7,10,11,NA,NA,NA
27,sm,LLH,8,9,sorsco,9,100,1,1,30,NA,NA,NA,NA,NA,NA,NA,NA
27,sm,LLH,NA,9,spibet,17,100,1,15,25,7,75,NA,NA,6,NA,NA,NA
27,mp,LLH,NA,10,alnvir,3,100,6,3,70,1,20,0,10,19,NA,NA,NA
27,mp,LLH,NA,10,riblac,3,100,1,3,50,1,25,0,25,21,NA,NA,NA
27,mp,LLH,NA,10,sorsco,11,100,1,0,100,NA,NA,NA,NA,5,NA,NA,NA
27,mp,LLH,NA,10,spipyr,0,100,4,0,100,NA,NA,NA,NA,NA,NA,NA,NA
27,sm,LLH,11,10,acegla,1,100,1,7,50,0,50,NA,NA,8,NA,NA,NA
27,sm,LLH, C,10,popre,1,100,3,1,100,NA,NA,NA,NA,20,NA,NA,NA
27,sm,LLH, cl,10,rubpar,7,100,1,3,100,NA,NA,NA,NA,NA,NA,NA,NA
27,sm,LLH, oc21/8,10,vacmem,9,80,NA,10,15,9,20,7,5,NA,NA,3,20
27,mp,LLH,8,11,amealn,10,100,1,9,30,7,40,3,30,14,NA,NA,NA
27,mp,LLH,5A,11,poptre,1,100,11,NA,NA,NA,NA,NA,NA,10,NA,NA,NA
27,mp,LLH,5,11,poptre,1,100,8,NA,NA,NA,NA,NA,NA,6,NA,NA,NA
27,mp,LLH,wjt,11,spipyr,3,100,4,10,10,9,30,7,20,NA,NA,NA,NA
27,sm,LLH,A,11,acegla,1,100,2,3,20,0,50,NA,NA,NA,NA,NA,NA
27,sm,LLH,NA,11,betpap,7,100,1,7,50,3,40,1,10,10,NA,NA,NA
27,sm,LLH,NA,11,sorsco,15,100,1,15,25,1,25,0,50,NA,NA,NA,NA
27,sm,LLH,NA,11,symalb,NA,NA,NA,7,45,3,40,0,15,NA,NA,NA,NA
27,mp,LLH,NA,12,alnvir,3,100,3,3,15,1,85,NA,NA,NA,NA,NA,NA
27,mp,LLH,NA,12,amealn,10,100,2,10,80,7,10,3,10,12,NA,NA,NA
27,mp,LLH,NA,12,shecan,7,100,3,7,80,3,20,NA,NA,NA,NA,NA,NA
27,mp,LLH,NA,12,spipyr,3,100,1,9,20,7,50,3,20,NA,NA,NA,NA
27,sm,LLH,NA,12,alninc,3,100,1,3,20,1,40,0,40,7,NA,NA,NA
27,sm,LLH,NA,12,alnvir,3,50,2,7,10,3,10,1,80,10,NA,NA,NA
27,sm,LLH,NA,12,corsto,15,100,2,11,80,1,3,NA,NA,NA,NA,NA,NA
27,sm,LLH,NA,12,spipyr,7,100,1,11,15,9,10,3,45,7,NA,NA,NA
27,mp,LLH,NA,13,acegla,7,60,3,3,20,1,40,0,40,20,NA,3,40
27,mp,LLH,NA,13,alninc,7,100,1,9,70,7,30,,,7,NA,NA,NA
27,mp,LLH,NA,13,riblac,7,100,1,7,85,1,15,NA,NA,19,NA,NA,NA
27,mp,LLH,NA,13,rubpar,1,100,1,7,50,1,50,NA,NA,NA,NA,NA,NA
27,sm,LLH,Missing!!,13,alnvir,1,100,1,1,25,0,75,NA,NA,12,NA,NA,NA
27,sm,LLH,straight,13,poptre,3,100,1,0,100,NA,NA,NA,NA,NA,NA,NA,NA
27,sm,LLH,A,13,spibet,15,100,2,7,100,NA,NA,NA,NA,NA,NA,NA,NA
27,sm,LLH,B,13,spibet,11,100,5,17,30,10,30,7,5,26,NA,10,80
27,sm,LLH,Extra?,13,poptre,1,100,4,1,30,0,70,NA,NA,NA,NA,NA,NA
27,mp,LLH,4,14,alninc,7,100,1,3,60,1,40,NA,NA,7,NA,NA,NA
27,mp,LLH,8,14,shecan,7,100,2,9,60,7,25,3,15,NA,y,NA,NA
27,mp,LLH,9,14,shecan,3,50,2,7,80,3,20,NA,NA,NA,y,1,50
27,mp,LLH,7,14,vibedu,3,100,3,11,15,9,15,7,15,12,NA,NA,NA
27,sm,LLH, B,14,popre,1,100,4,0,100,NA,NA,NA,NA,10,NA,NA,NA
27,sm,LLH,9,14,riblac,3,100,7,10,35,9,15,7,5,36,NA,NA,NA
27,sm,LLH,NA,14,spibet,3,100,1,7,25,3,25,0,50,2,NA,NA,NA
27,sm,LLH,NA,14,symalb,NA,NA,NA,1,80,NA,NA,NA,NA,NA,NA,NA,NA
27,mp,LLH,DEAD,15,alninc,3,100,2,3,60,1,30,0,10,10,NA,NA,NA
27,mp,LLH,NA,15,loninv,7,100,1,9,10,3,35,1,45,9,NA,NA,NA
27,mp,LLH,NA,15,spibet,11,30,3,11,10,9,30,3,30,11,NA,9,70
27,mp,LLH,NA,15,vibedu,3,100,1,11,40,3,60,3,20,5,y,NA,NA
27,sm,LLH, D,15,riblac,7,100,1,3,20,1,40,0,40,18,NA,NA,NA
27,sm,LLH,NA,15,rubpar,1,100,1,1,20,0,80,NA,NA,NA,NA,NA,NA
27,sm,LLH, A,15,shecan,7,50,2,3,70,1,30,NA,NA,NA,NA,1,50
27,sm,LLH,NA,15,symalb,NA,NA,NA,3,60,0,40,NA,NA,NA,NA,NA,NA
27,mp,LLH,NA,16,alnvir,3,100,3,3,55,1,15,0,30,21,NA,NA,NA
27,mp,LLH,NA,16,corsto,11,100,2,10,60,3,40,NA,NA,NA,NA,NA,NA
27,mp,LLH,NA,16,popbal,7,100,1,7,35,3,65,NA,NA,NA,NA,NA,NA
27,mp,LLH,NA,16,spipyr,1,100,1,10,5,9,20,7,30,NA,NA,NA,NA
27,sm,LLH, A,16,corsto,15,100,1,15,25,10,25,9,50,8,NA,NA,NA
27,sm,LLH,13,16,menfer,1,100,16,0,100,NA,NA,NA,NA,NA,NA,NA,NA
27,sm,LLH,NA,16,symalb,NA,NA,NA,3,40,1,35,0,25,NA,NA,NA,NA
27,sm,LLH, oc21,16,vacmem,3,100,NA,11,30,10,10,3,60,NA,y,0,80
27,mp,LLH,NA,17,amealn,11,100,1,10,30,9,40,7,30,15,NA,NA,NA
27,mp,LLH,NA,17,menfer,3,70,17,1,10,0,90,NA,NA,NA,NA,NA,NA
27,mp,LLH,NA,17,symalb,NA,NA,NA,3,40,1,30,0,30,NA,NA,NA,NA
27,mp,LLH,NA,17,vacmem,10,20,NA,9,20,3,60,1,20,NA,NA,7,20
27,sm,LLH,NA,17,popbal,1,100,1,0,100,NA,NA,NA,NA,NA,NA,NA,NA
27,sm,LLH,NA,17,riblac,1,100,1,9,30,3,30,1,15,NA,NA,NA,NA
27,sm,LLH,NA,17,shecan,10,100,1,10,30,9,30,7,20,19,NA,NA,NA
27,sm,LLH,NA,17,vibedu,3,100,2,15,45,3,55,NA,NA,11,y,NA,NA
27,mp,LLH,NA,18,corsto,15,100,1,11,50,9,50,NA,NA,NA,y,NA,NA
27,mp,LLH,NA,18,rubpar,3,100,1,3,100,NA,NA,NA,NA,NA,NA,NA,NA
27,mp,LLH,NA,18,vacmem,11,50,NA,3,30,1,30,1,40,43,NA,3,50
27,mp,LLH,NA,18,vibedu,7,100,1,3,100,NA,NA,NA,NA,NA,NA,NA,NA
27,sm,LLH,NA,18,loninv,3,100,2,10,10,9,10,7,20,8,NA,NA,NA
27,sm,LLH,NA,18,popbal,9,35,3,NA,NA,NA,NA,NA,NA,NA,NA,NA,NA
27,sm,LLH,NA,18,shecan,11,100,1,10,60,9,10,7,10,19,NA,NA,NA
27,sm,LLH,NA,18,vibedu,15,100,1,11,40,10,10,3,30,10,NA,NA,NA
27,mp,LLH,NA,19,rhoalb,10,50,4,7,30,3,60,0,10,22,NA,9,50
27,mp,LLH,NA,19,riblac,7,33,NA,3,50,1,25,0,25,19,NA,3,66
27,mp,LLH,8,19,sorsco,10,100,1,1,100,NA,NA,NA,NA,2,NA,NA,NA
27,mp,LLH,13,19,sorsco,1,100,1,7,50,1,50,NA,NA,NA,NA,NA,NA
27,sm,LLH,1,19,alninc,10,100,1,9,50,7,50,NA,NA,8,NA,NA,NA
27,sm,LLH,10,19,betpap,7,100,2,9,40,6,60,NA,NA,8,NA,NA,NA
27,sm,LLH,7,19,popre,9,10,10,NA,NA,NA,NA,NA,NA,9,NA,3,90
27,sm,LLH, B17,19,spipyr,3,100,1,9,50,7,25,3,25,4,NA,NA,NA
27,mp,LLH,1,20,rhoalb,10,15,7,7,20,3,70,0,10,38,NA,9,15
27,mp,LLH,3,20,rhoalb,10,100,1,7,60,3,40,NA,NA,13,NA,NA,NA
27,mp,LLH,8,20,samrac,1,100,2,1,75,0,25,NA,NA,NA,NA,NA,NA
27,mp,LLH,4,20,shecan,9,100,2,7,45,3,50,0,5,NA,NA,3,50
27,sm,LLH,6,20,alnvir,3,100,3,3,35,0,65,NA,NA,11,NA,NA,NA
27,sm,LLH,5,20,amealn,9,40,5,9,50,7,10,3,40,36,NA,7,60
27,sm,LLH,11,20,sorsco,9,50,2,3,100,NA,NA,NA,NA,6,NA,NA,NA
27,mp,LLH,NA,21,acegla,3,100,3,3,30,1,70,NA,NA,NA,NA,NA,NA
27,mp,LLH,NA,21,popbal,0,100,1,0,100,NA,NA,NA,NA,NA,NA,NA,NA
27,mp,LLH,NA,21,spibet,9,100,1,9,90,7,10,NA,NA,13,NA,NA,NA
27,mp,LLH,NA,21,symalb,NA,NA,NA,3,90,1,10,,,NA,NA,NA,NA
27,sm,LLH,NA,21,alnvir,1,100,3,3,10,0,90,NA,NA,10,NA,NA,NA
27,sm,LLH,onionB,21,popbal,7,35,3,NA,NA,NA,NA,NA,NA,NA,NA,NA,NA
27,sm,LLH,NA,21,popbal,9,100,1,9,100,NA,NA,NA,NA,NA,NA,NA,NA
27,sm,LLH,NA,21,rubpar,0,100,1,0,100,NA,NA,NA,NA,NA,NA,NA,NA
27,mp,LLH,NA,22,alnvir,3,100,2,3,55,1,45,NA,NA,22,NA,NA,NA
27,mp,LLH,NA,22,popbal,7,100,1,7,25,NA,NA,NA,NA,NA,NA,NA,NA
27,mp,LLH,NA,22,riblac,3,100,1,3,90,1,10,NA,NA,21,NA,NA,NA
27,mp,LLH,NA,22,shecan,7,100,1,10,60,3,40,,,NA,NA,NA,NA
27,sm,LLH,NA,22,alninc,3,100,2,1,100,NA,NA,NA,NA,NA,NA,NA,NA
27,sm,LLH,NA,22,riblac,3,100,2,3,40,1,30,0,30,NA,NA,NA,NA
27,sm,LLH,NA,22,spibet,11,100,1,10,30,9,30,7,10,NA,NA,NA,NA
27,sm,LLH,NA,22,vibedu,17,100,1,15,15,11,5,10,5,23,NA,NA,NA
27,mp,LLH,NA,23,alnvir,3,100,2,3,60,1,40,NA,NA,NA,NA,NA,NA
27,mp,LLH,NA,23,loninv,7,100,1,3,20,1,80,NA,NA,5,NA,NA,NA
27,mp,LLH,NA,23,symalb,NA,NA,NA,11,30,9,20,7,40,NA,NA,NA,NA
27,mp,LLH,NA,23,vacmem,3,100,NA,3,80,1,20,NA,NA,NA,NA,NA,NA
27,sm,LLH,missing!!,23,amealn,NA,NA,NA,NA,NA,NA,NA,NA,NA,NA,NA,NA,NA
27,sm,LLH,NA,23,rubpar,1,100,1,11,25,3,75,NA,NA,NA,NA,NA,NA
27,sm,LLH,NA,23,symalb,NA,NA,NA,3,80,NA,NA,NA,NA,20,NA,NA,NA
27,sm,LLH,NA,23,vacmem,3,100,NA,10,10,3,70,1,20,NA,NA,NA,NA
27,mp,LLH,10,24,acegla,3,100,3,1,80,0,20,NA,NA,15,NA,NA,NA
27,mp,LLH,atml,24,loninv,9,100,1,1,40,0,60,NA,NA,NA,NA,NA,NA
27,mp,LLH,10,24,menfer,3,100,16,1,40,0,60,NA,NA,NA,NA,NA,NA
27,mp,LLH,A,24,vacmem,7,10,NA,9,15,7,20,3,50,NA,NA,NA,NA
27,sm,LLH,NA,24,betpap,7,100,1,7,100,NA,NA,NA,NA,4,NA,NA,NA
27,sm,LLH,NA,24,loninv,3,100,1,9,15,3,60,1,25,14,NA,NA,NA
27,sm,LLH,NA,24,shecan,7,100,8,9,40,7,10,3,40,NA,y,NA,NA
27,sm,LLH,NA,24,symalb,NA,NA,NA,1,100,NA,NA,NA,NA,10,NA,NA,NA
27,sm,LLH,NA,24,vacmem,7,10,NA,3,70,1,30,NA,NA,NA,NA,NA,NA
27,mp,LLH,A,25,spibet,7,100,1,7,50,1,50,NA,NA,6,NA,NA,NA
27,mp,LLH,NA,25,spibet,9,100,2,9,20,7,40,3,20,23,NA,NA,NA
27,mp,LLH,NA,25,spipyr,1,100,3,9,10,3,35,1,40,,NA,NA,NA
27,mp,LLH,NA,25,symalb,NA,NA,NA,7,60,3,30,NA,NA,NA,NA,NA,NA
27,sm,LLH,NA,25,betpap,10,100,2,9,40,7,40,3,20,7,NA,NA,NA
27,sm,LLH,NA,25,corsto,15,100,1,15,65,7,35,NA,NA,6,NA,NA,NA
27,sm,LLH,NA,25,riblac,3,100,1,3,30,1,40,0,30,NA,NA,NA,NA
27,sm,LLH,NA,25,sorsco,1,100,1,0,100,NA,NA,NA,NA,NA,NA,NA,NA
27,mp,LLH,NA,26,corsto,15,100,1,15,50,9,30,1,15,6,NA,NA,NA
27,mp,LLH,NA,26,samrac,1,100,2,1,100,NA,NA,NA,NA,NA,NA,NA,NA
27,mp,LLH,NA,26,spibet,10,100,1,9,10,7,30,3,60,NA,NA,NA,NA
27,mp,LLH,NA,26,vibedu,3,100,1,9,15,3,85,NA,NA,NA,NA,NA,NA
27,sm,LLH,NA,26,acegla,1,100,3,1,80,0,20,NA,NA,NA,NA,NA,NA
27,sm,LLH,9,26,corsto,15,100,2,15,85,10,15,NA,NA,14,NA,NA,NA
27,sm,LLH,2,26,menfer,1,70,8,0,100,NA,NA,NA,NA,NA,NA,NA,NA
27,sm,LLH,9,26,menfer,1,100,10,0,100,NA,NA,NA,NA,NA,NA,NA,NA
27,mp,LLH,NA,27,acegla,3,100,1,1,50,0,50,NA,NA,18,NA,NA,NA
27,mp,LLH,NA,27,amealn,7,100,2,9,5,7,15,1,80,13,NA,NA,NA
27,mp,LLH,NA,27,samrac,7,50,2,7,25,3,75,NA,NA,NA,NA,NA,NA
27,mp,LLH,NA,27,vibedu,3,100,1,7,15,3,85,,,6,NA,NA,NA
27,sm,LLH,NA,27,menfer,1,40,5,0,100,NA,NA,NA,NA,NA,NA,NA,NA
27,sm,LLH,NA,27,poptre,11,25,16,9,20,7,20,3,60,14,NA,10,25
27,sm,LLH,NA,27,shecan,11,100,2,11,40,9,45,7,5,17,NA,NA,NA
27,sm,LLH,NA,27,vibedu,10,100,1,17,50,3,50,NA,NA,8,NA,NA,NA
27,mp,LLH,NA,28,rhoalb,11,100,1,10,60,3,20,0,20,11,NA,NA,NA
27,mp,LLH,NA,28,riblac,3,100,1,3,55,1,20,0,25,11,NA,NA,NA
27,mp,LLH,NA,28,samrac,3,100,2,3,50,0,50,NA,NA,NA,NA,NA,NA
27,mp,LLH,NA,28,spibet,11,100,1,11,20,3,30,1,20,NA,NA,NA,NA
27,sm,LLH,NA,28,amealn,10,100,5,9,20,7,50,3,30,31,NA,NA,NA
27,sm,LLH,NA,28,loninv,NA,NA,NA,11,40,9,10,7,10,8,NA,NA,NA
27,sm,LLH,NA,28,spipyr,NA,NA,NA,NA,NA,NA,NA,NA,NA,NA,NA,NA,NA
27,sm,LLH,NA,28,vibedu,15,100,4,15,60,9,5,3,30,15,NA,NA,NA
27,mp,LLH,NA,29,loninv,3,100,1,1,100,NA,NA,NA,NA,6,NA,NA,NA
27,mp,LLH,NA,29,menfer,3,60,7,0,100,NA,NA,NA,NA,NA,NA,1,80
27,mp,LLH,NA,29,popbal,0,100,1,0,100,NA,NA,NA,NA,NA,NA,NA,NA
27,mp,LLH,NA,29,vibedu,7,100,3,10,10,3,80,1,5,20,NA,NA,NA
27,sm,LLH,10,29,acegla,3,100,2,1,20,0,80,NA,NA,18,NA,NA,NA
27,sm,LLH,4,29,alninc,3,100,1,1,30,0,70,NA,NA,6,NA,NA,NA
27,sm,LLH, Cl,29,rubpar,11,100,1,9,40,3,60,NA,NA,NA,NA,NA,NA
27,sm,LLH, spibe7_01,29,spibet,10,100,3,11,40,9,10,7,30,NA,NA,NA,NA
27,mp,LLH,NA,30,loninv,3,100,1,9,20,3,40,1,20,NA,NA,NA,NA
27,mp,LLH,NA,30,popbal,0,100,1,0,100,NA,NA,NA,NA,NA,NA,NA,NA
27,mp,LLH,NA,30,rhoalb,7,100,1,9,15,7,85,NA,NA,6,NA,NA,NA
27,mp,LLH,NA,30,sorsco,10,35,1,NA,NA,NA,NA,NA,NA,NA,NA,0,65
27,sm,LLH,NA,30,riblac,7,35,3,1,65,0,30,NA,NA,34,NA,3,65
27,sm,LLH,NA,30,shecan,11,100,2,11,60,9,30,3,10,17,NA,NA,NA
27,sm,LLH,NA,30,spibet,3,100,1,7,10,3,70,1,20,NA,NA,NA,NA
27,sm,LLH,NA,30,symalb,NA,NA,NA,7,30,3,40,1,30,NA,NA,NA,NA
27,mp,LLH,NA,31,alninc,9,100,1,7,10,3,90,NA,NA,8,NA,NA,NA
27,mp,LLH,B,31,poptre,1,100,1,1,100,NA,NA,NA,NA,NA,NA,NA,NA
27,mp,LLH,NA,31,poptre,1,100,1,1,100,NA,NA,NA,NA,NA,NA,NA,NA
27,mp,LLH,NA,31,shecan ,7,100,3,10,40,9,40,3,20,NA,NA,NA,NA
27,mp,LLH,NA,31,sorsco,17,100,1,15,100,NA,NA,NA,NA,NA,NA,NA,NA
27,sm,LLH,NA,31,acegla,3,100,6,3,80,1,20,NA,NA,14,NA,NA,NA
27,sm,LLH,NA,31,sorsco,7,100,2,3,100,NA,NA,NA,NA,4,NA,NA,NA
27,sm,LLH,NA,31,spipyr,9,100,1,9,50,3,50,NA,NA,6,NA,NA,NA
27,mp,LLH,NA,32,poptre,1,100,1,0,100,NA,NA,NA,NA,13,NA,NA,NA
27,mp,LLH,NA,32,rubpar,1,100,2,0,100,NA,NA,NA,NA,NA,NA,NA,NA
27,mp,LLH,NA,32,samrac,1,100,2,1,100,NA,NA,NA,NA,NA,NA,NA,NA
27,mp,LLH,NA,32,vacmem,3,100,NA,7,30,3,20,1,30,NA,NA,1,60
27,sm,LLH,NA,32,alninc,10,50,2,3,60,1,40,NA,NA,6,NA,7,50
27,sm,LLH,NA,32,betpap,9,100,2,9,60,7,40,NA,NA,8,NA,NA,NA
27,sm,LLH,NA,32,menfer,3,75,4,1,50,0,50,NA,NA,NA,NA,NA,NA
27,mp,LLH,NA,33,poptre,0,100,1,0,100,NA,NA,NA,NA,8,NA,NA,NA
27,mp,LLH,NA,33,rubpar,0,100,1,0,100,NA,NA,NA,NA,NA,NA,NA,NA
27,mp,LLH,NA,33,symalb,NA,NA,NA,1,70,0,30,NA,NA,NA,NA,NA,NA
27,mp,LLH,NA,33,vacmem,3,100,NA,9,5,3,50,1,45,NA,NA,NA,NA
27,sm,LLH,NA,33,alnvir,1,100,4,3,30,1,20,0,50,18,NA,NA,NA
27,sm,LLH,NA,33,popbal,7,100,1,3,100,NA,NA,NA,NA,NA,NA,NA,NA
27,sm,LLH,NA,33,poptre,1,100,7,1,100,NA,NA,NA,NA,11,NA,NA,NA
27,sm,LLH,NA,33,spipyr,7,100,1,3,100,NA,NA,NA,NA,3,NA,NA,NA
27,mp,LLH,NA,34,amealn,9,100,1,7,30,3,60,1,10,13,NA,NA,NA
27,mp,LLH,NA,34,loninv,3,100,1,3,80,1,20,NA,NA,7,NA,NA,NA
27,mp,LLH,NA,34,poptre,1,100,3,NA,NA,NA,NA,NA,NA,NA,NA,NA,NA
27,mp,LLH,NA,34,spipyr,7,100,4,3,100,NA,NA,NA,NA,NA,NA,NA,NA
27,sm,LLH,NA,34,corsto,15,100,1,15,30,10,50,7,15,NA,NA,NA,NA
27,sm,LLH,NA,34,loninv,9,20,6,3,55,1,45,NA,NA,15,NA,3,80
27,sm,LLH,NA,34,shecan,11,100,1,9,80,7,20,NA,NA,18,60,NA,NA
27,sm,LLH,NA,34,vacmem,3,100,NA,3,50,1,40,0,10,NA,NA,NA,NA
27,mp,LLH,NA,35,acegla,1,100,12,1,100,NA,NA,NA,NA,NA,NA,NA,NA
27,mp,LLH,NA,35,corsto,10,100,1,10,35,9,35,7,30,NA,NA,NA,NA
27,mp,LLH,NA,35,loninv,3,100,1,3,50,1,50,NA,NA,NA,NA,NA,NA
27,mp,LLH,NA,35,menfer,3,100,12,9,10,7,50,3,40,NA,NA,NA,NA
27,sm,LLH,8,35,popbal,1,100,1,1,100,NA,NA,NA,NA,NA,NA,NA,NA
27,sm,LLH,NA,35,spibet,0,100,7,11,20,3,40,0,40,NA,NA,NA,NA
27,sm,LLH,NA,35,symalb,NA,NA,NA,1,70,0,30,NA,NA,NA,NA,NA,NA
27,sm,LLH, oc21,35,vacmem,1,100,NA,1,30,0,70,NA,NA,NA,NA,NA,NA
27,mp,LLH,NA,36,corsto,15,100,1,15,90,11,10,,,11,NA,NA,NA
27,mp,LLH,NA,36,loninv,3,100,1,3,50,1,15,0,35,NA,NA,NA,NA
27,mp,LLH,NA,36,rhoalb,10,100,1,10,25,9,15,3,60,12,NA,NA,NA
27,mp,LLH,NA,36,vibedu,3,100,1,10,20,3,80,,,18,NA,NA,NA
27,sm,LLH,NA,36,amealn,1,100,2,0,100,NA,NA,NA,NA,NA,NA,NA,NA
27,sm,LLH,A,36,poptre,1,100,1,0,100,NA,NA,NA,NA,NA,NA,NA,NA
27,sm,LLH,B,36,poptre,1,100,1,0,100,NA,NA,NA,NA,NA,NA,NA,NA
27,sm,LLH,NA,36,vibedu,11,100,1,11,25,10,50,1,25,NA,NA,NA,NA
27,mp,LLH,NA,37,acegla,1,100,4,1,60,0,40,NA,NA,25,NA,NA,NA
27,mp,LLH,NA,37,menfer,3,100,10,3,50,1,50,NA,NA,NA,NA,NA,NA
27,mp,LLH,NA,37,rubpar,15,100,1,11,75,3,25,,,7,NA,NA,NA
27,mp,LLH,NA,37,sorsco,1,100,2,1,100,NA,NA,NA,NA,4,NA,NA,NA
27,sm,LLH,NA,37,loninv,3,100,2,9,10,3,55,1,25,32,NA,NA,NA
27,sm,LLH,NA,37,menfer,3,90,8,1,40,0,60,NA,NA,NA,NA,NA,NA
27,sm,LLH,NA,37,shecan,3,100,1,1,100,NA,NA,NA,NA,31,y,NA,NA
27,sm,LLH,NA,37,vibedu,15,100,1,15,10,11,20,7,5,17,y,NA,NA
27,mp,LLH,9,38,acegla,3,100,NA,3,15,1,15,0,70,13,NA,NA,NA
27,mp,LLH,6,38,riblac,7,50,6,7,50,3,30,1,10,27,NA,NA,NA
27,mp,LLH,NA,38,spibet,15,100,1,7,100,NA,NA,NA,NA,NA,NA,NA,NA
27,mp,LLH,NA,38,spipyr,1,100,1,7,20,3,40,1,20,14,NA,NA,NA
27,sm,LLH,NA,38,amealn,9,75,4,10,5,9,15,7,20,22,NA,NA,NA
27,sm,LLH,NA,38,corsto,17,100,1,1,100,NA,NA,NA,NA,6,NA,NA,NA
27,sm,LLH,NA,38,shecan,11,100,2,10,30,9,30,7,30,25,y,NA,NA
27,sm,LLH,NA,38,vibedu,11,80,5,11,45,9,15,3,40,14,y,3,20
27,mp,LLH,NA,39,corsto,15,100,1,11,15,10,40,7,25,8,NA,NA,NA
27,mp,LLH,NA,39,popbal,7,100,1,10,35,1,65,NA,NA,NA,NA,NA,NA
27,mp,LLH,NA,39,samrac,3,100,2,3,100,NA,NA,NA,NA,NA,NA,NA,NA
27,mp,LLH,NA,39,spibet,15,100,1,7,15,3,65,1,20,7,NA,NA,NA
27,sm,LLH,5,39,betpap,1,33,3,0,100,NA,NA,NA,NA,8,NA,0,66
27,sm,LLH,9,39,loninv,3,100,1,7,10,3,50,1,40,NA,NA,NA,NA
27,sm,LLH,6,39,menfer,7,15,12,3,100,NA,NA,NA,NA,NA,NA,3,85
27,sm,LLH,8,39,menfer,3,75,8,0,100,NA,NA,NA,NA,NA,NA,0,25
27,mp,LLH,NA,40,menfer,1,70,13,1,10,0,90,NA,NA,NA,NA,NA,NA
27,mp,LLH,NA,40,rhoalb,11,100,2,9,30,7,10,3,40,29,NA,NA,NA
27,mp,LLH,NA,40,shecan,7,100,1,7,10,3,50,1,40,23,y,NA,NA
27,mp,LLH,NA,40,symalb,NA,NA,NA,3,60,1,30,0,10,NA,NA,NA,NA
27,sm,LLH,3,40,alninc,1,100,1,0,100,NA,NA,NA,NA,9,NA,NA,NA
27,sm,LLH,4,40,alninc,3,100,2,1,60,0,40,NA,NA,9,NA,NA,NA
27,sm,LLH,12,40,popbal,9,100,1,7,100,,,NA,NA,NA,NA,NA,NA
27,sm,LLH,NA,40,rubpar,11,100,1,10,100,NA,NA,NA,NA,NA,NA,NA,NA
27,mp,LLL,NA,1,acegla,1,100,3,1,85,1,15,NA,NA,25,NA,NA,NA
27,mp,LLL,NA,1,alninc,1,100,1,3,20,1,40,0,40,7,NA,NA,NA
27,mp,LLL,NA,1,corsto,11,100,1,10,100,NA,NA,NA,NA,6,NA,NA,NA
27,mp,LLL,NA,1,spibet,0,100,1,7,25,3,25,1,50,2,NA,NA,NA
27,sm,LLL,NA,1,alninc,1,100,1,1,15,0,85,NA,NA,6,NA,NA,NA
27,sm,LLL,NA,1,poptre,1,100,10,1,100,NA,NA,NA,NA,10,NA,NA,NA
27,sm,LLL,NA,1,vacmem,3,100,NA,3,80,1,20,NA,NA,NA,NA,1,20
27,sm,LLL,NA,1,vibedu,9,30,3,11,45,9,5,7,10,18,NA,7,30
27,mp,LLL,5,2,alninc,3,100,1,1,50,0,50,NA,NA,6,NA,NA,NA
27,mp,LLL,tml,2,spibet,1,100,3,3,50,1,30,0,20,20,NA,NA,NA
27,mp,LLL,tml,2,spibet,0,100,1,0,100,NA,NA,NA,NA,NA,NA,NA,NA
27,mp,LLL,4,2,vibedu,9,100,1,9,30,3,70,NA,NA,7,NA,NA,NA
27,sm,LLL,11,2,acegla,1,100,1,1,50,0,50,NA,NA,4,NA,NA,NA
27,sm,LLL,12,2,popbal,0,100,1,0,100,NA,NA,NA,NA,NA,NA,NA,NA
27,sm,LLL, cl,2,rubpar,0,100,1,0,100,NA,NA,NA,NA,NA,NA,NA,NA
27,sm,LLL, b7,2,spipyr,1,100,3,1,10,0,90,NA,NA,33,NA,NA,NA
27,mp,LLL,2,3,alnvir,1,50,2,0,100,NA,NA,NA,NA,5,NA,NA,NA
27,mp,LLL,tml,3,rubpar,0,100,1,0,100,NA,NA,NA,NA,NA,NA,NA,NA
27,mp,LLL,10,3,samrac,3,100,2,3,100,NA,NA,NA,NA,NA,NA,NA,NA
27,mp,LLL,11,3,shecan,1,100,5,1,30,0,70,NA,NA,NA,NA,NA,NA
27,sm,LLL,4,3,alninc,1,100,1,1,-100,NA,NA,NA,NA,8,NA,NA,NA
27,sm,LLL,9,3,menfer,1,70,11,0,100,NA,NA,NA,NA,NA,NA,NA,NA
27,sm,LLL, w/10,3,rubpar,1,100,1,1,50,0,50,NA,NA,NA,NA,NA,NA
27,mp,LLL,2,4,menfer,1,25,8,0,100,NA,NA,NA,NA,NA,NA,0,75
27,mp,LLL,7,4,menfer,1,35,11,0,100,NA,NA,NA,NA,NA,NA,0,65
27,mp,LLL,8,4,menfer,1,70,11,0,100,NA,NA,NA,NA,NA,NA,0,30
27,mp,LLL,8,4,sorsco,1,100,4,NA,NA,NA,NA,NA,NA,NA,NA,NA,NA
27,sm,LLL,8,4,popbal,0,100,1,0,100,NA,NA,NA,NA,NA,NA,NA,NA
27,sm,LLL, bC,4,popre,1,70,9,1,10,0,90,NA,NA,7,NA,NA,NA
27,sm,LLL,11,4,shecan,1,100,2,1,100,NA,NA,NA,NA,NA,NA,NA,NA
27,sm,LLL, ,4,symalb,NA,NA,NA,0,100,NA,NA,NA,NA,NA,NA,NA,NA
27,mp,LLL,2,5,alnvir,1,100,2,1,50,0,50,NA,NA,8,NA,NA,NA
27,mp,LLL,Atml,5,loninv,3,100,1,3,10,1,80,0,10,NA,NA,NA,NA
27,mp,LLL,tml,5,spibet,0,100,1,0,100,NA,NA,NA,NA,NA,NA,NA,NA
27,mp,LLL,tml,5,vacmem,3,90,NA,3,80,1,15,0,5,NA,NA,NA,NA
27,sm,LLL,1,5,alninc,0,100,2,0,100,NA,NA,NA,NA,NA,NA,NA,NA
27,sm,LLL,10,5,betpap,NA,NA,NA,1,100,NA,NA,NA,NA,NA,NA,NA,NA
27,sm,LLL,20,5,popbal,NA,NA,NA,1,100,NA,NA,NA,NA,NA,NA,NA,NA
27,sm,LLL,8,5,sorsco,9,100,2,1,100,NA,NA,NA,NA,NA,NA,NA,NA
27,mp,LLL,2,6,amealn,3,100,2,3,55,1,30,0,15,NA,NA,NA,NA
27,mp,LLL,4,6,riblac,3,100,7,3,50,1,30,0,20,NA,NA,NA,NA
27,mp,LLL,4,6,shecan,1,100,4,1,25,0,75,NA,NA,NA,NA,NA,NA
27,mp,LLL,LL,6,vacmem,1,50,NA,1,50,0,50,NA,NA,NA,NA,NA,NA
27,sm,LLL,19,6,alnvir,0,100,NA,0,100,,,,,,,,
27,sm,LLL,8,6,corsto,0,100,NA,0,100,,,,,,,,
27,sm,LLL,5,6,loninv,0,100,NA,0,100,,,,,,,,
27,sm,LLL,3,6,symalb,0,100,NA,0,100,,,,,,,,
27,mp,LLL,9,7,corsto,10,100,1,10,20,9,60,7,20,8,NA,NA,NA
27,mp,LLL,2,7,popbal,0,100,1,0,100,NA,NA,NA,NA,NA,NA,NA,NA
27,mp,LLL,11,7,rhoalb,9,60,5,7,20,3,80,NA,6,NA,NA,3,40
27,mp,LLL,wjt,7,vacmem,3,100,NA,3,40,1,50,0,10,NA,NA,NA,NA
27,sm,LLL,7,7,amealn,3,100,3,3,55,0,45,NA,NA,21,NA,NA,NA
27,sm,LLL,6B,7,amealn,7,100,5,9,20,7,80,,,18,NA,3,60
27,sm,LLL,9,7,loninv,NA,NA,NA,9,10,7,45,3,45,NA,NA,NA,NA
27,sm,LLL,10,7,shecan,3,100,1,7,5,3,70,1,20,NA,y,NA,NA
27,sm,LLL, cl,7,symalb,NA,NA,NA,0,100,NA,NA,NA,NA,NA,NA,NA,NA
27,mp,LLL,9,8,corsto,10,100,1,10,80,7,20,NA,NA,NA,NA,NA,NA
27,mp,LLL,8,8,loninv,3,100,1,3,65,1,35,NA,NA,NA,NA,NA,NA
27,mp,LLL,9,8,sorsco,0,100,1,0,100,NA,NA,NA,NA,NA,NA,NA,NA
27,mp,LLL,eg,8,spipyr,1,100,1,3,50,1,50,NA,NA,NA,NA,NA,NA
27,sm,LLL,11,8,acegla,3,100,5,3,30,1,30,0,40,14,NA,NA,NA
27,sm,LLL,4,8,corsto,10,40,7,3,100,NA,NA,NA,NA,3,NA,9,60
27,sm,LLL, b3,8,spipyr,3,100,3,3,100,NA,NA,NA,NA,NA,NA,NA,NA
27,sm,LLL, oc21,8,vacmem,3,100,NA,3,70,1,30,NA,NA,NA,NA,NA,NA
27,mp,LLL,5,9,alninc,3,100,3,1,60,0,40,NA,NA,9,NA,NA,NA
27,mp,LLL,11,9,rhoalb,0,100,1,0,100,NA,NA,NA,NA,9,NA,NA,NA
27,mp,LLL,NA,9,riblac,3,100,4,1,100,NA,NA,NA,NA,NA,NA,NA,NA
27,mp,LLL,eg,9,spipyr,3,100,1,3,100,NA,NA,NA,NA,NA,NA,NA,NA
27,sm,LLL,NA,9,amealn,7,100,1,7,70,1,10,0,20,9,NA,NA,NA
27,sm,LLL,NA,9,menfer,1,50,20,0,100,NA,NA,NA,NA,NA,NA,NA,NA
27,sm,LLL,NA,9,sorsco,0,100,3,NA,NA,NA,NA,NA,NA,4,NA,NA,NA
27,sm,LLL,NA,9,vibedu,11,80,5,11,10,10,50,9,40,12,NA,9,40
27,mp,LLL,6,10,popbal,0,100,1,0,100,NA,NA,NA,NA,NA,NA,NA,NA
27,mp,LLL,3,10,rhoalb,1,20,8,0,100,NA,NA,NA,NA,NA,NA,0,80
27,mp,LLL,4,10,shecan,1,100,4,1,100,NA,NA,NA,NA,NA,NA,NA,NA
27,mp,LLL,wjt,10,spipyr,0,100,NA,0,100,NA,NA,NA,NA,NA,NA,NA,NA
27,sm,LLL,4,10,alninc,3,100,4,NA,NA,NA,NA,NA,NA,NA,NA,NA,NA
27,sm,LLL,11,10,loninv,3,100,5,3,20,1,80,NA,NA,27,NA,NA,NA
27,sm,LLL,10,10,riblac,3,100,8,3,70,1,20,0,10,NA,NA,NA,NA
27,sm,LLL,9,10,symalb,NA,NA,NA,3,40,1,55,0,5,NA,NA,NA,NA
27,mp,LLL,9,11,corsto,11,100,1,10,60,9,20,7,20,NA,NA,NA,NA
27,mp,LLL,NA,11,loninv,3,100,2,1,40,NA,NA,NA,NA,NA,NA,NA,NA
27,mp,LLL,NA,11,rhoalb,7,100,2,7,30,3,70,,,7,NA,NA,NA
27,mp,LLL,NA,11,rubpar,7,100,1,7,20,3,80,NA,NA,NA,NA,NA,NA
27,sm,LLL,2,11,poptre,1,100,1,1,100,NA,NA,NA,NA,3,NA,NA,NA
27,sm,LLL,B,11,poptre,1,100,6,1,100,NA,NA,NA,NA,10,NA,NA,NA
27,sm,LLL,NA,11,vacmem,3,100,NA,3,50,1,30,0,20,NA,NA,1,40
27,sm,LLL,NA,11,vibedu,11,100,1,10,60,3,40,NA,NA,5,NA,NA,NA
27,mp,LLL,7,12,acegla,3,10,12,3,35,1,65,NA,NA,24,NA,1,90
27,mp,LLL,4,12,loninv,3,100,1,3,20,1,80,NA,NA,NA,NA,NA,NA
27,mp,LLL,tml,12,rubpar,1,100,1,1,100,NA,NA,NA,NA,NA,NA,NA,NA
27,mp,LLL,11,12,samrac,1,100,2,1,50,0,50,NA,NA,NA,NA,NA,NA
27,sm,LLL, A,12,amealn,7,100,2,7,90,1,10,,,NA,NA,NA,NA
27,sm,LLL, c,12,corsto,7,100,1,7,100,NA,NA,NA,NA,6,NA,NA,NA
27,sm,LLL,NA,12,sorsco,0,100,1,0,100,NA,NA,NA,NA,NA,NA,NA,NA
27,sm,LLL,NA,12,sorsco,1,100,1,1,100,NA,NA,NA,NA,NA,NA,NA,NA
27,mp,LLL,NA,13,amealn,7,100,1,7,60,3,20,1,20,NA,NA,NA,NA
27,mp,LLL,NA,13,rubpar,0,100,1,0,100,NA,NA,NA,NA,NA,NA,NA,NA
27,mp,LLL,NA,13,sorsco,1,100,3,1,40,0,60,NA,NA,5,NA,NA,NA
27,mp,LLL,NA,13,spipyr,0,100,1,0,100,NA,NA,NA,NA,NA,NA,NA,NA
27,sm,LLL,8,13,popbal,0,100,1,1,100,NA,NA,NA,NA,NA,NA,NA,NA
27,sm,LLL,8,13,popbal,0,100,1,1,100,NA,NA,NA,NA,NA,NA,NA,NA
27,sm,LLL, oc21,13,vacmem,3,100,NA,3,40,1,60,NA,NA,NA,NA,NA,NA
27,sm,LLL, oc21,13,vacmem,3,100,NA,3,60,1,40,NA,NA,NA,NA,NA,NA
27,mp,LLL,ALL,14,alninc,3,100,5,1,50,0,50,NA,NA,6,NA,NA,NA
27,mp,LLL,5,14,alninc,3,100,1,3,10,1,75,0,15,NA,NA,NA,NA
27,mp,LLL,8,14,popbal,0,100,5,0,100,NA,NA,NA,NA,NA,NA,NA,NA
27,mp,LLL,eg,14,symalb,NA,NA,NA,1,20,0,80,NA,NA,NA,NA,NA,NA
27,sm,LLL,3,14,riblac,1,100,1,1,90,0,10,NA,NA,NA,NA,NA,NA
27,sm,LLL,3,14,riblac,1,100,2,3,20,1,65,0,15,NA,NA,NA,NA
27,sm,LLL, A,14,shecan,3,50,2,1,100,NA,NA,NA,NA,NA,NA,1,50
27,sm,LLL,NA,14,spipyr,1,100,1,3,70,1,30,NA,NA,NA,NA,NA,NA
27,mp,LLL,2,15,alnvir,1,100,1,1,50,0,50,NA,NA,6,NA,NA,NA
27,mp,LLL,10,15,corsto,10,100,6,10,70,1,30,NA,NA,6,NA,NA,NA
27,mp,LLL,8,15,loninv,3,100,1,1,100,NA,NA,NA,NA,6,NA,NA,NA
27,mp,LLL,2,15,spipyr,1,100,1,1,60,0,40,NA,NA,NA,NA,NA,NA
27,sm,LLL,1,15,alninc,0,100,1,0,100,NA,NA,NA,NA,NA,NA,NA,NA
27,sm,LLL, w/10,15,rubpar,7,100,1,7,30,3,70,NA,NA,NA,NA,NA,NA
27,sm,LLL, w/10,15,rubpar,7,100,1,7,40,3,60,NA,NA,NA,NA,NA,NA
27,sm,LLL,3,15,symalb,NA,NA,NA,7,15,3,40,1,45,NA,NA,NA,NA
27,mp,LLL,ALL-A,16,menfer,1,60,6,0,100,NA,NA,NA,NA,NA,NA,NA,NA
27,mp,LLL,ALL,16,menfer,1,100,12,0,100,NA,NA,NA,NA,NA,NA,NA,NA
27,mp,LLL,tml,16,rubpar,0,100,1,0,100,NA,NA,NA,NA,NA,NA,NA,NA
27,mp,LLL,NA,16,spibet,0,100,1,0,100,NA,NA,NA,NA,NA,NA,NA,NA
27,sm,LLL,NA,16,acegla,3,100,2,3,75,1,25,NA,NA,23,NA,NA,NA
27,sm,LLL,NA,16,amealn,10,100,1,10,20,3,70,1,10,10,NA,NA,NA
27,sm,LLL,NA,16,betpap,1,100,2,1,20,0,80,NA,NA,4,NA,NA,NA
27,sm,LLL,NA,16,vibedu,11,100,4,11,100,NA,NA,NA,NA,NA,NA,NA,NA
27,mp,LLL,1,17,amealn,3,100,4,9,25,3,10,1,60,19,NA,NA,NA
27,mp,LLL,6,17,corsto,11,100,5,11,60,10,20,NA,NA,5,NA,NA,NA
27,mp,LLL,6,17,poptre,0,100,1,0,100,NA,NA,NA,NA,12,NA,NA,NA
27,mp,LLL,4,17,samrac,1,100,2,1,25,0,75,NA,NA,NA,NA,NA,NA
27,sm,LLL,10,17,loninv,3,80,5,3,40,1,60,NA,NA,26,NA,1,20
27,sm,LLL,12,17,menfer,3,65,19,1,50,0,50,NA,NA,NA,NA,0,35
27,sm,LLL,NA,17,rubpar,0,100,1,0,100,NA,NA,NA,NA,NA,NA,NA,NA
27,sm,LLL,7,17,shecan,3,100,5,3,70,1,30,NA,NA,NA,y,1,60
27,mp,LLL,5,18,poptre,1,100,3,NA,NA,NA,NA,NA,NA,NA,NA,NA,NA
27,mp,LLL,8,18,riblac,7,50,4,7,10,3,50,1,10,NA,NA,3,50
27,mp,LLL,eg,18,symalb,NA,NA,NA,7,20,3,30,1,50,NA,NA,NA,NA
27,mp,LLL,7,18,vibedu,3,100,12,9,10,7,10,NA,NA,NA,NA,NA,NA
27,sm,LLL,1,18,alninc,1,100,2,1,20,0,80,NA,NA,10,NA,NA,NA
27,sm,LLL,8,18,betpap,3,66,3,3,50,1,40,0,10,11,NA,NA,NA
27,sm,LLL,4,18,popbal,1,100,1,1,100,NA,NA,NA,NA,NA,NA,NA,NA
27,sm,LLL, oc21,18,vacmem,3,70,NA,3,20,1,60,0,20,NA,NA,1,30
27,mp,LLL,10,19,corsto,9,100,1,9,35,3,35,0,30,NA,NA,NA,NA
27,mp,LLL,8,19,loninv,3,100,1,1,100,NA,NA,NA,NA,6,NA,NA,NA
27,mp,LLL,120,19,loninv,3,100,1,1,100,NA,NA,NA,NA,NA,NA,NA,NA
27,mp,LLL,11,19,shecan,7,50,2,3,35,1,55,0,10,NA,y,NA,NA
27,sm,LLL,11,19,betpap,3,50,2,3,25,1,75,NA,NA,11,NA,NA,NA
27,sm,LLL, C,19,corsto,9,100,1,3,65,1,35,NA,NA,6,NA,NA,NA
27,sm,LLL,NA,19,sorsco,1,50,2,NA,NA,NA,NA,NA,NA,NA,NA,NA,NA
27,sm,LLL, A34,19,spibet,7,20,5,7,15,3,60,1,25,NA,NA,3,80
27,mp,LLL,7,20,acegla,1,80,21,0,100,NA,NA,NA,NA,6,NA,0,20
27,mp,LLL,ALL,20,alninc,3,75,4,3,40,1,40,0,20,NA,NA,1,25
27,mp,LLL,A,20,menfer,1,50,12,0,100,NA,NA,NA,NA,NA,NA,0,50
27,mp,LLL,tml,20,vacmem,3,100,NA,9,10,7,10,3,50,NA,NA,NA,NA
27,sm,LLL,NA,20,acegla,3,100,1,1,85,0,15,NA,NA,12,NA,NA,NA
27,sm,LLL,NA,20,spibet,7,100,1,7,25,3,75,NA,NA,4,NA,NA,NA
27,sm,LLL,NA,20,spipyr,3,100,1,3,80,0,20,NA,NA,NA,NA,NA,NA
27,mp,LLL,4,21,acegla,3,40,7,1,25,0,75,NA,NA,12,NA,1,60
27,mp,LLL,2,21,samrac,3,100,2,3,100,NA,NA,NA,NA,NA,NA,NA,NA
27,mp,LLL,9,21,sorsco,1,100,1,1,25,0,75,NA,NA,NA,NA,NA,NA
27,mp,LLL,Atml,21,vibedu,3,100,1,3,70,1,20,0,10,NA,NA,NA,NA
27,sm,LLL,13,21,acegla,1,100,3,1,100,NA,NA,NA,NA,10,NA,NA,NA
27,sm,LLL,3,21,popbal,0,100,1,0,100,NA,NA,NA,NA,NA,NA,NA,NA
27,sm,LLL, cl,21,rubpar,0,100,1,0,100,NA,NA,NA,NA,NA,NA,NA,NA
27,sm,LLL,7,21,sorsco,0,100,1,0,100,NA,NA,NA,NA,NA,NA,NA,NA
27,mp,LLL,sg,22,rubpar,7,100,1,1,50,0,50,NA,NA,NA,NA,NA,NA
27,mp,LLL,tml,22,spibet,3,100,1,3,30,1,20,0,50,NA,NA,NA,NA
27,mp,LLL,wjt,22,spipyr,3,100,5,3,10,1,40,0,50,NA,NA,NA,NA
27,mp,LLL,wjt,22,vacmem,3,40,NA,1,25,0,75,NA,NA,NA,NA,NA,NA
27,sm,LLL,15,22,acegla,3,100,3,3,30,1,30,0,40,NA,NA,NA,NA
27,sm,LLL,9,22,betpap,1,100,1,1,100,NA,NA,NA,NA,6,NA,NA,NA
27,sm,LLL, #3,22,menfer,1,100,13,0,100,NA,NA,NA,NA,NA,NA,NA,NA
27,sm,LLL, CL,22,symalb,NA,NA,NA,3,50,1,25,0,25,NA,NA,NA,NA
27,mp,LLL,3,23,acegla,3,100,15,3,30,1,30,0,40,13,NA,NA,NA
27,mp,LLL,10,23,amealn,3,100,2,3,55,1,45,NA,NA,9,NA,NA,NA
27,mp,LLL,Aski,23,poptre,1,50,11,1,100,NA,NA,NA,NA,1,NA,NA,NA
27,mp,LLL,11,23,shecan,3,20,5,1,60,0,40,NA,NA,NA,NA,1,60
27,sm,LLL,1,23,alnvir,3,50,2,3,20,1,30,0,50,10,NA,1,50
27,sm,LLL,10,23,alnvir,1,100,1,0,100,NA,NA,NA,NA,7,NA,NA,NA
27,sm,LLL,9,23,corsto,7,100,4,3,30,1,55,0,15,NA,NA,NA,NA
27,sm,LLL, ,23,riblac,3,100,1,3,20,1,50,0,30,NA,NA,NA,NA
27,mp,LLL,7,24,menfer,1,100,11,0,100,NA,NA,NA,NA,NA,NA,NA,NA
27,mp,LLL,sfc,24,riblac,3,100,3,3,70,1,20,0,10,NA,NA,NA,NA
27,mp,LLL,11,24,samrac,1,100,1,1,100,NA,NA,NA,NA,NA,NA,NA,NA
27,mp,LLL,LL,24,vacmem,1,30,NA,0,100,NA,NA,NA,NA,NA,NA,0,70
27,sm,LLL,5,24,alninc,1,100,3,NA,NA,NA,NA,NA,NA,NA,NA,NA,NA
27,sm,LLL,2,24,alnvir,1,50,2,1,40,0,60,NA,NA,NA,NA,NA,NA
27,sm,LLL,1,24,menfer,1,75,8,0,100,NA,NA,NA,NA,NA,NA,NA,NA
27,sm,LLL,11,24,sorsco,1,100,2,1,50,0,50,NA,NA,4,NA,NA,NA
27,mp,LLL,3,25,acegla,3,10,9,1,100,NA,NA,NA,NA,5,NA,1,90
27,mp,LLL,tml,25,spibet,1,100,1,3,20,1,60,0,20,5,NA,NA,NA
27,mp,LLL,eg,25,symalb,NA,NA,NA,1,50,0,50,NA,NA,NA,NA,NA,NA
27,mp,LLL,Atml,25,vibedu,3,100,1,3,100,NA,NA,NA,NA,4,NA,NA,NA
27,sm,LLL,4,25,alninc,3,100,2,3,85,1,15,NA,NA,NA,NA,NA,NA
27,sm,LLL,7,25,popre,1,85,6,0,100,NA,NA,NA,NA,2,NA,NA,NA
27,sm,LLL, D,25,popre,1,100,1,1,90,0,10,NA,NA,10,NA,NA,NA
27,sm,LLL,11,25,sorsco,1,100,3,0,100,NA,NA,NA,NA,NA,NA,NA,NA
27,mp,LLL,2,26,amealn,3,100,3,3,90,1,10,NA,NA,7,NA,NA,NA
27,mp,LLL,NA,26,spibet,1,100,1,1,100,NA,NA,NA,NA,6,NA,NA,NA
27,mp,LLL,NA,26,spipyr,0,100,4,1,40,0,60,NA,NA,NA,NA,NA,NA
27,mp,LLL,14,26,vibedu,9,70,3,3,100,NA,NA,NA,NA,3,NA,3,30
27,sm,LLL,7,26,acegla,7,30,13,3,5,1,45,0,50,18,NA,3,25
27,sm,LLL,10,26,alnvir,1,100,4,1,40,0,60,NA,NA,NA,NA,0,60
27,sm,LLL, A,26,betpap,1,40,7,NA,NA,NA,NA,NA,NA,NA,NA,NA,NA
27,sm,LLL,9,26,corsto,7,100,7,3,25,1,75,NA,NA,24,NA,NA,NA
27,mp,LLL,4,27,acegla,3,100,5,3,15,1,45,0,40,24,NA,NA,NA
27,mp,LLL,4,27,shecan,1,100,6,1,50,0,50,NA,NA,NA,y,NA,NA
27,mp,LLL,8,27,sorsco,9,50,2,0,100,NA,NA,NA,NA,NA,NA,0,50
27,mp,LLL,wjt,27,spipyr,9,100,1,9,15,3,85,NA,NA,6,NA,NA,NA
27,sm,LLL,NA,27,corsto,10,100,1,7,50,3,50,NA,NA,NA,NA,NA,NA
27,sm,LLL,NA,27,spipyr,3,100,1,3,100,NA,NA,NA,NA,NA,NA,NA,NA
27,sm,LLL,NA,27,vibedu,11,100,1,11,55,10,15,3,30,7,NA,NA,NA
27,mp,LLL,11,28,acegla,NA,NA,NA,NA,NA,NA,NA,NA,NA,NA,NA,NA,NA
27,mp,LLL,9,28,alninc,1,100,4,0,100,NA,NA,NA,NA,11,NA,NA,NA
27,mp,LLL,1,28,amealn,1,100,3,1,5,0,100,NA,NA,12,NA,NA,NA
27,mp,LLL,6,28,riblac,3,80,6,3,20,1,20,0,60,NA,NA,1,20
27,sm,LLL,5,28,betpap,3,100,3,1,30,0,70,NA,NA,11,NA,NA,NA
27,sm,LLL,2,28,menfer,3,85,17,1,50,0,50,NA,NA,NA,NA,NA,NA
27,sm,LLL, cl,28,rubpar,3,100,1,7,100,NA,NA,NA,NA,NA,NA,NA,NA
27,sm,LLL,NA,28,shecan,3,100,8,3,80,1,20,NA,NA,NA,NA,NA,NA
27,mp,LLL,2,29,alnvir,1,100,2,1,30,0,70,NA,NA,7,NA,NA,NA
27,mp,LLL,eg,29,symalb,NA,NA,NA,7,15,3,50,1,20,NA,NA,NA,NA
27,mp,LLL,tml,29,vacmem,3,100,NA,3,30,1,30,0,40,NA,NA,NA,NA
27,mp,LLL,A,29,vibedu,3,100,4,3,100,NA,NA,NA,NA,8,NA,NA,NA
27,sm,LLL,1,29,alnvir,0,100,1,0,100,NA,NA,NA,NA,NA,NA,NA,NA
27,sm,LLL,6,29,amealn,7,50,2,7,30,3,20,0,40,21,NA,NA,NA
27,sm,LLL,8,29,popbal,0,100,2,NA,NA,NA,NA,NA,NA,NA,NA,NA,NA
27,sm,LLL, D,29,poptre,0,100,1,0,100,NA,NA,NA,NA,NA,NA,NA,NA
27,mp,LLL,8,30,popbal,0,100,5,0,100,NA,NA,NA,NA,NA,NA,NA,NA
27,mp,LLL,6,30,poptre,0,100,11,0,100,NA,NA,NA,NA,1,NA,NA,NA
27,mp,LLL,tml,30,rubpar,0,100,1,0,100,NA,NA,NA,NA,NA,NA,NA,NA
27,mp,LLL,1,30,sorsco,0,100,1,0,100,NA,NA,NA,NA,NA,NA,NA,NA
27,sm,LLL,8,30,shecan,3,100,3,3,70,1,20,0,10,NA,y,NA,NA
27,sm,LLL,10,30,shecan,3,100,1,3,80,1,20,NA,NA,NA,y,NA,NA
27,sm,LLL,6,30,shecan,3,100,1,7,5,3,75,1,20,NA,y,NA,NA
27,sm,LLL,NA,30,sorsco,9,100,1,3,50,1,50,NA,NA,NA,NA,NA,NA
27,sm,LLL, b,30,vibedu,11,50,4,11,60,10,20,7,10,8,NA,9,50
27,mp,LLL,8,31,loninv,3,100,1,1,100,NA,NA,NA,NA,6,NA,NA,NA
27,mp,LLL,4,31,samrac,1,100,2,3,100,NA,NA,NA,NA,NA,NA,NA,NA
27,mp,LLL,6,31,shecan,1,100,2,1,30,0,70,NA,NA,NA,NA,NA,NA
27,mp,LLL,w/9,31,symalb,NA,NA,NA,0,100,NA,NA,NA,NA,NA,NA,NA,NA
27,sm,LLL,5,31,acegla,1,100,2,1,40,0,60,NA,NA,NA,NA,NA,NA
27,sm,LLL,3,31,amealn,7,100,3,7,50,1,50,NA,NA,10,NA,NA,NA
27,sm,LLL, A4,31,spibet,3,100,2,3,75,0,25,NA,NA,NA,NA,NA,NA
27,sm,LLL, A5,31,spibet,3,100,1,3,100,NA,NA,NA,NA,NA,NA,NA,NA
27,mp,LLL,11,32,popbal,0,100,1,0,100,NA,NA,NA,NA,NA,NA,NA,NA
27,mp,LLL,4,32,rhoalb,1,100,5,0,100,NA,NA,NA,NA,7,NA,NA,NA
27,mp,LLL,4,32,shecan,1,80,5,1,20,0,80,NA,NA,NA,NA,0,20
27,mp,LLL,14,32,vibedu,3,100,1,3,100,NA,NA,NA,NA,4,NA,NA,NA
27,sm,LLL,10,32,alnvir,NA,NA,NA,3,33,1,66,NA,NA,6,NA,NA,NA
27,sm,LLL,7,32,betpap,1,100,1,3,30,1,50,0,20,6,NA,NA,NA
27,sm,LLL,10,32,vacmem,3,10,NA,1,30,0,70,NA,NA,NA,NA,1,70
27,mp,LLL,ALL,33,alninc,3,50,6,3,20,1,40,0,40,5,NA,NA,NA
27,mp,LLL,2,33,alnvir,1,100,3,1,60,0,40,NA,NA,NA,NA,NA,NA
27,mp,LLL,9,33,corsto,NA,NA,NA,9,60,7,15,0,25,13,NA,NA,NA
27,mp,LLL,8,33,popbal,0,100,1,0,100,NA,NA,NA,NA,NA,NA,NA,NA
27,sm,LLL,5,33,amealn,3,100,1,9,70,7,15,1,15,12,NA,NA,NA
27,sm,LLL,11,33,riblac,3,100,1,1,100,NA,NA,NA,NA,NA,NA,NA,NA
27,sm,LLL,10,33,shecan,3,100,1,7,10,3,70,1,20,NA,NA,NA,NA
27,sm,LLL, A,33,sorsco,3,100,1,0,100,NA,NA,NA,NA,NA,NA,NA,NA
27,mp,LLL,2,34,amealn,3,100,3,3,65,1,20,NA,NA,NA,NA,NA,NA
27,mp,LLL,11,34,popbal,0,100,1,0,100,NA,NA,NA,NA,NA,NA,NA,NA
27,mp,LLL,1,34,sorsco,7,100,1,1,100,NA,NA,NA,NA,NA,NA,NA,NA
27,mp,LLL,LL,34,vacmem,1,100,NA,3,20,1,60,0,20,NA,NA,NA,NA
27,sm,LLL,3,34,riblac,0,100,1,0,100,NA,NA,NA,NA,NA,NA,NA,NA
27,sm,LLL,NA,34,rubpar,0,100,1,0,100,NA,NA,NA,NA,NA,NA,NA,NA
27,Sm,LLL,10,34,shecan,0,100,2,0,100,NA,NA,NA,NA,NA,NA,NA,NA
27,sm,LLL,A,34,spibet,3,100,4,3,80,1,20,NA,NA,NA,NA,NA,NA
27,sm,LLL,NA,34,spibet,3,75,4,3,80,1,10,0,10,NA,NA,NA,NA
27,mp,LLL,6,35,poptre,1,10,10,NA,NA,NA,NA,NA,NA,NA,NA,0,90
27,mp,LLL,6,35,riblac,3,100,3,3,80,1,15,0,5,NA,NA,NA,NA
27,mp,LLL,sg,35,rubpar,7,50,2,7,25,3,25,0,50,NA,NA,1,50
27,mp,LLL,4,35,samrac,1,100,1,1,50,0,50,NA,NA,NA,NA,NA,NA
27,sm,LLL,7,35,popre,1,100,2,1,20,0,80,NA,NA,9,NA,NA,NA
27,sm,LLL, 3b,35,riblac,1,100,1,1,100,NA,NA,NA,NA,NA,NA,NA,NA
27,sm,LLL,NA,35,spipyr,3,100,1,3,100,NA,NA,NA,NA,NA,NA,NA,NA
27,mp,LLL,6,36,poptre,1,100,1,0,100,NA,NA,NA,NA,7,NA,NA,NA
27,mp,LLL,4,36,rhoalb,1,60,8,0,100,NA,NA,NA,NA,2,NA,NA,NA
27,mp,LLL,10,36,samrac,3,100,2,NA,NA,NA,NA,NA,NA,NA,NA,NA,NA
27,mp,LLL,w/6,36,symalb,NA,NA,NA,1,30,NA,NA,NA,NA,NA,NA,NA,NA
27,sm,LLL,10,36,loninv,3,100,3,3,70,1,30,0,10,16,NA,NA,NA
27,sm,LLL,tape,36,spipyr,0,100,1,3,50,0,50,NA,NA,NA,NA,NA,NA
27,sm,LLL,NA,36,spipyr,1,100,1,3,40,1,60,NA,NA,NA,NA,NA,NA
27,sm,LLL, oc21,36,vacmem,3,100,NA,9,10,7,20,3,60,NA,NA,NA,NA
27,mp,LLL,10,37,alnvir,3,100,3,3,40,1,60,,,13,,,
27,mp,LLL,Aski,37,poptre,1,100,11,1,100,,,,,,,,
27,mp,LLL,9,37,rhoalb,7,100,2,7,100,,,,,,,,
27,mp,LLL,Atml,37,vibedu,0,100,NA,0,100,,,,,,,,
27,sm,LLL,2,37,alnvir,3,NA,2,3,50,1,50,NA,NA,NA,NA,NA,NA
27,sm,LLL,11,37,loninv,1,NA,1,1,100,NA,NA,NA,NA,12,NA,NA,NA
27,sm,LLL,9,37,menfer,1,20,18,1,20,0,80,NA,NA,NA,NA,0,80
27,mp,LLL,A,38,alnvir,3,NA,4,3,30,1,40,0,30,17,NA,NA,NA
27,mp,LLL,8,38,amealn,9,50,2,9,35,7,45,3,20,16,NA,NA,NA
27,mp,LLL,2,38,menfer,1,35,14,0,100,NA,NA,NA,NA,NA,NA,NA,NA
27,mp,LLL,eg,38,symalb,NA,NA,NA,3,40,1,30,NA,NA,NA,NA,NA,NA
27,sm,LLL,NA,38,riblac,1,100,1,1,40,0,60,NA,NA,20,NA,NA,NA
27,sm,LLL,NA,38,shecan,1,80,5,3,10,1,70,0,20,40,y,NA,NA
27,sm,LLL,NA,38,spibet,3,100,1,3,50,1,50,NA,NA,6,NA,NA,NA
27,sm,LLL,NA,38,vibedu,11,50,4,11,30,10,20,7,20,19,NA,9,25
27,mp,LLL,2,39,alnvir,1,100,2,1,75,0,25,NA,NA,NA,NA,NA,NA
27,mp,LLL,8,39,riblac,7,10,7,3,10,1,80,0,10,NA,NA,NA,NA
27,mp,LLL,8,39,riblac,1,100,6,1,60,0,40,NA,NA,NA,NA,NA,NA
27,mp,LLL,eg,39,symalb,NA,NA,NA,7,30,3,20,1,50,NA,NA,NA,NA
27,sm,LLL,10,39,loninv,3,100,7,3,40,1,50,0,10,25,NA,NA,NA
27,sm,LLL,10,39,loninv,3,100,8,3,45,1,50,0,5,23,NA,NA,NA
27,sm,LLL,12,39,menfer,1,70,17,0,100,NA,NA,NA,NA,NA,NA,NA,NA
27,sm,LLL,NA,39,symalb,NA,NA,NA,0,100,NA,NA,NA,NA,NA,NA,NA,NA
27,mp,LLL,6,40,popbal,0,100,1,0,100,NA,NA,NA,NA,NA,NA,NA,NA
27,mp,LLL,5,40,poptre,1,30,7,NA,NA,NA,NA,NA,NA,0,NA,0,70
27,mp,LLL,9,40,rhoalb,9,50,4,3,100,NA,NA,NA,NA,11,NA,7,50
27,mp,LLL,9,40,sorsco,0,100,3,0,100,NA,NA,NA,NA,NA,NA,NA,NA
27,sm,LLL, A,40,corsto,7,100,1,9,20,7,50,3,30,NA,NA,NA,NA
27,sm,LLL,NA,40,spibet,0,100,1,9,10,3,30,0,60,NA,NA,NA,NA
27,sm,LLL,NA,40,symalb,NA,NA,NA,3,40,1,30,0,30,NA,NA,NA,NA
27,sm,LLL,3,40,vibedu,3,100,1,11,30,9,15,NA,NA,NA,NA,NA,NA