day,population,treatment,indiv,flask,species,bbch.t,percent.t,count.t,bbch.l,percent.l,bbch2.l,percent2.l,bbch3.l,percent3.l,bud.count,flowering,bbch4.t,percent4.t,comments
9,mp,LHH,NA,1,amealn,3,20,NA,3,50,1,50,,,NA,NA,NA,NA,NA
9,mp,LHH,NA,1,menfer,0,100,NA,1,10,0,90,NA,NA,NA,NA,NA,NA,NA
9,mp,LHH,NA,1,poptre,0,100,NA,0,100,NA,NA,NA,NA,NA,NA,NA,NA,NA
9,mp,LHH,NA,1,symalb,0,100,NA,0,100,NA,NA,NA,NA,NA,NA,NA,NA,NA
9,sm,LHH,NA,1,amealn,0,100,NA,0,100,NA,NA,NA,NA,NA,NA,NA,NA,NA
9,sm,LHH,NA,1,loninv,0,100,NA,0,100,NA,NA,NA,NA,NA,NA,NA,NA,NA
9,sm,LHH,NA,1,popbal,1,100,NA,1,100,NA,NA,NA,NA,NA,NA,NA,NA,NA
9,sm,LHH,NA,1,shecan,0,100,NA,0,100,NA,NA,NA,NA,NA,NA,NA,NA,NA
9,mp,LHH,A,2,loninv,0,100,NA,0,100,NA,NA,NA,NA,NA,NA,NA,NA,NA
9,mp,LHH,4,2,menfer,0,100,NA,0,100,NA,NA,NA,NA,NA,NA,NA,NA,NA
9,mp,LHH,Feg,2,poptre,0,100,NA,0,100,NA,NA,NA,NA,NA,NA,NA,NA,NA
9,mp,LHH,tml,2,spibet,3,100,NA,0,100,NA,NA,NA,NA,NA,NA,NA,NA,NA
9,sm,LHH,7,2,loninv,3,100,NA,0,100,NA,NA,NA,NA,NA,NA,NA,NA,NA
9,sm,LHH, A,2,popbal,0,100,NA,0,100,NA,NA,NA,NA,NA,NA,NA,NA,NA
9,sm,LHH, 3B,2,riblac,0,100,NA,0,100,NA,NA,NA,NA,NA,NA,NA,NA,NA
9,sm,LHH,13,2,shecan,0,100,NA,0,100,NA,NA,NA,NA,NA,NA,NA,NA,NA
9,mp,LHH,10,3,amealn,7,100,NA,3,10,1,10,0,80,NA,NA,NA,NA,NA
9,mp,LHH,6,3,popbal,0,100,NA,0,100,NA,NA,NA,NA,NA,NA,NA,NA,NA
9,mp,LHH,5,3,poptre,0,100,NA,0,100,NA,NA,NA,NA,NA,NA,NA,NA,NA
9,mp,LHH,13,3,sorsco,0,100,NA,0,100,NA,NA,NA,NA,NA,NA,NA,NA,NA
9,sm,LHH,NA,3,amealn,0,100,NA,0,100,NA,NA,NA,NA,NA,NA,NA,NA,NA
9,sm,LHH,NA,3,corsto,0,100,NA,0,100,NA,NA,NA,NA,NA,NA,NA,NA,NA
9,sm,LHH,9,3,menfer,0,100,NA,0,100,NA,NA,NA,NA,NA,NA,NA,NA,NA
9,sm,LHH,NA,3,shecan,0,100,NA,0,100,NA,NA,NA,NA,NA,NA,NA,NA,NA
9,sm,LHH,NA,3,spibet,3,100,NA,0,100,NA,NA,NA,NA,NA,NA,NA,NA,NA
9,mp,LHH,1,4,corsto,0,100,NA,0,100,NA,NA,NA,NA,NA,NA,NA,NA,NA
9,mp,LHH,9,4,shecan,1,100,NA,0,100,NA,NA,NA,NA,NA,NA,NA,NA,NA
9,mp,LHH,10,4,shecan,0,100,NA,0,100,NA,NA,NA,NA,NA,NA,NA,NA,NA
9,mp,LHH,A eg,4,symalb,0,100,NA,0,100,NA,NA,NA,NA,NA,NA,NA,NA,NA
9,sm,LHH,1,4,menfer,0,100,NA,0,100,NA,NA,NA,NA,NA,NA,NA,NA,NA
9,sm,LHH,8,4,popbal,0,100,NA,0,100,NA,NA,NA,NA,NA,NA,NA,NA,NA
9,sm,LHH,straight,4,spibet,7,100,NA,1,100,NA,NA,NA,NA,NA,NA,NA,NA,NA
9,sm,LHH,NA,4,spibet,0,100,NA,0,100,NA,NA,NA,NA,NA,NA,NA,NA,NA
9,mp,LHH,1,5,alnvir,0,100,NA,0,100,NA,NA,NA,NA,NA,NA,NA,NA,NA
9,mp,LHH,A,5,loninv,0,100,NA,0,100,NA,NA,NA,NA,NA,NA,NA,NA,NA
9,mp,LHH,14,5,sorsco,0,100,NA,0,100,NA,NA,NA,NA,NA,NA,NA,NA,NA
9,mp,LHH,2,5,spipyr,0,100,NA,0,100,NA,NA,NA,NA,NA,NA,NA,NA,NA
9,sm,LHH,6,5,betpap,0,100,NA,0,100,NA,NA,NA,NA,NA,NA,NA,NA,NA
9,sm,LHH,5,5,loninv,0,100,NA,0,100,NA,NA,NA,NA,NA,NA,NA,NA,NA
9,sm,LHH, A36,5,spibet,0,100,NA,0,100,NA,NA,NA,NA,NA,NA,NA,NA,NA
9,sm,LHH,2,5,vibedu,0,100,NA,0,100,NA,NA,NA,NA,NA,NA,NA,NA,NA
9,mp,LHH,10,6,corsto,0,100,NA,0,100,NA,NA,NA,NA,NA,NA,NA,NA,NA
9,mp,LHH,10,6,loninv,0,100,NA,0,100,NA,NA,NA,NA,NA,NA,NA,NA,NA
9,mp,LHH,8,6,riblac,1,100,NA,0,100,NA,NA,NA,NA,NA,NA,NA,NA,NA
9,mp,LHH,sg,6,rubpar,0,100,NA,0,100,NA,NA,NA,NA,NA,NA,NA,NA,NA
9,sm,LHH,2,6,alnvir,0,100,NA,0,100,NA,NA,NA,NA,NA,NA,NA,NA,NA
9,sm,LHH,11,6,sorsco,0,100,NA,0,100,NA,NA,NA,NA,NA,NA,NA,NA,NA
9,sm,LHH, cl,6,symalb,0,100,NA,0,100,NA,NA,NA,NA,NA,NA,NA,NA,NA
9,sm,LHH,8,6,vacmem,0,100,NA,0,100,NA,NA,NA,NA,NA,NA,NA,NA,NA
9,mp,LHH,2,7,riblac,0,100,NA,0,100,NA,NA,NA,NA,NA,NA,NA,NA,NA
9,mp,LHH,sg,7,rubpar,0,100,NA,0,100,NA,NA,NA,NA,NA,NA,NA,NA,NA
9,mp,LHH,wjt,7,spipyr,0,100,NA,0,100,NA,NA,NA,NA,NA,NA,NA,NA,NA
9,mp,LHH,11,7,vibedu,0,100,NA,0,100,NA,NA,NA,NA,NA,NA,NA,NA,NA
9,sm,LHH,8,7,corsto,0,100,NA,0,100,NA,NA,NA,NA,NA,NA,NA,NA,NA
9,sm,LHH, A branched,7,corsto,0,100,NA,0,100,NA,NA,NA,NA,NA,NA,NA,NA,NA
9,sm,LHH,8,7,popbal,0,100,NA,0,100,NA,NA,NA,NA,NA,NA,NA,NA,NA
9,sm,LHH,3,7,riblac,0,100,NA,0,100,NA,NA,NA,NA,NA,NA,NA,NA,NA
9,mp,LHH,NA,8,rhoalb,0,100,NA,0,100,NA,NA,NA,NA,NA,NA,NA,NA,NA
9,mp,LHH,NA,8,riblac,0,100,NA,0,100,NA,NA,NA,NA,NA,NA,NA,NA,NA
9,mp,LHH,NA,8,spibet,0,100,NA,0,100,NA,NA,NA,NA,NA,NA,NA,NA,NA
9,mp,LHH,NA,8,spipyr,0,100,NA,0,100,NA,NA,NA,NA,NA,NA,NA,NA,NA
9,sm,LHH,NA,8,betpap,1,100,NA,1,100,NA,NA,NA,NA,NA,NA,NA,NA,NA
9,sm,LHH,NA,8,corsto,0,100,NA,0,100,NA,NA,NA,NA,NA,NA,NA,NA,NA
9,sm,LHH,NA,8,riblac,0,100,NA,0,100,NA,NA,NA,NA,NA,NA,NA,NA,NA
9,sm,LHH,NA,8,riblac,0,100,NA,0,100,NA,NA,NA,NA,NA,NA,NA,NA,NA
9,mp,LHH,6,9,samrac,0,100,NA,0,100,NA,NA,NA,NA,NA,NA,NA,NA,NA
9,mp,LHH,NA,9,samrac,0,100,NA,0,100,NA,NA,NA,NA,NA,NA,NA,NA,NA
9,mp,LHH,NA,9,sorsco,0,100,NA,0,100,NA,NA,NA,NA,NA,NA,NA,NA,NA
9,mp,LHH,NA,9,vibedu,0,100,NA,0,100,NA,NA,NA,NA,NA,NA,NA,NA,NA
9,sm,LHH,NA,9,poptre,0,100,NA,0,100,NA,NA,NA,NA,NA,NA,NA,NA,NA
9,sm,LHH,NA,9,rubpar,0,100,NA,0,100,NA,NA,NA,NA,NA,NA,NA,NA,NA
9,sm,LHH,A,9,vacmem,0,100,NA,0,100,NA,NA,NA,NA,NA,NA,NA,NA,NA
9,sm,LHH,B,9,vacmem,0,100,NA,0,100,NA,NA,NA,NA,NA,NA,NA,NA,NA
9,mp,LHH,NA,10,alnvir,0,100,NA,0,100,NA,NA,NA,NA,NA,NA,NA,NA,NA
9,mp,LHH,NA,10,loninv,0,100,NA,0,100,NA,NA,NA,NA,NA,NA,NA,NA,NA
9,mp,LHH,NA,10,menfer,0,100,NA,0,100,NA,NA,NA,NA,NA,NA,NA,NA,NA
9,mp,LHH,NA,10,spipyr,0,100,NA,0,100,NA,NA,NA,NA,NA,NA,NA,NA,NA
9,sm,LHH,NA,10,riblac,0,100,NA,0,100,NA,NA,NA,NA,NA,NA,NA,NA,NA
9,sm,LHH,NA,10,rupar,0,100,NA,0,100,NA,NA,NA,NA,NA,NA,NA,NA,NA
9,sm,LHH,NA,10,symalb,0,100,NA,0,100,NA,NA,NA,NA,NA,NA,NA,NA,NA
9,sm,LHH,NA,10,symalb,0,100,NA,0,100,NA,NA,NA,NA,NA,NA,NA,NA,NA
9,mp,LHH,NA,11,acegla,0,100,NA,0,100,NA,NA,NA,NA,NA,NA,NA,NA,NA
9,mp,LHH,NA,11,alninc,0,100,NA,0,100,NA,NA,NA,NA,NA,NA,NA,NA,NA
9,mp,LHH,NA,11,amealn,0,100,NA,0,100,NA,NA,NA,NA,NA,NA,NA,NA,NA
9,mp,LHH,NA,11,vacmem,0,100,NA,0,100,NA,NA,NA,NA,NA,NA,NA,NA,NA
9,sm,LHH,NA,11,rubpar,0,100,NA,0,100,NA,NA,NA,NA,NA,NA,NA,NA,NA
9,sm,LHH,NA,11,spipyr,0,100,NA,0,100,NA,NA,NA,NA,NA,NA,NA,NA,NA
9,sm,LHH, oc21,11,vacmem,0,100,NA,0,100,NA,NA,NA,NA,NA,NA,NA,NA,NA
9,mp,LHH,Feg,12,poptre,0,100,NA,0,100,NA,NA,NA,NA,NA,NA,NA,NA,NA
9,mp,LHH,Bsf,12,riblac,0,100,NA,0,100,NA,NA,NA,NA,NA,NA,NA,NA,NA
9,mp,LHH,14,12,sorsco,0,100,NA,0,100,NA,NA,NA,NA,NA,NA,NA,NA,NA
9,mp,LHH,2,12,spipyr,0,100,NA,0,100,NA,NA,NA,NA,NA,NA,NA,NA,NA
9,sm,LHH,NA,12,corsto,0,100,NA,0,100,NA,NA,NA,NA,NA,NA,NA,NA,NA
9,sm,LHH,NA,12,loninv,0,100,NA,0,100,NA,NA,NA,NA,NA,NA,NA,NA,NA
9,sm,LHH,NA,12,poptre,0,100,NA,0,100,NA,NA,NA,NA,NA,NA,NA,NA,NA
9,sm,LHH,NA,12,symalb,0,100,NA,0,100,NA,NA,NA,NA,NA,NA,NA,NA,NA
9,mp,LHH,NA,13,alninc,0,100,NA,0,100,NA,NA,NA,NA,NA,NA,NA,NA,NA
9,mp,LHH,NA,13,loninv,0,100,NA,0,100,NA,NA,NA,NA,NA,NA,NA,NA,NA
9,mp,LHH,NA,13,popbal,0,100,NA,0,100,NA,NA,NA,NA,NA,NA,NA,NA,NA
9,mp,LHH,NA,13,vacmem,0,100,NA,0,100,NA,NA,NA,NA,NA,NA,NA,NA,NA
9,sm,LHH,NA,13,alnvir,0,100,NA,0,100,NA,NA,NA,NA,NA,NA,NA,NA,NA
9,sm,LHH,NA,13,corsto,0,100,NA,0,100,NA,NA,NA,NA,NA,NA,NA,NA,NA
9,sm,LHH,NA,13,rubpar,0,100,NA,0,100,NA,NA,NA,NA,NA,NA,NA,NA,NA
9,mp,LHH,NA,14,rhoalb,0,100,NA,0,100,NA,NA,NA,NA,NA,NA,NA,NA,NA
9,mp,LHH,NA,14,sorsco,0,100,NA,0,100,NA,NA,NA,NA,NA,NA,NA,NA,NA
9,mp,LHH,NA,14,symalb,0,100,NA,0,100,NA,NA,NA,NA,NA,NA,NA,NA,NA
9,mp,LHH,NA,14,vibedu,1,100,NA,0,100,NA,NA,NA,NA,NA,NA,NA,NA,NA
9,sm,LHH,10,14,acegla,0,100,NA,0,100,NA,NA,NA,NA,NA,NA,NA,NA,NA
9,sm,LHH,4,14,alninc,0,100,NA,0,100,NA,NA,NA,NA,NA,NA,NA,NA,NA
9,sm,LHH,3,14,popbal,0,100,NA,0,100,NA,NA,NA,NA,NA,NA,NA,NA,NA
9,mp,LHH,NA,15,amealn,0,100,NA,0,100,NA,NA,NA,NA,NA,NA,NA,NA,NA
9,mp,LHH,NA,15,menfer,0,100,NA,0,100,NA,NA,NA,NA,NA,NA,NA,NA,NA
9,mp,LHH,NA,15,rhoalb,0,100,NA,0,100,NA,NA,NA,NA,NA,NA,NA,NA,NA
9,mp,LHH,NA,15,samrac,0,100,NA,0,100,NA,NA,NA,NA,NA,NA,NA,NA,NA
9,sm,LHH,NA,15,menfer,0,100,NA,0,100,NA,NA,NA,NA,NA,NA,NA,NA,NA
9,sm,LHH,NA,15,rubpar,0,100,NA,0,100,NA,NA,NA,NA,NA,NA,NA,NA,NA
9,sm,LHH,NA,15,shecan,0,100,NA,0,100,NA,NA,NA,NA,NA,NA,NA,NA,NA
9,sm,LHH,NA,15,spipyr,0,100,NA,0,100,NA,NA,NA,NA,NA,NA,NA,NA,NA
9,mp,LHH,8,16,corsto,7,100,NA,0,100,NA,NA,NA,NA,NA,NA,NA,NA,NA
9,mp,LHH,3,16,rhoalb,0,100,NA,0,100,NA,NA,NA,NA,NA,NA,NA,NA,NA
9,mp,LHH,8,16,riblac,0,100,NA,0,100,NA,NA,NA,NA,NA,NA,NA,NA,NA
9,mp,LHH,tml,16,spibet,0,100,NA,0,100,NA,NA,NA,NA,NA,NA,NA,NA,NA
9,sm,LHH,2,16,alninc,0,100,NA,0,100,NA,NA,NA,NA,NA,NA,NA,NA,NA
9,sm,LHH,10,16,alnvir,0,100,NA,0,100,NA,NA,NA,NA,NA,NA,NA,NA,NA
9,sm,LHH,11,16,corsto,10,100,NA,0,100,NA,NA,NA,NA,NA,NA,NA,NA,NA
9,sm,LHH, oc21,16,vacmem,0,100,NA,0,100,NA,NA,NA,NA,NA,NA,NA,NA,NA
9,mp,LHH,bLL,17,alninc,0,100,NA,0,100,NA,NA,NA,NA,NA,NA,NA,NA,NA
9,mp,LHH,7,17,amealn,0,100,NA,0,100,NA,NA,NA,NA,NA,NA,NA,NA,NA
9,mp,LHH,14,17,sorsco,0,100,NA,0,100,NA,NA,NA,NA,NA,NA,NA,NA,NA
9,mp,LHH,10,17,vibedu,0,100,NA,0,100,NA,NA,NA,NA,NA,NA,NA,NA,NA
9,sm,LHH,8,17,popbal,0,100,NA,0,100,NA,NA,NA,NA,NA,NA,NA,NA,NA
9,sm,LHH,NA,17,sorsco,0,100,NA,0,100,NA,NA,NA,NA,NA,NA,NA,NA,NA
9,sm,LHH,NA,17,spibet,0,100,NA,0,100,NA,NA,NA,NA,NA,NA,NA,NA,NA
9,sm,LHH,NA,17,symalb,0,100,NA,0,100,NA,NA,NA,NA,NA,NA,NA,NA,NA
9,sm,LHH,3,17,vibedu,0,100,NA,0,100,NA,NA,NA,NA,NA,NA,NA,NA,NA
9,mp,LHH,NA,18,loninv,0,100,NA,0,100,NA,NA,NA,NA,NA,NA,NA,NA,NA
9,mp,LHH,NA,18,riblac,0,100,NA,0,100,NA,NA,NA,NA,NA,NA,NA,NA,NA
9,mp,LHH,branched,18,spipyr,0,100,NA,0,100,NA,NA,NA,NA,NA,NA,NA,NA,NA
9,mp,LHH,NA,18,spipyr,0,100,NA,0,100,NA,NA,NA,NA,NA,NA,NA,NA,NA
9,sm,LHH,NA,18,amealn,0,100,NA,0,100,NA,NA,NA,NA,NA,NA,NA,NA,NA
9,sm,LHH,NA,18,loninv,0,100,NA,0,100,NA,NA,NA,NA,NA,NA,NA,NA,NA
9,sm,LHH,added one,18,sorsco,0,100,NA,0,100,NA,NA,NA,NA,NA,NA,NA,NA,NA
9,sm,LHH,NA,18,sorsco,0,100,NA,0,100,NA,NA,NA,NA,NA,NA,NA,NA,NA
9,sm,LHH,NA,18,symalb,0,100,NA,0,100,NA,NA,NA,NA,NA,NA,NA,NA,NA
9,mp,LHH,NA,19,acegla,0,100,NA,0,100,NA,NA,NA,NA,NA,NA,NA,NA,NA
9,mp,LHH,5,19,alnvir,0,100,NA,0,100,NA,NA,NA,NA,NA,NA,NA,NA,NA
9,mp,LHH,7,19,alnvir,0,100,NA,0,100,NA,NA,NA,NA,NA,NA,NA,NA,NA
9,mp,LHH,NA,19,samrac,0,100,NA,0,100,NA,NA,NA,NA,NA,NA,NA,NA,NA
9,sm,LHH,NA,19,acegla,0,100,NA,0,100,NA,NA,NA,NA,NA,NA,NA,NA,NA
9,sm,LHH,NA,19,poptre,0,100,NA,0,100,NA,NA,NA,NA,NA,NA,NA,NA,NA
9,sm,LHH,NA,19,riblac,0,100,NA,0,100,NA,NA,NA,NA,NA,NA,NA,NA,NA
9,sm,LHH,NA,19,sorsco,0,100,NA,0,100,NA,NA,NA,NA,NA,NA,NA,NA,NA
9,sm,LHH,NA,19,spibet,0,100,NA,0,100,NA,NA,NA,NA,NA,NA,NA,NA,NA
9,mp,LHH,NA,20,acegla,0,100,NA,0,100,NA,NA,NA,NA,NA,NA,NA,NA,NA
9,mp,LHH,NA,20,rhoalb,0,100,NA,0,100,NA,NA,NA,NA,NA,NA,NA,NA,NA
9,mp,LHH,NA,20,riblac,0,100,NA,0,100,NA,NA,NA,NA,NA,NA,NA,NA,NA
9,mp,LHH,NA,20,spibet,0,100,NA,0,100,NA,NA,NA,NA,NA,NA,NA,NA,NA
9,sm,LHH,NA,20,alnvir,0,100,NA,0,100,NA,NA,NA,NA,NA,NA,NA,NA,NA
9,sm,LHH,NA,20,betpap,0,100,NA,0,100,NA,NA,NA,NA,NA,NA,NA,NA,NA
9,sm,LHH,NA,20,rubpar,0,100,NA,0,100,NA,NA,NA,NA,NA,NA,NA,NA,NA
9,mp,LHH,4,21,acegla,1,100,NA,1,100,NA,NA,NA,NA,NA,NA,NA,NA,NA
9,mp,LHH,7,21,menfer,0,100,NA,1,10,0,90,NA,NA,NA,NA,NA,NA,NA
9,mp,LHH,11,21,rhoalb,1,100,NA,1,100,NA,NA,NA,NA,NA,NA,NA,NA,NA
9,mp,LHH,NA,21,spipyr,0,100,NA,0,100,NA,NA,NA,NA,NA,NA,NA,NA,NA
9,sm,LHH,NA,21,alninc,1,100,NA,1,100,NA,NA,NA,NA,NA,NA,NA,NA,NA
9,sm,LHH,7,21,amealn,1,100,NA,3,10,1,90,NA,NA,NA,NA,NA,NA,NA
9,sm,LHH,NA,21,amealn,0,100,NA,0,100,NA,NA,NA,NA,NA,NA,NA,NA,NA
9,sm,LHH,3,21,menfer,0,100,NA,1,20,0,80,NA,NA,NA,NA,NA,NA,NA
9,mp,LHH,NA,22,acegla,1,100,NA,1,100,NA,NA,NA,NA,NA,NA,NA,NA,NA
9,mp,LHH,9,22,alninc,1,100,NA,1,100,NA,NA,NA,NA,NA,NA,NA,NA,NA
9,mp,LHH,10,22,alninc,1,100,NA,0,100,NA,NA,NA,NA,NA,NA,NA,NA,NA
9,mp,LHH,10,22,spibet,0,100,NA,0,100,NA,NA,NA,NA,NA,NA,NA,NA,NA
9,sm,LHH,NA,22,corsto,1,100,NA,0,100,NA,NA,NA,NA,NA,NA,NA,NA,NA
9,sm,LHH,NA,22,riblac,0,100,NA,0,100,NA,NA,NA,NA,NA,NA,NA,NA,NA
9,sm,LHH,NA,22,shecan,1,100,NA,0,100,NA,NA,NA,NA,NA,NA,NA,NA,NA
9,sm,LHH,NA,22,spibet,0,100,NA,0,100,NA,NA,NA,NA,NA,NA,NA,NA,NA
9,sm,LHH,NA,22,spipyr,0,100,NA,0,100,NA,NA,NA,NA,NA,NA,NA,NA,NA
9,mp,LHH,NA,23,alnvir,1,100,NA,1,100,NA,NA,NA,NA,NA,NA,NA,NA,NA
9,mp,LHH,NA,23,popbal,1,100,NA,1,100,NA,NA,NA,NA,NA,NA,NA,NA,NA
9,mp,LHH,NA,23,rhoalb,1,100,NA,1,100,NA,NA,NA,NA,NA,NA,NA,NA,NA
9,mp,LHH,NA,23,vacmem,0,100,NA,0,100,NA,NA,NA,NA,NA,NA,NA,NA,NA
9,sm,LHH,NA,23,alnvir,1,100,NA,1,100,NA,NA,NA,NA,NA,NA,NA,NA,NA
9,sm,LHH,NA,23,betpap,1,100,NA,1,100,NA,NA,NA,NA,NA,NA,NA,NA,NA
9,sm,LHH,NA,23,menfer,0,100,NA,1,5,0,95,NA,NA,NA,NA,NA,NA,NA
9,mp,LHH,5,24,poptre,0,100,NA,0,100,NA,NA,NA,NA,NA,NA,NA,NA,NA
9,mp,LHH,13,24,sorsco,1,100,NA,0,100,NA,NA,NA,NA,NA,NA,NA,NA,NA
9,mp,LHH,9,24,symalb,0,100,NA,0,100,NA,NA,NA,NA,NA,NA,NA,NA,NA
9,mp,LHH,wjt,24,vacmem,0,100,NA,1,5,0,95,NA,NA,NA,NA,NA,NA,NA
9,sm,LHH,NA,24,acegla,1,100,NA,1,100,NA,NA,NA,NA,NA,NA,NA,NA,NA
9,sm,LHH,19,24,alnvir,3,70,NA,1,100,NA,NA,NA,NA,NA,NA,NA,NA,NA
9,sm,LHH,11,24,loninv,1,100,NA,0,100,NA,NA,NA,NA,NA,NA,NA,NA,NA
9,sm,LHH,NA,24,sorsco,7,100,NA,0,100,NA,NA,NA,NA,NA,NA,NA,NA,NA
9,mp,LHH,NA,25,alninc,1,100,NA,1,100,NA,NA,NA,NA,NA,NA,NA,NA,NA
9,mp,LHH,NA,25,amealn,0,100,NA,0,100,NA,NA,NA,NA,NA,NA,NA,NA,NA
9,mp,LHH,NA,25,corsto,1,100,NA,1,100,NA,NA,NA,NA,NA,NA,NA,NA,NA
9,mp,LHH,NA,25,symalb,0,100,NA,1,10,0,90,NA,NA,NA,NA,NA,NA,NA
9,sm,LHH,NA,25,poptre,0,100,NA,0,100,NA,NA,NA,NA,NA,NA,NA,NA,NA
9,sm,LHH,NA,25,shecan,0,100,NA,0,100,NA,NA,NA,NA,NA,NA,NA,NA,NA
9,sm,LHH,NA,25,spipyr,0,100,NA,0,100,NA,NA,NA,NA,NA,NA,NA,NA,NA
9,sm,LHH,NA,25,symalb,0,100,NA,0,100,NA,NA,NA,NA,NA,NA,NA,NA,NA
9,mp,LHH,NA,26,acegla,1,100,NA,1,25,0,75,NA,NA,NA,NA,NA,NA,NA
9,mp,LHH,NA,26,alnvir,1,100,NA,1,100,NA,NA,NA,NA,NA,NA,NA,NA,NA
9,mp,LHH,A,26,vibedu,1,100,NA,1,50,0,50,NA,NA,NA,NA,NA,NA,NA
9,mp,LHH,NA,26,vibedu,1,100,NA,1,50,0,50,NA,NA,NA,NA,NA,NA,NA
9,sm,LHH,2,26,acegla,0,100,NA,0,100,NA,NA,NA,NA,NA,NA,NA,NA,NA
9,sm,LHH,9,26,acegla,0,100,NA,0,100,NA,NA,NA,NA,NA,NA,NA,NA,NA
9,sm,LHH,11,26,loninv,0,100,NA,0,100,NA,NA,NA,NA,NA,NA,NA,NA,NA
9,sm,LHH, D,26,poptre,0,100,NA,0,100,NA,NA,NA,NA,NA,NA,NA,NA,NA
9,mp,LHH,NA,27,alninc,3,100,NA,1,100,NA,NA,NA,NA,NA,NA,NA,NA,NA
9,mp,LHH,NA,27,amealn,3,100,NA,3,100,NA,NA,NA,NA,NA,NA,NA,NA,NA
9,mp,LHH,NA,27,samrac,0,100,NA,0,100,NA,NA,NA,NA,NA,NA,NA,NA,NA
9,mp,LHH,NA,27,spibet,0,100,NA,0,100,NA,NA,NA,NA,NA,NA,NA,NA,NA
9,sm,LHH,NA,27,alninc,3,100,NA,1,100,NA,NA,NA,NA,NA,NA,NA,NA,NA
9,sm,LHH,NA,27,poptre,0,100,NA,0,100,NA,NA,NA,NA,NA,NA,NA,NA,NA
9,sm,LHH,NA,27,symalb,0,100,NA,1,10,0,90,NA,NA,NA,NA,NA,NA,NA
9,mp,LHH,NA,28,acegla,1,100,NA,1,100,NA,NA,NA,NA,NA,NA,NA,NA,NA
9,mp,LHH,NA,28,corsto,9,100,NA,1,100,NA,NA,NA,NA,NA,NA,NA,NA,NA
9,mp,LHH,NA,28,popbal,1,100,NA,1,100,NA,NA,NA,NA,NA,NA,NA,NA,NA
9,mp,LHH,NA,28,vacmem,0,100,NA,1,5,0,95,NA,NA,NA,NA,NA,NA,NA
9,sm,LHH,NA,28,acegla,1,100,NA,1,100,NA,NA,NA,NA,NA,NA,NA,NA,NA
9,sm,LHH,NA,28,alninc,1,100,NA,1,100,NA,NA,NA,NA,NA,NA,NA,NA,NA
9,sm,LHH,19,28,alnvir,1,100,NA,1,100,NA,NA,NA,NA,NA,NA,NA,NA,NA
9,sm,LHH,NA,28,poptre,0,100,NA,0,100,NA,NA,NA,NA,NA,NA,NA,NA,NA
9,mp,LHH,NA,29,rubpar,0,100,NA,0,100,NA,NA,NA,NA,NA,NA,NA,NA,NA
9,mp,LHH,9,29,shecan,0,100,NA,0,100,NA,NA,NA,NA,NA,NA,NA,NA,NA
9,mp,LHH,NA,29,shecan,0,100,NA,0,100,NA,NA,NA,NA,NA,NA,NA,NA,NA
9,mp,LHH,NA,29,symalb,0,100,NA,0,100,NA,NA,NA,NA,NA,NA,NA,NA,NA
9,sm,LHH,7,29,shecan,0,100,NA,0,100,NA,NA,NA,NA,NA,NA,NA,NA,NA
9,sm,LHH,NA,29,shecan,0,100,NA,0,100,NA,NA,NA,NA,NA,NA,NA,NA,NA
9,sm,LHH,NA,29,spipyr,0,100,NA,0,100,NA,NA,NA,NA,NA,NA,NA,NA,NA
9,mp,LHH,NA,30,rubpar,0,100,NA,0,100,NA,NA,NA,NA,NA,NA,NA,NA,NA
9,mp,LHH,NA,30,samrac,9,100,NA,0,100,NA,NA,NA,NA,NA,NA,NA,NA,NA
9,mp,LHH,A-branched,30,symalb,0,100,NA,1,45,0,55,NA,NA,NA,NA,NA,NA,NA
9,mp,LHH,NA,30,symalb,0,100,NA,1,10,0,90,NA,NA,NA,NA,NA,NA,NA
9,sm,LHH,NA,30,popbal,0,100,NA,0,100,NA,NA,NA,NA,NA,NA,NA,NA,NA
9,sm,LHH,NA,30,rubpar,0,100,NA,0,100,NA,NA,NA,NA,NA,NA,NA,NA,NA
9,sm,LHH,NA,30,spipyr,0,100,NA,0,100,NA,NA,NA,NA,NA,NA,NA,NA,NA
9,sm,LHH,NA,30,vacmem,0,100,NA,0,100,NA,NA,NA,NA,NA,NA,NA,NA,NA
9,mp,LHH,NA,31,corsto,0,100,NA,0,100,NA,NA,NA,NA,NA,NA,NA,NA,NA
9,mp,LHH,NA,31,riblac,1,100,NA,1,5,0,95,NA,NA,NA,NA,NA,NA,NA
9,mp,LHH,A,31,vacmem,0,100,NA,1,1,0,99,NA,NA,NA,NA,NA,NA,NA
9,mp,LHH,B,31,vacmem,0,100,NA,0,100,NA,NA,NA,NA,NA,NA,NA,NA,NA
9,sm,LHH,NA,31,alninc,3,100,NA,1,100,NA,NA,NA,NA,NA,NA,NA,NA,NA
9,sm,LHH,NA,31,amealn,3,100,NA,0,100,NA,NA,NA,NA,NA,NA,NA,NA,NA
9,sm,LHH,NA,31,betpap,1,100,NA,1,100,NA,NA,NA,NA,NA,NA,NA,NA,NA
9,sm,LHH,NA,31,loninv,0,100,NA,0,100,NA,NA,NA,NA,NA,NA,NA,NA,NA
9,mp,LHH,NA,32,alninc,0,100,NA,0,100,NA,NA,NA,NA,NA,NA,NA,NA,NA
9,mp,LHH,NA,32,poptre,0,100,NA,0,100,NA,NA,NA,NA,NA,NA,NA,NA,NA
9,mp,LHH,NA,32,sorsco,0,100,NA,0,100,NA,NA,NA,NA,NA,NA,NA,NA,NA
9,mp,LHH,A,32,spibet,0,100,NA,0,100,NA,NA,NA,NA,NA,NA,NA,NA,NA
9,mp,LHH,B,32,spibet,0,100,NA,0,100,NA,NA,NA,NA,NA,NA,NA,NA,NA
9,sm,LHH,NA,32,alnvir,1,100,NA,1,100,NA,NA,NA,NA,NA,NA,NA,NA,NA
9,sm,LHH,NA,32,betpap,0,100,NA,0,100,NA,NA,NA,NA,NA,NA,NA,NA,NA
9,sm,LHH,NA,32,popbal,3,100,NA,3,100,NA,NA,NA,NA,NA,NA,NA,NA,NA
9,sm,LHH,NA,32,rubpar ,0,100,NA,0,100,NA,NA,NA,NA,NA,NA,NA,NA,NA
9,mp,LHH,NA,33,amealn,0,100,NA,0,100,NA,NA,NA,NA,NA,NA,NA,NA,NA
9,mp,LHH,NA,33,menfer,0,100,NA,0,100,NA,NA,NA,NA,NA,NA,NA,NA,NA
9,mp,LHH,NA,33,popbal,0,100,NA,0,100,NA,NA,NA,NA,NA,NA,NA,NA,NA
9,mp,LHH,NA,33,vacmem,0,100,NA,0,100,NA,NA,NA,NA,NA,NA,NA,NA,NA
9,sm,LHH,13,33,acegla,0,100,NA,0,100,NA,NA,NA,NA,NA,NA,NA,NA,NA
9,sm,LHH, b12,33,spipyr,0,100,NA,0,100,NA,NA,NA,NA,NA,NA,NA,NA,NA
9,sm,LHH,4,33,vibedu,1,100,NA,0,100,NA,NA,NA,NA,NA,NA,NA,NA,NA
9,sm,LHH,extra- branched,33,vibedu,0,100,NA,0,100,NA,NA,NA,NA,NA,NA,NA,NA,NA
9,mp,LHH,NA,34,menfer,0,100,NA,0,100,NA,NA,NA,NA,NA,NA,NA,NA,NA
9,mp,LHH,NA,34,popbal,1,100,NA,3,20,1,80,NA,NA,NA,NA,NA,NA,NA
9,mp,LHH,NA,34,rubpar,0,100,NA,0,100,NA,NA,NA,NA,NA,NA,NA,NA,NA
9,mp,LHH,NA,34,shecan,3,100,NA,1,100,NA,NA,NA,NA,NA,NA,NA,NA,NA
9,sm,LHH,NA,34,alninc,0,100,NA,0,100,NA,NA,NA,NA,NA,NA,NA,NA,NA
9,sm,LHH,NA,34,amealn,0,100,NA,0,100,NA,NA,NA,NA,NA,NA,NA,NA,NA
9,sm,LHH,NA,34,riblac,0,100,NA,0,100,NA,NA,NA,NA,NA,NA,NA,NA,NA
9,sm,LHH,NA,34,vibedu,0,100,NA,0,100,NA,NA,NA,NA,NA,NA,NA,NA,NA
9,mp,LHH,NA,35,loninv,0,100,NA,0,100,NA,NA,NA,NA,NA,NA,NA,NA,NA
9,mp,LHH,NA,35,popbal,0,100,NA,0,100,NA,NA,NA,NA,NA,NA,NA,NA,NA
9,mp,LHH,NA,35,spibet,0,100,NA,0,100,NA,NA,NA,NA,NA,NA,NA,NA,NA
9,mp,LHH,NA,35,vibedu,3,100,NA,1,100,NA,NA,NA,NA,NA,NA,NA,NA,NA
9,sm,LHH,NA,35,betpap,0,100,NA,0,100,NA,NA,NA,NA,NA,NA,NA,NA,NA
9,sm,LHH,2,35,menfer,0,100,NA,0,100,NA,NA,NA,NA,NA,NA,NA,NA,NA
9,sm,LHH,11,35,menfer,0,100,NA,0,100,NA,NA,NA,NA,NA,NA,NA,NA,NA
9,sm,LHH,NA,35,symalb,0,100,NA,0,100,NA,NA,NA,NA,NA,NA,NA,NA,NA
9,mp,LHH,NA,36,alnvir,0,100,NA,0,100,NA,NA,NA,NA,NA,NA,NA,NA,NA
9,mp,LHH,NA,36,menfer,0,100,NA,0,100,NA,NA,NA,NA,NA,NA,NA,NA,NA
9,mp,LHH,NA,36,poptre,0,100,NA,0,100,NA,NA,NA,NA,NA,NA,NA,NA,NA
9,mp,LHH,NA,36,rubpar,0,100,NA,0,100,NA,NA,NA,NA,NA,NA,NA,NA,NA
9,sm,LHH,13,36,acegla,1,100,NA,0,100,NA,NA,NA,NA,NA,NA,NA,NA,NA
9,sm,LHH,11,36,sorsco,1,100,NA,0,100,NA,NA,NA,NA,NA,NA,NA,NA,NA
9,sm,LHH,11,36,vibedu,10,50,NA,9,45,7,55,NA,NA,NA,NA,9,50,NA
9,sm,LHH,2,36,vibedu,9,50,NA,9,50,7,50,NA,NA,NA,NA,NA,NA,NA
9,mp,LHH,NA,37,alnvir,0,100,NA,0,100,NA,NA,NA,NA,NA,NA,NA,NA,NA
9,mp,LHH,NA,37,loninv,0,100,NA,0,100,NA,NA,NA,NA,NA,NA,NA,NA,NA
9,mp,LHH,NA,37,poptre,0,100,NA,0,100,NA,NA,NA,NA,NA,NA,NA,NA,NA
9,mp,LHH,NA,37,vibedu,0,100,NA,0,100,NA,NA,NA,NA,NA,NA,NA,NA,NA
9,sm,LHH, b,37,poptre,0,100,NA,0,100,NA,NA,NA,NA,NA,NA,NA,NA,NA
9,sm,LHH,NA,37,sorsco,0,100,NA,0,100,NA,NA,NA,NA,NA,NA,NA,NA,NA
9,sm,LHH,NA,37,symalb,0,100,NA,0,100,NA,NA,NA,NA,NA,NA,NA,NA,NA
9,sm,LHH,3,37,vibedu,0,100,NA,0,100,NA,NA,NA,NA,NA,NA,NA,NA,NA
9,mp,LHH,NA,38,popbal,3,100,NA,3,100,NA,NA,NA,NA,NA,NA,NA,NA,NA
9,mp,LHH,NA,38,rubpar,1,100,NA,1,100,NA,NA,NA,NA,NA,NA,NA,NA,NA
9,mp,LHH,NA,38,samrac,1,100,NA,1,100,NA,NA,NA,NA,NA,NA,NA,NA,NA
9,mp,LHH,NA,38,shecan,0,100,NA,0,100,NA,NA,NA,NA,NA,NA,NA,NA,NA
9,sm,LHH,A,38,spibet,0,100,NA,0,100,NA,NA,NA,NA,NA,NA,NA,NA,NA
9,sm,LHH,unknown,38,spibet,0,100,NA,0,100,NA,NA,NA,NA,NA,NA,NA,NA,NA
9,sm,LHH,A,38,symalb,0,100,NA,0,100,NA,NA,NA,NA,NA,NA,NA,NA,NA
9,sm,LHH,B,38,symalb,0,100,NA,0,100,NA,NA,NA,NA,NA,NA,NA,NA,NA
9,sm,LHH,NA,38,vacmem,0,100,NA,0,100,NA,NA,NA,NA,NA,NA,NA,NA,NA
9,mp,LHH,NA,39,acegla,0,100,NA,0,100,NA,NA,NA,NA,NA,NA,NA,NA,NA
9,mp,LHH,NA,39,corsto,0,100,NA,0,100,NA,NA,NA,NA,NA,NA,NA,NA,NA
9,mp,LHH,NA,39,samrac,0,100,NA,0,100,NA,NA,NA,NA,NA,NA,NA,NA,NA
9,mp,LHH,NA,39,shecan,0,100,NA,0,100,NA,NA,NA,NA,NA,NA,NA,NA,NA
9,sm,LHH,NA,39,betpap,0,100,NA,0,100,NA,NA,NA,NA,NA,NA,NA,NA,NA
9,sm,LHH,NA,39,menfer,0,100,NA,0,100,NA,NA,NA,NA,NA,NA,NA,NA,NA
9,sm,LHH,NA,39,sorsco,0,100,NA,0,100,NA,NA,NA,NA,NA,NA,NA,NA,NA
9,sm,LHH,NA,39,vacmem,0,100,NA,0,100,NA,NA,NA,NA,NA,NA,NA,NA,NA
9,mp,LHH,NA,40,corsto,0,100,NA,0,100,NA,NA,NA,NA,NA,NA,NA,NA,NA
9,mp,LHH,NA,40,rhoalb,0,100,NA,0,100,NA,NA,NA,NA,NA,NA,NA,NA,NA
9,mp,LHH,NA,40,rubpar,0,100,NA,0,100,NA,NA,NA,NA,NA,NA,NA,NA,NA
9,mp,LHH,NA,40,shecan,0,100,NA,0,100,NA,NA,NA,NA,NA,NA,NA,NA,NA
9,sm,LHH,1,40,alninc,0,100,NA,0,100,NA,NA,NA,NA,NA,NA,NA,NA,NA
9,sm,LHH,5,40,amealn,0,100,NA,0,100,NA,NA,NA,NA,NA,NA,NA,NA,NA
9,sm,LHH, cl,40,symalb,0,100,NA,0,100,NA,NA,NA,NA,NA,NA,NA,NA,NA
9,sm,LHH,4,40,vibedu,7,100,NA,9,50,7,50,NA,NA,NA,NA,NA,NA,NA
9,mp,LHL,NA,1,amealn,3,100,NA,3,20,1,50,0,30,NA,NA,NA,NA,NA
9,mp,LHL,NA,1,menfer,0,100,NA,0,100,NA,NA,NA,NA,NA,NA,NA,NA,NA
9,mp,LHL,NA,1,poptre,0,100,NA,0,100,NA,NA,NA,NA,NA,NA,NA,NA,NA
9,mp,LHL,NA,1,rhoalb,0,100,NA,0,100,NA,NA,NA,NA,NA,NA,NA,NA,NA
9,sm,LHL,NA,1,acegla,1,100,NA,1,10,0,90,NA,NA,NA,NA,NA,NA,NA
9,sm,LHL,NA,1,corsto,0,100,NA,0,100,NA,NA,NA,NA,NA,NA,NA,NA,NA
9,sm,LHL,NA,1,spibet,0,100,NA,0,100,NA,NA,NA,NA,NA,NA,NA,NA,NA
9,mp,LHL,10,2,popbal,0,100,NA,0,100,NA,NA,NA,NA,NA,NA,NA,NA,NA
9,mp,LHL,9,2,rhoalb,0,100,NA,0,100,NA,NA,NA,NA,NA,NA,NA,NA,NA
9,mp,LHL,2,2,samrac,0,100,NA,0,100,NA,NA,NA,NA,NA,NA,NA,NA,NA
9,mp,LHL,7,2,vibedu,0,100,NA,0,100,NA,NA,NA,NA,NA,NA,NA,NA,NA
9,sm,LHL,3,2,amealn,3,100,NA,1,40,0,60,NA,NA,NA,NA,NA,NA,NA
9,sm,LHL,10,2,poptre,0,100,NA,0,100,NA,NA,NA,NA,NA,NA,NA,NA,NA
9,sm,LHL,7,2,shecan,0,100,NA,0,100,NA,NA,NA,NA,NA,NA,NA,NA,NA
9,sm,LHL, A29,2,spibet,0,100,NA,0,100,NA,NA,NA,NA,NA,NA,NA,NA,NA
9,mp,LHL,6,3,popbal,0,100,NA,0,100,NA,NA,NA,NA,NA,NA,NA,NA,NA
9,mp,LHL,sg,3,rubpar,0,100,NA,0,100,NA,NA,NA,NA,NA,NA,NA,NA,NA
9,mp,LHL,NA,3,spibet,0,100,NA,0,100,NA,NA,NA,NA,NA,NA,NA,NA,NA
9,mp,LHL,atml,3,vibedu,1,100,NA,0,100,NA,NA,NA,NA,NA,NA,NA,NA,NA
9,sm,LHL,5,3,betpap,0,100,NA,0,100,NA,NA,NA,NA,NA,NA,NA,NA,NA
9,sm,LHL,5,3,loninv,0,100,NA,0,100,NA,NA,NA,NA,NA,NA,NA,NA,NA
9,sm,LHL,8,3,menfer,0,100,NA,0,100,NA,NA,NA,NA,NA,NA,NA,NA,NA
9,sm,LHL, cl,3,symalb,0,100,NA,0,100,NA,NA,NA,NA,NA,NA,NA,NA,NA
9,mp,LHL,10,4,alninc,1,100,NA,1,30,0,70,NA,NA,NA,NA,NA,NA,NA
9,mp,LHL,2,4,popbal,0,100,NA,0,100,NA,NA,NA,NA,NA,NA,NA,NA,NA
9,mp,LHL,tml,4,spibet,0,100,NA,0,100,NA,NA,NA,NA,NA,NA,NA,NA,NA
9,mp,LHL,tml-unbranched,4,spibet,0,100,NA,0,100,NA,NA,NA,NA,NA,NA,NA,NA,NA
9,sm,LHL,8,4,popbal,0,100,NA,0,100,NA,NA,NA,NA,NA,NA,NA,NA,NA
9,sm,LHL, C,4,poptre,0,100,NA,0,100,NA,NA,NA,NA,NA,NA,NA,NA,NA
9,Sm,LHL,7,4,shecan,0,100,NA,0,100,NA,NA,NA,NA,NA,NA,NA,NA,NA
9,sm,LHL, oc21,4,vacmem,0,100,NA,0,100,NA,NA,NA,NA,NA,NA,NA,NA,NA
9,mp,LHL,10,5,loninv,0,100,NA,0,100,NA,NA,NA,NA,NA,NA,NA,NA,NA
9,mp,LHL,3,5,riblac,1,100,NA,0,100,NA,NA,NA,NA,NA,NA,NA,NA,NA
9,mp,LHL,tml,5,rubpar,0,100,NA,0,100,NA,NA,NA,NA,NA,NA,NA,NA,NA
9,mp,LHL,11,5,samrac,0,100,NA,0,100,NA,NA,NA,NA,NA,NA,NA,NA,NA
9,sm,LHL,5,5,betpap,0,100,NA,0,100,NA,NA,NA,NA,NA,NA,NA,NA,NA
9,sm,LHL,5,5,loninv,0,100,NA,0,100,NA,NA,NA,NA,NA,NA,NA,NA,NA
9,sm,LHL, A,5,popbal,3,100,NA,3,40,1,40,0,20,NA,NA,NA,NA,NA
9,sm,LHL, A34,5,spibet,1,100,NA,0,100,NA,NA,NA,NA,NA,NA,NA,NA,NA
9,mp,LHL,3,6,alninc,0,100,NA,0,100,NA,NA,NA,NA,NA,NA,NA,NA,NA
9,mp,LHL,4,6,alninc,1,100,NA,0,100,NA,NA,NA,NA,NA,NA,NA,NA,NA
9,mp,LHL,6,6,amealn,0,100,NA,0,100,NA,NA,NA,NA,NA,NA,NA,NA,NA
9,mp,LHL,9,6,rubpar,0,100,NA,0,100,NA,NA,NA,NA,NA,NA,NA,NA,NA
9,sm,LHL,10,6,betpap,0,100,NA,0,100,NA,NA,NA,NA,NA,NA,NA,NA,NA
9,sm,LHL,9,6,loninv,0,100,NA,0,100,NA,NA,NA,NA,NA,NA,NA,NA,NA
9,sm,LHL, cl,6,rubpar,0,100,NA,0,100,NA,NA,NA,NA,NA,NA,NA,NA,NA
9,sm,LHL, cl,6,rubpar,0,100,NA,0,100,NA,NA,NA,NA,NA,NA,NA,NA,NA
9,sm,LHL,7,6,shecan,0,100,NA,0,100,NA,NA,NA,NA,NA,NA,NA,NA,NA
9,mp,LHL,8,7,menfer,0,100,NA,0,100,NA,NA,NA,NA,NA,NA,NA,NA,NA
9,mp,LHL,6,7,riblac,1,100,NA,0,100,NA,NA,NA,NA,NA,NA,NA,NA,NA
9,mp,LHL,13,7,sorsco,1,100,NA,0,100,NA,NA,NA,NA,NA,NA,NA,NA,NA
9,mp,LHL,11,7,vacmem,0,100,NA,0,100,NA,NA,NA,NA,NA,NA,NA,NA,NA
9,sm,LHL,6,7,alnvir,1,100,NA,1,40,0,60,NA,NA,NA,NA,NA,NA,NA
9,sm,LHL, oc21,7,vacmem,0,100,NA,0,100,NA,NA,NA,NA,NA,NA,NA,NA,NA
9,mp,LHL,2,8,amealn,0,100,NA,0,100,NA,NA,NA,NA,NA,NA,NA,NA,NA
9,mp,LHL,6,8,corsto,0,100,NA,0,100,NA,NA,NA,NA,NA,NA,NA,NA,NA
9,mp,LHL,8,8,menfer,0,100,NA,0,100,NA,NA,NA,NA,NA,NA,NA,NA,NA
9,mp,LHL,9,8,popbal,0,100,NA,0,100,NA,NA,NA,NA,NA,NA,NA,NA,NA
9,sm,LHL,13,8,acegla,1,100,NA,1,25,0,75,NA,NA,NA,NA,NA,NA,NA
9,sm,LHL,9,8,menfer,0,100,NA,0,100,NA,NA,NA,NA,NA,NA,NA,NA,NA
9,sm,LHL,12,8,popbal,0,100,NA,0,100,NA,NA,NA,NA,NA,NA,NA,NA,NA
9,sm,LHL,3,8,popbal,0,100,NA,0,100,NA,NA,NA,NA,NA,NA,NA,NA,NA
9,mp,LHL,8,9,samrac,0,100,NA,0,100,NA,NA,NA,NA,NA,NA,NA,NA,NA
9,mp,LHL,6,9,shecan,0,100,NA,0,100,NA,NA,NA,NA,NA,NA,NA,NA,NA
9,mp,LHL,tml,9,spibet,0,100,NA,0,100,NA,NA,NA,NA,NA,NA,NA,NA,NA
9,mp,LHL,wjt,9,spipyr,0,100,NA,0,100,NA,NA,NA,NA,NA,NA,NA,NA,NA
9,sm,LHL,13,9,acegla,1,100,NA,1,30,0,70,NA,NA,NA,NA,NA,NA,NA
9,sm,LHL,12,9,popbal,0,100,NA,0,100,NA,NA,NA,NA,NA,NA,NA,NA,NA
9,sm,LHL,7,9,sorsco,0,100,NA,0,100,NA,NA,NA,NA,NA,NA,NA,NA,NA
9,mp,LHL,7,10,acegla,1,100,NA,3,10,1,10,0,80,NA,NA,NA,NA,NA
9,mp,LHL,11,10,shecan,0,100,NA,0,100,NA,NA,NA,NA,NA,NA,NA,NA,NA
9,mp,LHL,NA,10,spipyr,0,100,NA,0,100,NA,NA,NA,NA,NA,NA,NA,NA,NA
9,mp,LHL,A,10,vacmem,0,100,NA,0,100,NA,NA,NA,NA,NA,NA,NA,NA,NA
9,sm,LHL, 3b-A,10,riblac,1,100,NA,1,100,NA,NA,NA,NA,NA,NA,NA,NA,NA
9,sm,LHL, 3b,10,riblac,0,100,NA,0,100,NA,NA,NA,NA,NA,NA,NA,NA,NA
9,sm,LHL,8,10,shecan,1,100,NA,0,100,NA,NA,NA,NA,NA,NA,NA,NA,NA
9,mp,LHL,8,11,menfer,0,100,NA,0,100,NA,NA,NA,NA,NA,NA,NA,NA,NA
9,mp,LHL,2,11,shecan,0,100,NA,0,100,NA,NA,NA,NA,NA,NA,NA,NA,NA
9,mp,LHL,wjt,11,spipyr,0,100,NA,0,100,NA,NA,NA,NA,NA,NA,NA,NA,NA
9,mp,LHL,tml,11,vacmem,0,100,NA,0,100,NA,NA,NA,NA,NA,NA,NA,NA,NA
9,sm,LHL,9,11,acegla,1,100,NA,1,70,0,30,NA,NA,NA,NA,NA,NA,NA
9,sm,LHL,4,11,alninc,3,100,NA,0,100,NA,NA,NA,NA,NA,NA,NA,NA,NA
9,sm,LHL,7,11,amealn,3,100,NA,1,15,0,85,NA,NA,NA,NA,NA,NA,NA
9,sm,LHL,3,11,symalb,0,100,NA,0,100,NA,NA,NA,NA,NA,NA,NA,NA,NA
9,mp,LHL,6,12,amealn,1,100,NA,1,100,NA,NA,NA,NA,NA,NA,NA,NA,NA
9,mp,LHL,6,12,amealn,1,100,NA,1,100,NA,NA,NA,NA,NA,NA,NA,NA,NA
9,mp,LHL,9,12,sorsco,0,100,NA,0,100,NA,NA,NA,NA,NA,NA,NA,NA,NA
9,mp,LHL,9,12,sorsco,0,100,NA,0,100,NA,NA,NA,NA,NA,NA,NA,NA,NA
9,sm,LHL,NA,12,alninc,1,100,NA,1,50,0,50,NA,NA,NA,NA,NA,NA,NA
9,sm,LHL,NA,12,amealn,0,100,NA,0,100,NA,NA,NA,NA,NA,NA,NA,NA,NA
9,sm,LHL,NA,12,sorsco,0,100,NA,0,100,NA,NA,NA,NA,NA,NA,NA,NA,NA
9,sm,LHL,NA,12,vibedu,1,100,NA,1,50,0,50,NA,NA,NA,NA,NA,NA,NA
9,mp,LHL,3,13,acegla,1,100,NA,1,50,0,50,NA,NA,NA,NA,NA,NA,NA
9,mp,LHL,10,13,alninc,1,100,NA,1,50,0,50,NA,NA,NA,NA,NA,NA,NA
9,mp,LHL,2,13,shecan,0,100,NA,0,100,NA,NA,NA,NA,NA,NA,NA,NA,NA
9,mp,LHL,wjt,13,spipyr,0,100,NA,0,100,NA,NA,NA,NA,NA,NA,NA,NA,NA
9,sm,LHL,10,13,betpap,0,100,NA,0,100,NA,NA,NA,NA,NA,NA,NA,NA,NA
9,sm,LHL,1,13,corsto,0,100,NA,0,100,NA,NA,NA,NA,NA,NA,NA,NA,NA
9,sm,LHL,2,13,menfer,0,100,NA,1,5,0,95,NA,NA,NA,NA,NA,NA,NA
9,sm,LHL, cl,13,rubpar,1,100,NA,1,100,NA,NA,NA,NA,NA,NA,NA,NA,NA
9,mp,LHL,7,14,acegla,3,100,NA,1,15,0,85,NA,NA,NA,NA,NA,NA,NA
9,mp,LHL,10,14,loninv,0,100,NA,0,100,NA,NA,NA,NA,NA,NA,NA,NA,NA
9,mp,LHL,10,14,menfer,0,100,NA,1,5,0,95,NA,NA,NA,NA,NA,NA,NA
9,mp,LHL,bski,14,poptre,0,100,NA,0,100,NA,NA,NA,NA,NA,NA,NA,NA,NA
9,sm,LHL,7,14,acegla,1,100,NA,1,50,0,50,NA,NA,NA,NA,NA,NA,NA
9,sm,LHL,10,14,alnvir,1,100,NA,1,60,0,40,NA,NA,NA,NA,NA,NA,NA
9,sm,LHL, cl,14,rubpar,0,100,NA,0,100,NA,NA,NA,NA,NA,NA,NA,NA,NA
9,sm,LHL, cl,14,rubpar,0,100,NA,0,100,NA,NA,NA,NA,NA,NA,NA,NA,NA
9,mp,LHL,4,15,alninc,0,100,NA,0,100,NA,NA,NA,NA,NA,NA,NA,NA,NA
9,mp,LHL,9,15,rubpar,0,100,NA,0,100,NA,NA,NA,NA,NA,NA,NA,NA,NA
9,mp,LHL,2,15,spipyr,0,100,NA,0,100,NA,NA,NA,NA,NA,NA,NA,NA,NA
9,mp,LHL,2,15,vibedu,0,100,NA,0,100,NA,NA,NA,NA,NA,NA,NA,NA,NA
9,sm,LHL, A,15,corsto,1,100,NA,0,100,NA,NA,NA,NA,NA,NA,NA,NA,NA
9,sm,LHL, C,15,poptre,0,100,NA,0,100,NA,NA,NA,NA,NA,NA,NA,NA,NA
9,sm,LHL,NA,15,symalb,0,100,NA,0,100,NA,NA,NA,NA,NA,NA,NA,NA,NA
9,sm,LHL,NA,15,symalb,0,100,NA,0,100,NA,NA,NA,NA,NA,NA,NA,NA,NA
9,mp,LHL,10,16,riblac,0,100,NA,0,100,NA,NA,NA,NA,NA,NA,NA,NA,NA
9,mp,LHL,LL,16,symalb,0,100,NA,0,100,NA,NA,NA,NA,NA,NA,NA,NA,NA
9,mp,LHL,Tml,16,vacmem,0,100,NA,0,100,NA,NA,NA,NA,NA,NA,NA,NA,NA
9,mp,LHL,11,16,vibedu,3,100,NA,1,100,NA,NA,NA,NA,NA,NA,NA,NA,NA
9,sm,LHL,NA,16,alnvir,1,100,NA,1,30,0,70,NA,NA,NA,NA,NA,NA,NA
9,sm,LHL,NA,16,riblac,0,100,NA,0,100,NA,NA,NA,NA,NA,NA,NA,NA,NA
9,sm,LHL,NA,16,vibedu,1,100,NA,1,80,0,20,NA,NA,NA,NA,NA,NA,NA
9,mp,LHL,1,17,alnvir,1,100,NA,1,80,0,20,NA,NA,NA,NA,NA,NA,NA
9,mp,LHL,10,17,popbal,0,100,NA,0,100,NA,NA,NA,NA,NA,NA,NA,NA,NA
9,mp,LHL,tml,17,spibet,0,100,NA,0,100,NA,NA,NA,NA,NA,NA,NA,NA,NA
9,mp,LHL,eg,17,symalb,0,100,NA,0,100,NA,NA,NA,NA,NA,NA,NA,NA,NA
9,sm,LHL,NA,17,amealn,0,100,NA,0,100,NA,NA,NA,NA,NA,NA,NA,NA,NA
9,sm,LHL,NA,17,loninv,1,100,NA,1,10,0,90,NA,NA,NA,NA,NA,NA,NA
9,sm,LHL,NA,17,riblac,1,100,NA,1,5,0,95,NA,NA,NA,NA,NA,NA,NA
9,sm,LHL,NA,17,shecan,0,100,NA,0,100,NA,NA,NA,NA,NA,NA,NA,NA,NA
9,sm,LHL,NA,17,vibedu,7,100,NA,7,10,0,90,NA,NA,NA,NA,NA,NA,NA
9,mp,LHL,10,18,alninc,0,100,NA,0,100,NA,NA,NA,NA,NA,NA,NA,NA,NA
9,mp,LHL,6,18,popbal,0,100,NA,0,100,NA,NA,NA,NA,NA,NA,NA,NA,NA
9,mp,LHL,8,18,samrac,0,100,NA,0,100,NA,NA,NA,NA,NA,NA,NA,NA,NA
9,mp,LHL,9,18,samrac,0,100,NA,0,100,NA,NA,NA,NA,NA,NA,NA,NA,NA
9,sm,LHL,2,18,acegla,0,100,NA,0,100,NA,NA,NA,NA,NA,NA,NA,NA,NA
9,sm,LHL,9,18,acegla,0,100,NA,0,100,NA,NA,NA,NA,NA,NA,NA,NA,NA
9,sm,LHL,2,18,alninc,1,100,NA,1,25,0,75,NA,NA,NA,NA,NA,NA,NA
9,sm,LHL,12,18,sorsco,7,100,NA,0,100,NA,NA,NA,NA,NA,NA,NA,NA,NA
9,mp,LHL,NA,19,corsto,1,100,NA,0,100,NA,NA,NA,NA,NA,NA,NA,NA,NA
9,mp,LHL,NA,19,rhoalb,1,100,NA,0,100,NA,NA,NA,NA,NA,NA,NA,NA,NA
9,mp,LHL,8,19,vibedu,1,100,NA,1,90,0,10,NA,NA,NA,NA,NA,NA,NA
9,mp,LHL,11,19,vibedu,1,100,NA,1,100,NA,NA,NA,NA,NA,NA,NA,NA,NA
9,sm,LHL,NA,19,loninv,0,100,NA,0,100,NA,NA,NA,NA,NA,NA,NA,NA,NA
9,sm,LHL,NA,19,riblac,0,100,NA,0,100,NA,NA,NA,NA,NA,NA,NA,NA,NA
9,sm,LHL,NA,19,spibet,1,100,NA,0,100,NA,NA,NA,NA,NA,NA,NA,NA,NA
9,sm,LHL,NA,19,spipyr,0,100,NA,0,100,NA,NA,NA,NA,NA,NA,NA,NA,NA
9,mp,LHL,1,20,corsto,0,100,NA,0,100,NA,NA,NA,NA,NA,NA,NA,NA,NA
9,mp,LHL,5,20,corsto,1,100,NA,0,100,NA,NA,NA,NA,NA,NA,NA,NA,NA
9,mp,LHL,11,20,rhoalb,0,100,NA,0,100,NA,NA,NA,NA,NA,NA,NA,NA,NA
9,mp,LHL,7,20,vibedu,1,100,NA,1,100,NA,NA,NA,NA,NA,NA,NA,NA,NA
9,sm,LHL, D,20,poptre,0,100,NA,0,100,NA,NA,NA,NA,NA,NA,NA,NA,NA
9,sm,LHL,NA,20,rubpar,0,100,NA,0,100,NA,NA,NA,NA,NA,NA,NA,NA,NA
9,sm,LHL,NA,20,spibet,0,100,NA,0,100,NA,NA,NA,NA,NA,NA,NA,NA,NA
9,sm,LHL,NA,20,spipyr,0,100,NA,0,100,NA,NA,NA,NA,NA,NA,NA,NA,NA
9,mp,LHL,4,21,alnvir,1,100,NA,0,100,NA,NA,NA,NA,NA,NA,NA,NA,NA
9,mp,LHL,3,21,rhoalb,0,100,NA,0,100,NA,NA,NA,NA,NA,NA,NA,NA,NA
9,mp,LHL,sg,21,rubpar,1,100,NA,1,100,NA,NA,NA,NA,NA,NA,NA,NA,NA
9,mp,LHL,ll,21,symalb,0,100,NA,0,100,NA,NA,NA,NA,NA,NA,NA,NA,NA
9,sm,LHL,2,21,alnvir,0,100,NA,0,100,NA,NA,NA,NA,NA,NA,NA,NA,NA
9,sm,LHL,3,21,amealn,1,100,NA,0,100,NA,NA,NA,NA,NA,NA,NA,NA,NA
9,mp,LHL,1,22,alnvir,1,100,NA,1,10,0,90,NA,NA,NA,NA,NA,NA,NA
9,mp,LHL,3,22,alnvir,1,100,NA,1,75,0,25,NA,NA,NA,NA,NA,NA,NA
9,mp,LHL,2,22,samrac,0,100,NA,0,100,NA,NA,NA,NA,NA,NA,NA,NA,NA
9,mp,LHL,tml,22,vacmem,0,100,NA,0,100,NA,NA,NA,NA,NA,NA,NA,NA,NA
9,sm,LHL, A,22,corsto,1,100,NA,0,100,NA,NA,NA,NA,NA,NA,NA,NA,NA
9,sm,LHL,7,22,loninv,0,100,NA,0,100,NA,NA,NA,NA,NA,NA,NA,NA,NA
9,sm,LHL,13,22,menfer,0,100,NA,1,10,0,90,NA,NA,NA,NA,NA,NA,NA
9,sm,LHL,8,22,popbal,1,100,NA,3,10,1,90,NA,NA,NA,NA,NA,NA,NA
9,mp,LHL,10,23,loninv,0,100,NA,0,100,NA,NA,NA,NA,NA,NA,NA,NA,NA
9,mp,LHL,6,23,poptre,0,100,NA,0,100,NA,NA,NA,NA,NA,NA,NA,NA,NA
9,mp,LHL,tml,23,rubpar,0,100,NA,0,100,NA,NA,NA,NA,NA,NA,NA,NA,NA
9,mp,LHL,Asf,23,sorsco,0,100,NA,0,100,NA,NA,NA,NA,NA,NA,NA,NA,NA
9,sm,LHL, 3b,23,riblac,1,100,NA,0,100,NA,NA,NA,NA,NA,NA,NA,NA,NA
9,sm,LHL,NA,23,spibet,1,100,NA,0,100,NA,NA,NA,NA,NA,NA,NA,NA,NA
9,sm,LHL,NA,23,spipyr,0,100,NA,0,100,NA,NA,NA,NA,NA,NA,NA,NA,NA
9,sm,LHL,3,23,vibedu,1,100,NA,1,100,NA,NA,NA,NA,NA,NA,NA,NA,NA
9,mp,LHL,4,24,amealn,0,100,NA,0,100,NA,NA,NA,NA,NA,NA,NA,NA,NA
9,mp,LHL,9,24,popbal,0,100,NA,0,100,NA,NA,NA,NA,NA,NA,NA,NA,NA
9,sm,LHL,NA,24,betpap,0,100,NA,0,100,NA,NA,NA,NA,NA,NA,NA,NA,NA
9,sm,LHL,NA,24,sorsco,0,100,NA,0,100,NA,NA,NA,NA,NA,NA,NA,NA,NA
9,sm,LHL,NA,24,sorsco,0,100,NA,0,100,NA,NA,NA,NA,NA,NA,NA,NA,NA
9,sm,LHL,NA,24,vibedu,1,100,NA,1,100,NA,NA,NA,NA,NA,NA,NA,NA,NA
9,mp,LHL,NA,25,corsto,0,100,NA,0,100,NA,NA,NA,NA,NA,NA,NA,NA,NA
9,mp,LHL,NA,25,loninv,1,100,NA,0,100,NA,NA,NA,NA,NA,NA,NA,NA,NA
9,mp,LHL,NA,25,spibet,1,100,NA,0,100,NA,NA,NA,NA,NA,NA,NA,NA,NA
9,mp,LHL,NA,25,spipyr,0,100,NA,0,100,NA,NA,NA,NA,NA,NA,NA,NA,NA
9,sm,LHL,8,25,popbal,1,100,NA,1,40,0,60,NA,NA,NA,NA,NA,NA,NA
9,sm,LHL, B,25,poptre,0,100,NA,0,100,NA,NA,NA,NA,NA,NA,NA,NA,NA
9,sm,LHL,NA,25,shecan,0,100,NA,0,100,NA,NA,NA,NA,NA,NA,NA,NA,NA
9,sm,LHL,NA,25,spibet,0,100,NA,0,100,NA,NA,NA,NA,NA,NA,NA,NA,NA
9,mp,LHL,4,26,alnvir,1,100,NA,0,100,NA,NA,NA,NA,NA,NA,NA,NA,NA
9,mp,LHL,5,26,poptre,0,100,NA,0,100,NA,NA,NA,NA,NA,NA,NA,NA,NA
9,mp,LHL,3,26,rhoalb,0,100,NA,0,100,NA,NA,NA,NA,NA,NA,NA,NA,NA
9,mp,LHL,10,26,riblac,0,100,NA,0,100,NA,NA,NA,NA,NA,NA,NA,NA,NA
9,sm,LHL,7,26,amealn,1,100,NA,1,100,NA,NA,NA,NA,NA,NA,NA,NA,NA
9,sm,LHL,6,26,betpap,0,100,NA,0,100,NA,NA,NA,NA,NA,NA,NA,NA,NA
9,sm,LHL, w10,26,rubpar,0,100,NA,0,100,NA,NA,NA,NA,NA,NA,NA,NA,NA
9,sm,LHL,NA,26,vacmem,0,100,NA,0,100,NA,NA,NA,NA,NA,NA,NA,NA,NA
9,mp,LHL,6,27,popbal,0,100,NA,0,100,NA,NA,NA,NA,NA,NA,NA,NA,NA
9,mp,LHL,5,27,poptre,0,100,NA,0,100,NA,NA,NA,NA,NA,NA,NA,NA,NA
9,mp,LHL,11,27,rhoalb,1,100,NA,0,100,NA,NA,NA,NA,NA,NA,NA,NA,NA
9,mp,LHL,11,27,riblac,0,100,NA,0,100,NA,NA,NA,NA,NA,NA,NA,NA,NA
9,sm,LHL,6,27,alnvir,3,100,NA,3,10,1,NA,NA,NA,NA,NA,NA,NA,NA
9,sm,LHL,6,27,amealn,3,100,NA,1,50,0,50,NA,NA,NA,NA,NA,NA,NA
9,sm,LHL,12,27,sorsco,0,100,NA,0,100,NA,NA,NA,NA,NA,NA,NA,NA,NA
9,sm,LHL, oc 21,27,vacmem,0,100,NA,3,5,1,10,0,85,NA,NA,NA,NA,NA
9,mp,LHL,10-missing,28,menfer,0,100,NA,0,100,NA,NA,NA,NA,NA,NA,NA,NA,NA
9,mp,LHL,csf,28,riblac,0,100,NA,0,100,NA,NA,NA,NA,NA,NA,NA,NA,NA
9,mp,LHL,2,28,spipyr,0,100,NA,0,100,NA,NA,NA,NA,NA,NA,NA,NA,NA
9,mp,LHL,2,28,spipyr,0,100,NA,0,100,NA,NA,NA,NA,NA,NA,NA,NA,NA
9,sm,LHL,1,28,alninc,0,100,NA,0,100,NA,NA,NA,NA,NA,NA,NA,NA,NA
9,sm,LHL,11,28,corsto,0,100,NA,0,100,NA,NA,NA,NA,NA,NA,NA,NA,NA
9,sm,LHL,5,28,sorsco,0,100,NA,0,100,NA,NA,NA,NA,NA,NA,NA,NA,NA
9,sm,LHL, A17,28,spibet,0,100,NA,0,100,NA,NA,NA,NA,NA,NA,NA,NA,NA
9,mp,LHL,9,29,rhoalb,0,100,NA,0,100,NA,NA,NA,NA,NA,NA,NA,NA,NA
9,mp,LHL,Dsf,29,riblac,1,100,NA,1,100,NA,NA,NA,NA,NA,NA,NA,NA,NA
9,mp,LHL,9,29,sorsco,0,100,NA,0,100,NA,NA,NA,NA,NA,NA,NA,NA,NA
9,mp,LHL,eg,29,symalb,0,100,NA,0,100,NA,NA,NA,NA,NA,NA,NA,NA,NA
9,sm,LHL,5,29,alninc,1,100,NA,1,100,NA,NA,NA,NA,NA,NA,NA,NA,NA
9,sm,LHL, cl,29,symalb,0,100,NA,1,100,NA,NA,NA,NA,NA,NA,NA,NA,NA
9,sm,LHL, cl,29,vacmem,0,100,NA,1,5,0,95,NA,NA,NA,NA,NA,NA,NA
9,sm,LHL, cl,29,vacmem,0,100,NA,0,100,NA,NA,NA,NA,NA,NA,NA,NA,NA
9,mp,LHL,7,30,alnvir,1,100,NA,0,100,NA,NA,NA,NA,NA,NA,NA,NA,NA
9,mp,LHL,5,30,alnvir,1,100,NA,3,25,1,75,NA,NA,NA,NA,NA,NA,NA
9,mp,LHL,8,30,loninv,1,100,NA,0,100,NA,NA,NA,NA,NA,NA,NA,NA,NA
9,mp,LHL,9,30,symalb,0,100,NA,0,100,NA,NA,NA,NA,NA,NA,NA,NA,NA
9,sm,LHL,1,30,alninc,1,100,NA,1,100,NA,NA,NA,NA,NA,NA,NA,NA,NA
9,sm,LHL,3,30,amealn,1,100,NA,0,100,NA,NA,NA,NA,NA,NA,NA,NA,NA
9,sm,LHL, C,30,poptre,0,100,NA,0,100,NA,NA,NA,NA,NA,NA,NA,NA,NA
9,sm,LHL, B15,30,spipyr,0,100,NA,0,100,NA,NA,NA,NA,NA,NA,NA,NA,NA
9,mp,LHL,5,31,corsto,1,100,NA,0,100,NA,NA,NA,NA,NA,NA,NA,NA,NA
9,mp,LHL,Geg,31,poptre,0,100,NA,0,100,NA,NA,NA,NA,NA,NA,NA,NA,NA
9,mp,LHL,tml,31,spibet,0,100,NA,0,100,NA,NA,NA,NA,NA,NA,NA,NA,NA
9,mp,LHL,eg,31,symalb,0,100,NA,0,100,NA,NA,NA,NA,NA,NA,NA,NA,NA
9,sm,LHL,NA,31,loninv,3,100,NA,1,100,NA,NA,NA,NA,NA,NA,NA,NA,NA
9,sm,LHL,3b,31,riblac,0,100,NA,0,100,NA,NA,NA,NA,NA,NA,NA,NA,NA
9,sm,LHL,9,31,riblac,0,100,NA,0,100,NA,NA,NA,NA,NA,NA,NA,NA,NA
9,sm,LHL,NA,31,shecan,0,100,NA,0,100,NA,NA,NA,NA,NA,NA,NA,NA,NA
9,mp,LHL,5,32,alnvir,1,100,NA,1,100,NA,NA,NA,NA,NA,NA,NA,NA,NA
9,mp,LHL,8,32,loninv,0,100,NA,0,100,NA,NA,NA,NA,NA,NA,NA,NA,NA
9,mp,LHL,11,32,riblac,1,100,NA,0,100,NA,NA,NA,NA,NA,NA,NA,NA,NA
9,mp,LHL,9,32,symalb,0,100,NA,0,100,NA,NA,NA,NA,NA,NA,NA,NA,NA
9,sm,LHL,NA,32,loninv,0,100,NA,0,100,NA,NA,NA,NA,NA,NA,NA,NA,NA
9,sm,LHL,2,32,poptre,0,100,NA,0,100,NA,NA,NA,NA,NA,NA,NA,NA,NA
9,sm,LHL,NA,32,vibedu,7,100,NA,0,100,NA,NA,NA,NA,NA,NA,NA,NA,NA
9,mp,LHL,4,33,alninc,1,100,NA,1,100,NA,NA,NA,NA,NA,NA,NA,NA,NA
9,mp,LHL,8,33,shecan,7,100,NA,0,100,NA,NA,NA,NA,NA,NA,NA,NA,NA
9,mp,LHL,9,33,sorsco,0,100,NA,0,100,NA,NA,NA,NA,NA,NA,NA,NA,NA
9,mp,LHL,tml,33,vacmem,0,100,NA,0,100,NA,NA,NA,NA,NA,NA,NA,NA,NA
9,sm,LHL,1,33,alninc,3,100,NA,1,100,NA,NA,NA,NA,NA,NA,NA,NA,NA
9,sm,LHL,8,33,popbal,0,100,NA,0,100,NA,NA,NA,NA,NA,NA,NA,NA,NA
9,sm,LHL, b21,33,spipyr,0,100,NA,0,100,NA,NA,NA,NA,NA,NA,NA,NA,NA
9,sm,LHL,2,33,symalb,0,100,NA,0,100,NA,NA,NA,NA,NA,NA,NA,NA,NA
9,mp,LHL,10,34,corsto,0,100,NA,0,100,NA,NA,NA,NA,NA,NA,NA,NA,NA
9,mp,LHL,4,34,loninv,0,100,NA,0,100,NA,NA,NA,NA,NA,NA,NA,NA,NA
9,mp,LHL,Beg-juv,34,poptre,0,100,NA,0,100,NA,NA,NA,NA,NA,NA,NA,NA,NA
9,mp,LHL,sg,34,rubpar,0,100,NA,0,100,NA,NA,NA,NA,NA,NA,NA,NA,NA
9,sm,LHL,2,34,alnvir,0,100,NA,0,100,NA,NA,NA,NA,NA,NA,NA,NA,NA
9,sm,LHL,8,34,menfer,0,100,NA,0,100,NA,NA,NA,NA,NA,NA,NA,NA,NA
9,sm,LHL,8,34,poptre,0,100,NA,0,100,NA,NA,NA,NA,NA,NA,NA,NA,NA
9,sm,LHL,11,34,sorsco,0,100,NA,0,100,NA,NA,NA,NA,NA,NA,NA,NA,NA
9,mp,LHL,3,35,acegla,1,100,NA,0,100,NA,NA,NA,NA,NA,NA,NA,NA,NA
9,mp,LHL,10,35,corsto,0,100,NA,0,100,NA,NA,NA,NA,NA,NA,NA,NA,NA
9,mp,LHL,10,35,loninv,0,100,NA,0,100,NA,NA,NA,NA,NA,NA,NA,NA,NA
9,mp,LHL,LL,35,vacmem,0,100,NA,1,15,0,85,NA,NA,NA,NA,NA,NA,NA
9,sm,LHL,11,35,acegla,0,100,NA,0,100,NA,NA,NA,NA,NA,NA,NA,NA,NA
9,sm,LHL, #3,35,menfer,0,100,NA,1,15,0,85,NA,NA,NA,NA,NA,NA,NA
9,sm,LHL, cl,35,rubpar,0,100,NA,0,100,NA,NA,NA,NA,NA,NA,NA,NA,NA
9,sm,LHL, b5,35,spipyr,0,100,NA,0,100,NA,NA,NA,NA,NA,NA,NA,NA,NA
9,mp,LHL,11,36,acegla,0,100,NA,0,100,NA,NA,NA,NA,NA,NA,NA,NA,NA
9,mp,LHL,4,36,acegla,1,100,NA,0,100,NA,NA,NA,NA,NA,NA,NA,NA,NA
9,mp,LHL,2,36,amealn,1,100,NA,0,100,NA,NA,NA,NA,NA,NA,NA,NA,NA
9,mp,LHL,11,36,vibedu,1,100,NA,0,100,NA,NA,NA,NA,NA,NA,NA,NA,NA
9,sm,LHL, A,36,corsto,1,100,NA,0,100,NA,NA,NA,NA,NA,NA,NA,NA,NA
9,sm,LHL,13,36,menfer,0,100,NA,1,10,0,90,NA,NA,NA,NA,NA,NA,NA
9,sm,LHL,NA,36,spipyr,0,100,NA,0,100,NA,NA,NA,NA,NA,NA,NA,NA,NA
9,sm,LHL,NA,36,symalb,0,100,NA,0,100,NA,NA,NA,NA,NA,NA,NA,NA,NA
9,mp,LHL,7,37,menfer,0,100,NA,0,100,NA,NA,NA,NA,NA,NA,NA,NA,NA
9,mp,LHL,8,37,samrac,0,100,NA,0,100,NA,NA,NA,NA,NA,NA,NA,NA,NA
9,mp,LHL,2,37,shecan,1,100,NA,0,100,NA,NA,NA,NA,NA,NA,NA,NA,NA
9,mp,LHL,11,37,vacmem,0,100,NA,1,5,0,95,NA,NA,NA,NA,NA,NA,NA
9,sm,LHL,5,37,alninc,3,100,NA,1,100,NA,NA,NA,NA,NA,NA,NA,NA,NA
9,sm,LHL,1,37,betpap,0,100,NA,0,100,NA,NA,NA,NA,NA,NA,NA,NA,NA
9,sm,LHL, #3,37,menfer,0,100,NA,0,100,NA,NA,NA,NA,NA,NA,NA,NA,NA
9,sm,LHL, oc21,37,vacmem,0,100,NA,1,5,0,95,NA,NA,NA,NA,NA,NA,NA
9,mp,LHL,11,38,acegla,1,100,NA,1,100,NA,NA,NA,NA,NA,NA,NA,NA,NA
9,mp,LHL,11,38,acegla,3,100,NA,1,80,0,20,NA,NA,NA,NA,NA,NA,NA
9,mp,LHL,tml,38,rubpar,0,100,NA,0,100,NA,NA,NA,NA,NA,NA,NA,NA,NA
9,mp,LHL,11,38,shecan,0,100,NA,0,100,NA,NA,NA,NA,NA,NA,NA,NA,NA
9,sm,LHL,6,38,alnvir,0,100,NA,0,100,NA,NA,NA,NA,NA,NA,NA,NA,NA
9,sm,LHL,10,38,alnvir,0,100,NA,0,100,NA,NA,NA,NA,NA,NA,NA,NA,NA
9,sm,LHL,NA,38,corsto,0,100,NA,0,100,NA,NA,NA,NA,NA,NA,NA,NA,NA
9,sm,LHL,NA,38,vibedu,1,100,NA,1,100,NA,NA,NA,NA,NA,NA,NA,NA,NA
9,mp,LHL,7,39,amealn,0,100,NA,0,100,NA,NA,NA,NA,NA,NA,NA,NA,NA
9,mp,LHL,10,39,menfer,0,100,NA,1,10,NA,NA,NA,NA,NA,NA,NA,NA,NA
9,mp,LHL,Geg,39,poptre,0,100,NA,0,100,NA,NA,NA,NA,NA,NA,NA,NA,NA
9,mp,LHL,tml,39,spibet,0,100,NA,0,100,NA,NA,NA,NA,NA,NA,NA,NA,NA
9,sm,LHL,NA,39,corsto,1,100,NA,0,100,NA,NA,NA,NA,NA,NA,NA,NA,NA
9,sm,LHL,NA,39,spipyr,0,100,NA,0,100,NA,NA,NA,NA,NA,NA,NA,NA,NA
9,sm,LHL,NA,39,symalb,0,100,NA,0,100,NA,NA,NA,NA,NA,NA,NA,NA,NA
9,sm,LHL,NA,39,vibedu,1,100,NA,0,100,NA,NA,NA,NA,NA,NA,NA,NA,NA
9,mp,LHL,10,40,alninc,0,100,NA,0,100,NA,NA,NA,NA,NA,NA,NA,NA,NA
9,mp,LHL,8,40,samrac,0,100,NA,0,100,NA,NA,NA,NA,NA,NA,NA,NA,NA
9,mp,LHL,4,40,shecan,0,100,NA,0,100,NA,NA,NA,NA,NA,NA,NA,NA,NA
9,mp,LHL,9,40,symalb,0,100,NA,0,100,NA,NA,NA,NA,NA,NA,NA,NA,NA
9,sm,LHL,5,40,betpap,0,100,NA,0,100,NA,NA,NA,NA,NA,NA,NA,NA,NA
9,sm,LHL, b,40,corsto,1,100,NA,0,100,NA,NA,NA,NA,NA,NA,NA,NA,NA
9,sm,LHL, oc 25,40,vacmem,0,100,NA,0,100,NA,NA,NA,NA,NA,NA,NA,NA,NA
9,mp,LLH,NA,1,amealn,3,100,NA,3,75,1,25,NA,NA,NA,NA,NA,NA,NA
9,mp,LLH,NA,1,corsto,7,100,NA,0,100,NA,NA,NA,NA,NA,NA,NA,NA,NA
9,mp,LLH,NA,1,riblac,1,100,NA,0,100,NA,NA,NA,NA,NA,NA,NA,NA,NA
9,mp,LLH,NA,1,symalb,0,100,NA,0,100,NA,NA,NA,NA,NA,NA,NA,NA,NA
9,sm,LLH,NA,1,alnvir,1,100,NA,1,100,NA,NA,NA,NA,NA,NA,NA,NA,NA
9,sm,LLH,NA,1,amealn,0,100,NA,0,100,NA,NA,NA,NA,NA,NA,NA,NA,NA
9,sm,LLH,NA,1,betpap,1,100,NA,0,100,NA,NA,NA,NA,NA,NA,NA,NA,NA
9,sm,LLH,NA,1,sorsco,1,100,NA,1,100,NA,NA,NA,NA,NA,NA,NA,NA,NA
9,mp,LLH,NA,2,amealn,1,100,NA,1,100,NA,NA,NA,NA,NA,NA,NA,NA,NA
9,mp,LLH,NA,2,menfer,1,100,NA,0,100,NA,NA,NA,NA,NA,NA,NA,NA,NA
9,mp,LLH,NA,2,rubpar,0,100,NA,0,100,NA,NA,NA,NA,NA,NA,NA,NA,NA
9,mp,LLH,NA,2,shecan,0,100,NA,0,100,NA,NA,NA,NA,NA,NA,NA,NA,NA
9,sm,LLH, D,2,riblac,0,100,NA,0,100,NA,NA,NA,NA,NA,NA,NA,NA,NA
9,sm,LLH, A,2,shecan,0,100,NA,0,100,NA,NA,NA,NA,NA,NA,NA,NA,NA
9,sm,LLH,NA,2,sorsco,1,100,NA,0,100,NA,NA,NA,NA,NA,NA,NA,NA,NA
9,sm,LLH,NA,2,symalb,0,100,NA,0,100,NA,NA,NA,NA,NA,NA,NA,NA,NA
9,sm,LLH, oc21,2,vacmem,0,100,NA,0,100,NA,NA,NA,NA,NA,NA,NA,NA,NA
9,mp,LLH,3,3,acegla,1,100,NA,1,100,NA,NA,NA,NA,NA,NA,NA,NA,NA
9,mp,LLH,5,3,alninc,0,100,NA,0,100,NA,NA,NA,NA,NA,NA,NA,NA,NA
9,mp,LLH,9,3,rhoalb,1,100,NA,0,100,NA,NA,NA,NA,NA,NA,NA,NA,NA
9,mp,LLH,7,3,vibedu,0,100,NA,0,100,NA,NA,NA,NA,NA,NA,NA,NA,NA
9,sm,LLH,10,3,alnvir,0,100,NA,0,100,NA,NA,NA,NA,NA,NA,NA,NA,NA
9,sm,LLH,6,3,loninv,0,100,NA,0,100,NA,NA,NA,NA,NA,NA,NA,NA,NA
9,sm,LLH, w/10,3,rubpar,0,100,NA,0,100,NA,NA,NA,NA,NA,NA,NA,NA,NA
9,sm,LLH, oc 21,3,vacmem,0,100,NA,0,100,NA,NA,NA,NA,NA,NA,NA,NA,NA
9,mp,LLH,5,4,alninc,3,100,NA,1,100,NA,NA,NA,NA,NA,NA,NA,NA,NA
9,mp,LLH,2,4,amealn,0,100,NA,0,100,NA,NA,NA,NA,NA,NA,NA,NA,NA
9,mp,LLH,8,4,menfer,0,100,NA,1,5,0,95,NA,NA,NA,NA,NA,NA,NA
9,mp,LLH,wjt,4,vacmem,0,100,NA,1,5,0,95,NA,NA,NA,NA,NA,NA,NA
9,sm,LLH,NA,4,acegla,1,100,NA,0,100,NA,NA,NA,NA,NA,NA,NA,NA,NA
9,sm,LLH,NA,4,corsto,0,100,NA,0,100,NA,NA,NA,NA,NA,NA,NA,NA,NA
9,sm,LLH,B2,4,spipyr,0,100,NA,0,100,NA,NA,NA,NA,NA,NA,NA,NA,NA
9,sm,LLH,B1,4,spipyr,0,100,NA,0,100,NA,NA,NA,NA,NA,NA,NA,NA,NA
9,mp,LLH,6,5,popbal,3,100,NA,3,50,1,50,NA,NA,NA,NA,NA,NA,NA
9,mp,LLH,tml,5,rubpar,0,100,NA,0,100,NA,NA,NA,NA,NA,NA,NA,NA,NA
9,mp,LLH,5,5,samrac,1,100,NA,1,100,NA,NA,NA,NA,NA,NA,NA,NA,NA
9,mp,LLH,2,5,spipyr,0,100,NA,0,100,NA,NA,NA,NA,NA,NA,NA,NA,NA
9,sm,LLH, A,5,amealn,1,100,NA,0,100,NA,NA,NA,NA,NA,NA,NA,NA,NA
9,sm,LLH, B,5,corsto,0,100,NA,0,100,NA,NA,NA,NA,NA,NA,NA,NA,NA
9,sm,LLH,7,5,shecan,0,100,NA,0,100,NA,NA,NA,NA,NA,NA,NA,NA,NA
9,sm,LLH,12,5,sorsco,0,100,NA,0,100,NA,NA,NA,NA,NA,NA,NA,NA,NA
9,sm,LLH, B32,5,spipyr,0,100,NA,0,100,NA,NA,NA,NA,NA,NA,NA,NA,NA
9,sm,LLH, cl,5,symalb,0,100,NA,0,100,NA,NA,NA,NA,NA,NA,NA,NA,NA
9,mp,LLH,5,6,alninc,1,100,NA,1,100,NA,NA,NA,NA,NA,NA,NA,NA,NA
9,mp,LLH,3,6,alninc,3,100,NA,1,100,NA,NA,NA,NA,NA,NA,NA,NA,NA
9,mp,LLH,10,6,popbal,3,100,NA,1,100,NA,NA,NA,NA,NA,NA,NA,NA,NA
9,mp,LLH,8,6,riblac,1,100,NA,3,20,0,80,NA,NA,NA,NA,NA,NA,NA
9,sm,LLH,NA,6,alnvir,1,100,NA,1,100,NA,NA,NA,NA,NA,NA,NA,NA,NA
9,sm,LLH,NA,6,amealn,7,25,NA,1,100,NA,NA,NA,NA,NA,NA,1,75,NA
9,sm,LLH,NA,6,sorsco,1,100,NA,7,30,1,70,NA,NA,NA,NA,NA,NA,NA
9,mp,LLH,NA,7,alnvir,0,100,NA,0,100,NA,NA,NA,NA,NA,NA,NA,NA,NA
9,mp,LLH,NA,7,corsto,0,100,NA,0,100,NA,NA,NA,NA,NA,NA,NA,NA,NA
9,mp,LLH,NA,7,poptre,0,100,NA,0,100,NA,NA,NA,NA,NA,NA,NA,NA,NA
9,mp,LLH,NA,7,sorsco,0,100,NA,0,100,NA,NA,NA,NA,NA,NA,NA,NA,NA
9,sm,LLH,11,7,acegla,1,100,NA,1,100,NA,NA,NA,NA,NA,NA,NA,NA,NA
9,sm,LLH,8,7,popbal,1,100,NA,0,100,NA,NA,NA,NA,NA,NA,NA,NA,NA
9,sm,LLH, cl,7,rubpar,1,100,NA,1,100,NA,NA,NA,NA,NA,NA,NA,NA,NA
9,sm,LLH,NA,7,sorsco,1,100,NA,0,100,NA,NA,NA,NA,NA,NA,NA,NA,NA
9,mp,LLH,4,8,alnvir,1,100,NA,1,100,NA,NA,NA,NA,NA,NA,NA,NA,NA
9,mp,LLH,7,8,alnvir,1,100,NA,1,100,NA,NA,NA,NA,NA,NA,NA,NA,NA
9,mp,LLH,tml,8,rubpar,0,100,NA,0,100,NA,NA,NA,NA,NA,NA,NA,NA,NA
9,mp,LLH,9,8,sorsco,0,100,NA,0,100,NA,NA,NA,NA,NA,NA,NA,NA,NA
9,sm,LLH,15,8,acegla,1,100,NA,1,100,NA,NA,NA,NA,NA,NA,NA,NA,NA
9,sm,LLH,9,8,betpap,0,100,NA,0,100,NA,NA,NA,NA,NA,NA,NA,NA,NA
9,sm,LLH,11,8,loninv,0,100,NA,0,100,NA,NA,NA,NA,NA,NA,NA,NA,NA
9,sm,LLH,8,8,riblac,1,100,NA,0,100,NA,NA,NA,NA,NA,NA,NA,NA,NA
9,mp,LLH,4,9,samrac,1,100,NA,1,100,NA,NA,NA,NA,NA,NA,NA,NA,NA
9,mp,LLH,12,9,sorsco,0,100,NA,0,100,NA,NA,NA,NA,NA,NA,NA,NA,NA
9,mp,LLH,LL,9,symalb,0,100,NA,0,100,NA,NA,NA,NA,NA,NA,NA,NA,NA
9,mp,LLH,LL,9,vacmem,0,100,NA,0,100,NA,NA,NA,NA,NA,NA,NA,NA,NA
9,sm,LLH,NA,9,alninc,1,100,NA,0,100,NA,NA,NA,NA,NA,NA,NA,NA,NA
9,sm,LLH,NA,9,sorsco,7,100,NA,0,100,NA,NA,NA,NA,NA,NA,NA,NA,NA
9,sm,LLH,8,9,sorsco,1,100,NA,0,100,NA,NA,NA,NA,NA,NA,NA,NA,NA
9,sm,LLH,NA,9,spibet,0,100,NA,0,100,NA,NA,NA,NA,NA,NA,NA,NA,NA
9,mp,LLH,NA,10,alnvir,1,100,NA,1,100,NA,NA,NA,NA,NA,NA,NA,NA,NA
9,mp,LLH,NA,10,riblac,1,100,NA,0,100,NA,NA,NA,NA,NA,NA,NA,NA,NA
9,mp,LLH,NA,10,sorsco,1,100,NA,0,100,NA,NA,NA,NA,NA,NA,NA,NA,NA
9,mp,LLH,NA,10,spipyr,0,100,NA,0,100,NA,NA,NA,NA,NA,NA,NA,NA,NA
9,sm,LLH,11,10,acegla,0,100,NA,0,100,NA,NA,NA,NA,NA,NA,NA,NA,NA
9,sm,LLH, C,10,poptre,0,100,NA,0,100,NA,NA,NA,NA,NA,NA,NA,NA,NA
9,sm,LLH, cl,10,rubpar,0,100,NA,0,100,NA,NA,NA,NA,NA,NA,NA,NA,NA
9,sm,LLH, oc21/8,10,vacmem,0,100,NA,0,100,NA,NA,NA,NA,NA,NA,NA,NA,NA
9,mp,LLH,8,11,amealn,1,100,NA,0,100,NA,NA,NA,NA,NA,NA,NA,NA,NA
9,mp,LLH,5A,11,poptre,1,100,NA,0,100,NA,NA,NA,NA,NA,NA,NA,NA,NA
9,mp,LLH,5,11,poptre,1,100,NA,0,100,NA,NA,NA,NA,NA,NA,NA,NA,NA
9,mp,LLH,wjt,11,spipyr,0,100,NA,0,100,NA,NA,NA,NA,NA,NA,NA,NA,NA
9,sm,LLH,A,11,acegla,0,100,NA,0,100,NA,NA,NA,NA,NA,NA,NA,NA,NA
9,sm,LLH,NA,11,betpap,0,100,NA,0,100,NA,NA,NA,NA,NA,NA,NA,NA,NA
9,sm,LLH,NA,11,sorsco,1,100,NA,0,100,NA,NA,NA,NA,NA,NA,NA,NA,NA
9,sm,LLH,NA,11,symalb,0,100,NA,1,75,0,25,NA,NA,NA,NA,NA,NA,NA
9,mp,LLH,NA,12,alnvir,1,100,NA,3,10,1,90,NA,NA,NA,NA,NA,NA,NA
9,mp,LLH,NA,12,amealn,7,100,NA,7,70,3,30,NA,NA,NA,NA,NA,NA,NA
9,mp,LLH,NA,12,shecan,0,100,NA,0,100,NA,NA,NA,NA,NA,NA,NA,NA,NA
9,mp,LLH,NA,12,spipyr,0,100,NA,0,100,NA,NA,NA,NA,NA,NA,NA,NA,NA
9,sm,LLH,NA,12,alninc,3,100,NA,1,100,NA,NA,NA,NA,NA,NA,NA,NA,NA
9,sm,LLH,NA,12,alnvir,1,100,NA,1,100,NA,NA,NA,NA,NA,NA,NA,NA,NA
9,sm,LLH,NA,12,corsto,10,100,NA,7,100,NA,NA,NA,NA,NA,NA,NA,NA,NA
9,sm,LLH,NA,12,spipyr,0,100,NA,0,100,NA,NA,NA,NA,NA,NA,NA,NA,NA
9,mp,LLH,NA,13,acegla,1,100,NA,0,100,NA,NA,NA,NA,NA,NA,NA,NA,NA
9,mp,LLH,NA,13,alninc,1,100,NA,1,100,NA,NA,NA,NA,NA,NA,NA,NA,NA
9,mp,LLH,NA,13,riblac,3,100,NA,1,100,NA,NA,NA,NA,NA,NA,NA,NA,NA
9,mp,LLH,NA,13,rubpar,0,100,NA,0,100,NA,NA,NA,NA,NA,NA,NA,NA,NA
9,sm,LLH,NA,13,alnvir,0,100,NA,0,100,NA,NA,NA,NA,NA,NA,NA,NA,NA
9,sm,LLH,straight,13,poptre,0,100,NA,0,100,NA,NA,NA,NA,NA,NA,NA,NA,NA
9,sm,LLH,Extra?,13,poptre,0,100,NA,0,100,NA,NA,NA,NA,NA,NA,NA,NA,NA
9,sm,LLH,A,13,spibet,0,100,NA,0,100,NA,NA,NA,NA,NA,NA,NA,NA,NA
9,sm,LLH,B,13,spibet,7,100,NA,1,100,NA,NA,NA,NA,NA,NA,NA,NA,NA
9,mp,LLH,4,14,alninc,3,100,NA,1,100,NA,NA,NA,NA,NA,NA,NA,NA,NA
9,mp,LLH,8,14,shecan,0,100,NA,0,100,NA,NA,NA,NA,NA,NA,NA,NA,NA
9,mp,LLH,9,14,shecan,1,100,NA,1,100,NA,NA,NA,NA,NA,NA,NA,NA,NA
9,mp,LLH,7,14,vibedu,1,100,NA,1,100,NA,NA,NA,NA,NA,NA,NA,NA,NA
9,sm,LLH, B,14,poptre,1,100,NA,1,100,NA,NA,NA,NA,NA,NA,NA,NA,NA
9,sm,LLH,9,14,riblac,0,100,NA,0,100,NA,NA,NA,NA,NA,NA,NA,NA,NA
9,sm,LLH,NA,14,spibet,0,100,NA,0,100,NA,NA,NA,NA,NA,NA,NA,NA,NA
9,sm,LLH,NA,14,symalb,0,100,NA,1,100,NA,NA,NA,NA,NA,NA,NA,NA,NA
9,mp,LLH,NA,15,alninc,3,100,NA,1,100,NA,NA,NA,NA,NA,NA,NA,NA,NA
9,mp,LLH,NA,15,loninv,0,100,NA,0,100,NA,NA,NA,NA,NA,NA,NA,NA,NA
9,mp,LLH,NA,15,spibet,0,100,NA,0,100,NA,NA,NA,NA,NA,NA,NA,NA,NA
9,mp,LLH,NA,15,vibedu,1,100,NA,0,100,NA,NA,NA,NA,NA,NA,NA,NA,NA
9,sm,LLH, D,15,riblac,0,100,NA,0,100,NA,NA,NA,NA,NA,NA,NA,NA,NA
9,sm,LLH,NA,15,rubpar,0,100,NA,0,100,NA,NA,NA,NA,NA,NA,NA,NA,NA
9,sm,LLH, A,15,shecan,0,100,NA,0,100,NA,NA,NA,NA,NA,NA,NA,NA,NA
9,sm,LLH,NA,15,symalb,0,100,NA,0,100,NA,NA,NA,NA,NA,NA,NA,NA,NA
9,mp,LLH,NA,16,alnvir,1,100,NA,1,100,NA,NA,NA,NA,NA,NA,NA,NA,NA
9,mp,LLH,NA,16,corsto,0,100,NA,0,100,NA,NA,NA,NA,NA,NA,NA,NA,NA
9,mp,LLH,NA,16,popbal,1,100,NA,1,100,NA,NA,NA,NA,NA,NA,NA,NA,NA
9,mp,LLH,NA,16,spipyr,0,100,NA,0,100,NA,NA,NA,NA,NA,NA,NA,NA,NA
9,sm,LLH, A,16,corsto,0,100,NA,0,100,NA,NA,NA,NA,NA,NA,NA,NA,NA
9,sm,LLH,13,16,menfer,0,100,NA,0,100,NA,NA,NA,NA,NA,NA,NA,NA,NA
9,sm,LLH,NA,16,symalb,0,100,NA,0,100,NA,NA,NA,NA,NA,NA,NA,NA,NA
9,sm,LLH, oc21,16,vacmem,0,100,NA,0,100,NA,NA,NA,NA,NA,NA,NA,NA,NA
9,mp,LLH,NA,17,amealn,7,100,NA,7,70,3,30,NA,NA,NA,NA,NA,NA,NA
9,mp,LLH,NA,17,menfer,0,100,NA,1,100,NA,NA,NA,NA,NA,NA,NA,NA,NA
9,mp,LLH,NA,17,symalb,0,100,NA,1,30,0,70,NA,NA,NA,NA,NA,NA,NA
9,mp,LLH,NA,17,vacmem,0,100,NA,1,15,0,85,NA,NA,NA,NA,NA,NA,NA
9,sm,LLH,NA,17,popbal,1,100,NA,1,100,NA,NA,NA,NA,NA,NA,NA,NA,NA
9,sm,LLH,NA,17,riblac,0,100,NA,0,100,NA,NA,NA,NA,NA,NA,NA,NA,NA
9,sm,LLH,NA,17,shecan,0,100,NA,0,100,NA,NA,NA,NA,NA,NA,NA,NA,NA
9,sm,LLH,NA,17,vibedu,7,100,NA,7,100,NA,NA,NA,NA,NA,NA,NA,NA,NA
9,mp,LLH,NA,18,corsto,1,100,NA,0,100,NA,NA,NA,NA,NA,NA,NA,NA,NA
9,mp,LLH,NA,18,rubpar,1,100,NA,1,100,NA,NA,NA,NA,NA,NA,NA,NA,NA
9,mp,LLH,NA,18,vacmem,0,100,NA,0,100,NA,NA,NA,NA,NA,NA,NA,NA,NA
9,mp,LLH,NA,18,vibedu,7,100,NA,1,100,NA,NA,NA,NA,NA,NA,NA,NA,NA
9,sm,LLH,NA,18,loninv,0,100,NA,0,100,NA,NA,NA,NA,NA,NA,NA,NA,NA
9,sm,LLH,NA,18,popbal,1,100,NA,0,100,NA,NA,NA,NA,NA,NA,NA,NA,NA
9,sm,LLH,NA,18,shecan,0,100,NA,0,100,NA,NA,NA,NA,NA,NA,NA,NA,NA
9,sm,LLH,NA,18,vibedu,9,100,NA,7,100,NA,NA,NA,NA,NA,NA,NA,NA,NA
9,mp,LLH,NA,19,rhoalb,1,100,NA,0,100,NA,NA,NA,NA,NA,NA,NA,NA,NA
9,mp,LLH,NA,19,riblac,3,100,NA,1,100,NA,NA,NA,NA,NA,NA,NA,NA,NA
9,mp,LLH,8,19,sorsco,1,100,NA,0,100,NA,NA,NA,NA,NA,NA,NA,NA,NA
9,mp,LLH,13,19,sorsco,1,100,NA,1,100,NA,NA,NA,NA,NA,NA,NA,NA,NA
9,sm,LLH,1,19,alninc,0,100,NA,0,100,NA,NA,NA,NA,NA,NA,NA,NA,NA
9,sm,LLH,10,19,betpap,1,100,NA,1,100,NA,NA,NA,NA,NA,NA,NA,NA,NA
9,sm,LLH,7,19,poptre,1,100,NA,1,100,NA,NA,NA,NA,NA,NA,NA,NA,NA
9,sm,LLH, B17,19,spipyr,0,100,NA,0,100,NA,NA,NA,NA,NA,NA,NA,NA,NA
9,mp,LLH,1,20,rhoalb,0,100,NA,0,100,NA,NA,NA,NA,NA,NA,NA,NA,NA
9,mp,LLH,3,20,rhoalb,0,100,NA,0,100,NA,NA,NA,NA,NA,NA,NA,NA,NA
9,mp,LLH,8,20,samrac,0,100,NA,0,100,NA,NA,NA,NA,NA,NA,NA,NA,NA
9,mp,LLH,4,20,shecan,0,100,NA,0,100,NA,NA,NA,NA,NA,NA,NA,NA,NA
9,sm,LLH,6,20,alnvir,0,100,NA,0,100,NA,NA,NA,NA,NA,NA,NA,NA,NA
9,sm,LLH,5,20,amealn,1,100,NA,0,100,NA,NA,NA,NA,NA,NA,NA,NA,NA
9,sm,LLH,11,20,sorsco,1,100,NA,0,100,NA,NA,NA,NA,NA,NA,NA,NA,NA
9,mp,LLH,NA,21,acegla,1,100,NA,1,100,NA,NA,NA,NA,NA,NA,NA,NA,NA
9,mp,LLH,NA,21,popbal,1,100,NA,1,100,NA,NA,NA,NA,NA,NA,NA,NA,NA
9,mp,LLH,NA,21,spibet,0,100,NA,0,100,NA,NA,NA,NA,NA,NA,NA,NA,NA
9,mp,LLH,NA,21,symalb,0,100,NA,0,100,NA,NA,NA,NA,NA,NA,NA,NA,NA
9,sm,LLH,NA,21,alnvir,1,100,NA,1,100,NA,NA,NA,NA,NA,NA,NA,NA,NA
9,sm,LLH,onionB,21,popbal,3,100,NA,1,100,NA,NA,NA,NA,NA,NA,NA,NA,NA
9,sm,LLH,NA,21,popbal,0,100,NA,0,100,NA,NA,NA,NA,NA,NA,NA,NA,NA
9,sm,LLH,NA,21,rubpar,0,100,NA,0,100,NA,NA,NA,NA,NA,NA,NA,NA,NA
9,mp,LLH,NA,22,alnvir,1,100,NA,1,100,NA,NA,NA,NA,NA,NA,NA,NA,NA
9,mp,LLH,NA,22,popbal,3,100,NA,3,30,1,30,0,40,NA,NA,NA,NA,NA
9,mp,LLH,NA,22,riblac,1,100,NA,0,100,NA,NA,NA,NA,NA,NA,NA,NA,NA
9,mp,LLH,NA,22,shecan,1,100,NA,0,100,NA,NA,NA,NA,NA,NA,NA,NA,NA
9,sm,LLH,NA,22,alninc,3,100,NA,3,50,1,50,NA,NA,NA,NA,NA,NA,NA
9,sm,LLH,NA,22,riblac,0,100,NA,0,100,NA,NA,NA,NA,NA,NA,NA,NA,NA
9,sm,LLH,NA,22,spibet,0,100,NA,0,100,NA,NA,NA,NA,NA,NA,NA,NA,NA
9,sm,LLH,NA,22,vibedu,7,100,NA,7,20,1,80,NA,NA,NA,NA,NA,NA,NA
9,mp,LLH,NA,23,alnvir,1,100,NA,1,100,NA,NA,NA,NA,NA,NA,NA,NA,NA
9,mp,LLH,NA,23,loninv,1,100,NA,0,100,NA,NA,NA,NA,NA,NA,NA,NA,NA
9,mp,LLH,NA,23,symalb,0,100,NA,1,25,0,75,NA,NA,NA,NA,NA,NA,NA
9,mp,LLH,NA,23,vacmem,0,100,NA,1,10,0,90,NA,NA,NA,NA,NA,NA,NA
9,sm,LLH,NA,23,amealn,0,100,NA,0,100,NA,NA,NA,NA,NA,NA,NA,NA,NA
9,sm,LLH,NA,23,rubpar,0,100,NA,0,100,NA,NA,NA,NA,NA,NA,NA,NA,NA
9,sm,LLH,NA,23,symalb,0,100,NA,1,15,0,85,NA,NA,NA,NA,NA,NA,NA
9,sm,LLH,NA,23,vacmem,0,100,NA,1,5,0,95,NA,NA,NA,NA,NA,NA,NA
9,mp,LLH,10,24,acegla,1,100,NA,1,100,NA,NA,NA,NA,NA,NA,NA,NA,NA
9,mp,LLH,atml,24,loninv,1,100,NA,0,100,NA,NA,NA,NA,NA,NA,NA,NA,NA
9,mp,LLH,10,24,menfer,0,100,NA,1,10,0,90,NA,NA,NA,NA,NA,NA,NA
9,mp,LLH,A,24,vacmem,0,100,NA,1,20,0,80,NA,NA,NA,NA,NA,NA,NA
9,sm,LLH,NA,24,betpap,0,100,NA,0,100,NA,NA,NA,NA,NA,NA,NA,NA,NA
9,sm,LLH,NA,24,loninv,0,100,NA,0,100,NA,NA,NA,NA,NA,NA,NA,NA,NA
9,sm,LLH,NA,24,shecan,0,100,NA,0,100,NA,NA,NA,NA,NA,NA,NA,NA,NA
9,sm,LLH,NA,24,symalb,0,100,NA,0,100,NA,NA,NA,NA,NA,NA,NA,NA,NA
9,sm,LLH,NA,24,vacmem,0,100,NA,1,10,0,90,NA,NA,NA,NA,NA,NA,NA
9,mp,LLH,A,25,spibet,0,100,NA,0,100,NA,NA,NA,NA,NA,NA,NA,NA,NA
9,mp,LLH,NA,25,spibet,0,100,NA,0,100,NA,NA,NA,NA,NA,NA,NA,NA,NA
9,mp,LLH,NA,25,spipyr,0,100,NA,0,100,NA,NA,NA,NA,NA,NA,NA,NA,NA
9,mp,LLH,NA,25,symalb,0,100,NA,0,100,NA,NA,NA,NA,NA,NA,NA,NA,NA
9,sm,LLH,NA,25,betpap,0,100,NA,0,100,NA,NA,NA,NA,NA,NA,NA,NA,NA
9,sm,LLH,NA,25,corsto,7,100,NA,0,100,NA,NA,NA,NA,NA,NA,NA,NA,NA
9,sm,LLH,NA,25,riblac,0,100,NA,0,100,NA,NA,NA,NA,NA,NA,NA,NA,NA
9,sm,LLH,NA,25,sorsco,0,100,NA,0,100,NA,NA,NA,NA,NA,NA,NA,NA,NA
9,mp,LLH,NA,26,corsto,0,100,NA,0,100,NA,NA,NA,NA,NA,NA,NA,NA,NA
9,mp,LLH,NA,26,samrac,0,100,NA,0,100,NA,NA,NA,NA,NA,NA,NA,NA,NA
9,mp,LLH,NA,26,spibet,0,100,NA,0,100,NA,NA,NA,NA,NA,NA,NA,NA,NA
9,mp,LLH,NA,26,vibedu,1,100,NA,0,100,NA,NA,NA,NA,NA,NA,NA,NA,NA
9,sm,LLH,NA,26,acegla,1,100,NA,1,10,0,90,NA,NA,NA,NA,NA,NA,NA
9,sm,LLH,9,26,corsto,0,100,NA,0,100,NA,NA,NA,NA,NA,NA,NA,NA,NA
9,sm,LLH,2,26,menfer,0,100,NA,1,100,NA,NA,NA,NA,NA,NA,NA,NA,NA
9,sm,LLH,9,26,menfer,0,100,NA,1,100,NA,NA,NA,NA,NA,NA,NA,NA,NA
9,mp,LLH,NA,27,acegla,3,100,NA,1,100,NA,NA,NA,NA,NA,NA,NA,NA,NA
9,mp,LLH,NA,27,amealn,1,100,NA,1,100,NA,NA,NA,NA,NA,NA,NA,NA,NA
9,mp,LLH,NA,27,samrac,0,100,NA,0,100,NA,NA,NA,NA,NA,NA,NA,NA,NA
9,mp,LLH,NA,27,vibedu,0,100,NA,0,100,NA,NA,NA,NA,NA,NA,NA,NA,NA
9,sm,LLH,11,27,menfer,0,100,NA,1,5,0,95,NA,NA,NA,NA,NA,NA,NA
9,sm,LLH,NA,27,poptre,0,100,NA,0,100,NA,NA,NA,NA,NA,NA,NA,NA,NA
9,sm,LLH,NA,27,shecan,7,100,NA,1,100,NA,NA,NA,NA,NA,NA,NA,NA,NA
9,sm,LLH,NA,27,vibedu,1,100,NA,1,100,NA,NA,NA,NA,NA,NA,NA,NA,NA
9,mp,LLH,NA,28,rhoalb,1,100,NA,0,100,NA,NA,NA,NA,NA,NA,NA,NA,NA
9,mp,LLH,NA,28,riblac,0,100,NA,0,100,NA,NA,NA,NA,NA,NA,NA,NA,NA
9,mp,LLH,NA,28,samrac,1,100,NA,1,100,NA,NA,NA,NA,NA,NA,NA,NA,NA
9,mp,LLH,NA,28,spibet,0,100,NA,0,100,NA,NA,NA,NA,NA,NA,NA,NA,NA
9,sm,LLH,NA,28,amealn,1,100,NA,1,100,NA,NA,NA,NA,NA,NA,NA,NA,NA
9,sm,LLH,NA,28,loninv,0,100,NA,0,100,NA,NA,NA,NA,NA,NA,NA,NA,NA
9,sm,LLH,NA,28,spipyr,0,100,NA,0,100,NA,NA,NA,NA,NA,NA,NA,NA,NA
9,sm,LLH,NA,28,vibedu,3,100,NA,7,25,3,75,NA,NA,NA,NA,NA,NA,NA
9,mp,LLH,NA,29,loninv,0,100,NA,0,100,NA,NA,NA,NA,NA,NA,NA,NA,NA
9,mp,LLH,NA,29,menfer,0,100,NA,0,100,NA,NA,NA,NA,NA,NA,NA,NA,NA
9,mp,LLH,NA,29,popbal,1,100,NA,0,100,NA,NA,NA,NA,NA,NA,NA,NA,NA
9,mp,LLH,NA,29,vibedu,1,100,NA,0,100,NA,NA,NA,NA,NA,NA,NA,NA,NA
9,sm,LLH,10,29,acegla,1,100,NA,1,100,NA,NA,NA,NA,NA,NA,NA,NA,NA
9,sm,LLH,4,29,alninc,3,100,NA,3,50,1,50,NA,NA,NA,NA,NA,NA,NA
9,sm,LLH, Cl,29,rubpar,0,100,NA,0,100,NA,NA,NA,NA,NA,NA,NA,NA,NA
9,sm,LLH, spibet7_01,29,spibet,0,100,NA,0,100,NA,NA,NA,NA,NA,NA,NA,NA,NA
9,mp,LLH,NA,30,loninv,0,100,NA,0,100,NA,NA,NA,NA,NA,NA,NA,NA,NA
9,mp,LLH,NA,30,popbal,1,100,NA,1,100,NA,NA,NA,NA,NA,NA,NA,NA,NA
9,mp,LLH,NA,30,rhoalb,0,100,NA,0,100,NA,NA,NA,NA,NA,NA,NA,NA,NA
9,mp,LLH,NA,30,sorsco,1,100,NA,3,50,0,50,NA,NA,NA,NA,NA,NA,NA
9,sm,LLH,NA,30,riblac,1,100,NA,1,100,NA,NA,NA,NA,NA,NA,NA,NA,NA
9,sm,LLH,NA,30,shecan,1,100,NA,1,100,NA,NA,NA,NA,NA,NA,NA,NA,NA
9,sm,LLH,NA,30,spibet,0,100,NA,0,100,NA,NA,NA,NA,NA,NA,NA,NA,NA
9,sm,LLH,NA,30,symalb,0,100,NA,1,40,0,60,NA,NA,NA,NA,NA,NA,NA
9,mp,LLH,NA,31,alninc,3,100,NA,1,100,NA,NA,NA,NA,NA,NA,NA,NA,NA
9,mp,LLH,B,31,poptre,0,100,NA,0,100,NA,NA,NA,NA,NA,NA,NA,NA,NA
9,mp,LLH,NA,31,poptre,0,100,NA,0,100,NA,NA,NA,NA,NA,NA,NA,NA,NA
9,mp,LLH,NA,31,shecan ,1,100,NA,1,100,NA,NA,NA,NA,NA,NA,NA,NA,NA
9,mp,LLH,NA,31,sorsco,0,100,NA,0,100,NA,NA,NA,NA,NA,NA,NA,NA,NA
9,sm,LLH,NA,31,acegla,1,100,NA,1,100,NA,NA,NA,NA,NA,NA,NA,NA,NA
9,sm,LLH,NA,31,sorsco,1,100,NA,1,100,NA,NA,NA,NA,NA,NA,NA,NA,NA
9,sm,LLH,NA,31,spipyr,0,100,NA,0,100,NA,NA,NA,NA,NA,NA,NA,NA,NA
9,mp,LLH,NA,32,poptre,1,100,NA,0,100,NA,NA,NA,NA,NA,NA,NA,NA,NA
9,mp,LLH,NA,32,rubpar,1,100,NA,1,100,NA,NA,NA,NA,NA,NA,NA,NA,NA
9,mp,LLH,NA,32,samrac,1,100,NA,1,100,NA,NA,NA,NA,NA,NA,NA,NA,NA
9,mp,LLH,NA,32,vacmem,0,100,NA,0,100,NA,NA,NA,NA,NA,NA,NA,NA,NA
9,sm,LLH,NA,32,alninc,3,100,NA,1,100,NA,NA,NA,NA,NA,NA,NA,NA,NA
9,sm,LLH,NA,32,betpap,0,100,NA,0,100,NA,NA,NA,NA,NA,NA,NA,NA,NA
9,sm,LLH,NA,32,menfer,0,100,NA,1,5,0,95,NA,NA,NA,NA,NA,NA,NA
9,mp,LLH,NA,33,poptre,0,100,NA,0,100,NA,NA,NA,NA,NA,NA,NA,NA,NA
9,mp,LLH,NA,33,rubpar,1,100,NA,1,100,NA,NA,NA,NA,NA,NA,NA,NA,NA
9,mp,LLH,NA,33,symalb,0,100,NA,0,100,NA,NA,NA,NA,NA,NA,NA,NA,NA
9,mp,LLH,NA,33,vacmem,0,100,NA,0,100,NA,NA,NA,NA,NA,NA,NA,NA,NA
9,sm,LLH,NA,33,alnvir,1,100,NA,1,100,NA,NA,NA,NA,NA,NA,NA,NA,NA
9,sm,LLH,NA,33,popbal,3,100,NA,3,100,NA,NA,NA,NA,NA,NA,NA,NA,NA
9,sm,LLH,NA,33,poptre,1,100,NA,1,100,NA,NA,NA,NA,NA,NA,NA,NA,NA
9,sm,LLH,NA,33,spipyr,0,100,NA,0,100,NA,NA,NA,NA,NA,NA,NA,NA,NA
9,mp,LLH,NA,34,amealn,1,100,NA,0,100,NA,NA,NA,NA,NA,NA,NA,NA,NA
9,mp,LLH,NA,34,loninv,1,100,NA,0,100,NA,NA,NA,NA,NA,NA,NA,NA,NA
9,mp,LLH,NA,34,poptre,1,100,NA,0,100,NA,NA,NA,NA,NA,NA,NA,NA,NA
9,mp,LLH,NA,34,spipyr,1,100,NA,0,100,NA,NA,NA,NA,NA,NA,NA,NA,NA
9,sm,LLH,NA,34,corsto,0,100,NA,0,100,NA,NA,NA,NA,NA,NA,NA,NA,NA
9,sm,LLH,NA,34,loninv,0,100,NA,0,100,NA,NA,NA,NA,NA,NA,NA,NA,NA
9,sm,LLH,NA,34,shecan,0,100,NA,0,100,NA,NA,NA,NA,NA,NA,NA,NA,NA
9,sm,LLH,NA,34,vacmem,0,100,NA,1,5,0,95,NA,NA,NA,NA,NA,NA,NA
9,mp,LLH,NA,35,acegla,1,100,NA,1,100,NA,NA,NA,NA,NA,NA,NA,NA,NA
9,mp,LLH,NA,35,corsto,0,100,NA,0,100,NA,NA,NA,NA,NA,NA,NA,NA,NA
9,mp,LLH,NA,35,loninv,1,100,NA,0,100,NA,NA,NA,NA,NA,NA,NA,NA,NA
9,mp,LLH,NA,35,menfer,0,100,NA,1,15,0,85,NA,NA,NA,NA,NA,NA,NA
9,sm,LLH,8,35,popbal,1,100,NA,1,100,NA,NA,NA,NA,NA,NA,NA,NA,NA
9,sm,LLH,NA,35,spibet,7,100,NA,0,100,NA,NA,NA,NA,NA,NA,NA,NA,NA
9,sm,LLH,NA,35,symalb,0,100,NA,0,100,NA,NA,NA,NA,NA,NA,NA,NA,NA
9,sm,LLH, oc21,35,vacmem,0,100,NA,0,100,NA,NA,NA,NA,NA,NA,NA,NA,NA
9,mp,LLH,NA,36,corsto,0,100,NA,0,100,NA,NA,NA,NA,NA,NA,NA,NA,NA
9,mp,LLH,NA,36,loninv,1,100,NA,1,100,NA,NA,NA,NA,NA,NA,NA,NA,NA
9,mp,LLH,NA,36,rhoalb,0,100,NA,0,100,NA,NA,NA,NA,NA,NA,NA,NA,NA
9,mp,LLH,NA,36,vibedu,0,100,NA,0,100,NA,NA,NA,NA,NA,NA,NA,NA,NA
9,sm,LLH,NA,36,amealn,0,100,NA,0,100,NA,NA,NA,NA,NA,NA,NA,NA,NA
9,sm,LLH,A,36,poptre,1,100,NA,0,100,NA,NA,NA,NA,NA,NA,NA,NA,NA
9,sm,LLH,B,36,poptre,1,100,NA,1,100,NA,NA,NA,NA,NA,NA,NA,NA,NA
9,sm,LLH,NA,36,vibedu,0,100,NA,0,100,NA,NA,NA,NA,NA,NA,NA,NA,NA
9,mp,LLH,NA,37,acegla,1,100,NA,1,100,NA,NA,NA,NA,NA,NA,NA,NA,NA
9,mp,LLH,NA,37,menfer,0,100,NA,1,15,0,95,NA,NA,NA,NA,NA,NA,NA
9,mp,LLH,NA,37,rubpar,0,100,NA,0,100,NA,NA,NA,NA,NA,NA,NA,NA,NA
9,mp,LLH,NA,37,sorsco,0,100,NA,0,100,NA,NA,NA,NA,NA,NA,NA,NA,NA
9,sm,LLH,NA,37,loninv,0,100,NA,0,100,NA,NA,NA,NA,NA,NA,NA,NA,NA
9,sm,LLH,13,37,menfer,0,100,NA,0,100,NA,NA,NA,NA,NA,NA,NA,NA,NA
9,sm,LLH,NA,37,shecan,0,100,NA,0,100,NA,NA,NA,NA,NA,NA,NA,NA,NA
9,sm,LLH,NA,37,vibedu,7,100,NA,3,100,NA,NA,NA,NA,NA,NA,NA,NA,NA
9,mp,LLH,9,38,acegla,1,100,NA,0,100,NA,NA,NA,NA,NA,NA,NA,NA,NA
9,mp,LLH,6,38,riblac,1,100,NA,0,100,NA,NA,NA,NA,NA,NA,NA,NA,NA
9,mp,LLH,NA,38,spibet,0,100,NA,0,100,NA,NA,NA,NA,NA,NA,NA,NA,NA
9,mp,LLH,NA,38,spipyr,0,100,NA,0,100,NA,NA,NA,NA,NA,NA,NA,NA,NA
9,sm,LLH,NA,38,amealn,1,100,NA,1,100,NA,NA,NA,NA,NA,NA,NA,NA,NA
9,sm,LLH,NA,38,corsto,0,100,NA,0,100,NA,NA,NA,NA,NA,NA,NA,NA,NA
9,sm,LLH,NA,38,shecan,0,100,NA,0,100,NA,NA,NA,NA,NA,NA,NA,NA,NA
9,sm,LLH,NA,38,vibedu,0,100,NA,0,100,NA,NA,NA,NA,NA,NA,NA,NA,NA
9,mp,LLH,NA,39,corsto,0,100,NA,0,100,NA,NA,NA,NA,NA,NA,NA,NA,NA
9,mp,LLH,NA,39,popbal,1,100,NA,3,25,1,75,NA,NA,NA,NA,NA,NA,NA
9,mp,LLH,NA,39,samrac,1,100,NA,1,100,NA,NA,NA,NA,NA,NA,NA,NA,NA
9,mp,LLH,NA,39,spibet,0,100,NA,0,100,NA,NA,NA,NA,NA,NA,NA,NA,NA
9,sm,LLH,5,39,betpap,1,100,NA,1,100,NA,NA,NA,NA,NA,NA,NA,NA,NA
9,sm,LLH,9,39,loninv,1,100,NA,0,100,NA,NA,NA,NA,NA,NA,NA,NA,NA
9,sm,LLH,6,39,menfer,0,100,NA,1,5,0,95,NA,NA,NA,NA,NA,NA,NA
9,sm,LLH,8,39,menfer,0,100,NA,1,5,0,94,NA,NA,NA,NA,NA,NA,NA
9,mp,LLH,NA,40,menfer,0,100,NA,1,10,0,90,NA,NA,NA,NA,NA,NA,NA
9,mp,LLH,NA,40,rhoalb,1,100,NA,0,100,NA,NA,NA,NA,NA,NA,NA,NA,NA
9,mp,LLH,NA,40,shecan,0,100,NA,0,100,NA,NA,NA,NA,NA,NA,NA,NA,NA
9,mp,LLH,NA,40,symalb,0,100,NA,1,5,0,95,NA,NA,NA,NA,NA,NA,NA
9,sm,LLH,3,40,alninc,3,100,NA,0,100,NA,NA,NA,NA,NA,NA,NA,NA,NA
9,sm,LLH,4,40,alninc,0,100,NA,0,100,NA,NA,NA,NA,NA,NA,NA,NA,NA
9,sm,LLH,12,40,popbal,1,100,NA,1,100,NA,NA,NA,NA,NA,NA,NA,NA,NA
9,sm,LLH,NA,40,rubpar,3,100,NA,1,100,NA,NA,NA,NA,NA,NA,NA,NA,NA
9,mp,LLL,NA,1,acegla,1,100,NA,1,100,NA,NA,NA,NA,NA,NA,NA,NA,NA
9,mp,LLL,NA,1,alninc,3,100,NA,0,100,NA,NA,NA,NA,NA,NA,NA,NA,NA
9,mp,LLL,NA,1,corsto,1,100,NA,1,100,NA,NA,NA,NA,NA,NA,NA,NA,NA
9,mp,LLL,NA,1,spibet,0,100,NA,0,100,NA,NA,NA,NA,NA,NA,NA,NA,NA
9,sm,LLL,NA,1,alninc,3,100,NA,1,100,NA,NA,NA,NA,NA,NA,NA,NA,NA
9,sm,LLL,NA,1,poptre,1,100,NA,0,100,NA,NA,NA,NA,NA,NA,NA,NA,NA
9,sm,LLL,NA,1,vacmem,0,100,NA,0,100,NA,NA,NA,NA,NA,NA,NA,NA,NA
9,sm,LLL,NA,1,vibedu,1,100,NA,1,100,NA,NA,NA,NA,NA,NA,NA,NA,NA
9,mp,LLL,5,2,alninc,3,100,NA,1,100,NA,NA,NA,NA,NA,NA,NA,NA,NA
9,mp,LLL,tml,2,spibet,0,100,NA,0,100,NA,NA,NA,NA,NA,NA,NA,NA,NA
9,mp,LLL,tml,2,spibet,0,100,NA,0,100,NA,NA,NA,NA,NA,NA,NA,NA,NA
9,mp,LLL,4,2,vibedu,1,100,NA,0,100,NA,NA,NA,NA,NA,NA,NA,NA,NA
9,sm,LLL,11,2,acegla,1,100,NA,1,100,NA,NA,NA,NA,NA,NA,NA,NA,NA
9,sm,LLL,12,2,popbal,1,100,NA,1,100,NA,NA,NA,NA,NA,NA,NA,NA,NA
9,sm,LLL, cl,2,rubpar,0,100,NA,0,100,NA,NA,NA,NA,NA,NA,NA,NA,NA
9,sm,LLL, b7,2,spipyr,0,100,NA,0,100,NA,NA,NA,NA,NA,NA,NA,NA,NA
9,mp,LLL,2,3,alnvir,0,100,NA,0,100,NA,NA,NA,NA,NA,NA,NA,NA,NA
9,mp,LLL,tml,3,rubpar,0,100,NA,0,100,NA,NA,NA,NA,NA,NA,NA,NA,NA
9,mp,LLL,10,3,samrac,1,100,NA,0,100,NA,NA,NA,NA,NA,NA,NA,NA,NA
9,mp,LLL,11,3,shecan,0,100,NA,0,100,NA,NA,NA,NA,NA,NA,NA,NA,NA
9,sm,LLL,4,3,alninc,3,50,NA,0,100,0,NA,NA,NA,NA,NA,1,50,NA
9,sm,LLL,9,3,menfer,1,100,NA,0,100,NA,NA,NA,NA,NA,NA,NA,NA,NA
9,sm,LLL, w/10,3,rubpar,0,100,NA,0,100,NA,NA,NA,NA,NA,NA,NA,NA,NA
9,mp,LLL,2,4,menfer,0,100,NA,0,1,NA,NA,NA,NA,NA,NA,NA,NA,NA
9,mp,LLL,7,4,menfer,0,100,NA,0,1,NA,NA,NA,NA,NA,NA,NA,NA,NA
9,mp,LLL,8,4,menfer,0,100,NA,0,1,NA,NA,NA,NA,NA,NA,NA,NA,NA
9,mp,LLL,8,4,sorsco,0,100,NA,0,100,NA,NA,NA,NA,NA,NA,NA,NA,NA
9,sm,LLL,8,4,popbal,1,100,NA,3,30,0,70,NA,NA,NA,NA,NA,NA,NA
9,sm,LLL, bC,4,poptre,1,100,NA,1,100,NA,NA,NA,NA,NA,NA,NA,NA,NA
9,sm,LLL,11,4,shecan,0,100,NA,0,100,NA,NA,NA,NA,NA,NA,NA,NA,NA
9,sm,LLL, ,4,symalb,0,100,NA,0,100,NA,NA,NA,NA,NA,NA,NA,NA,NA
9,mp,LLL,2,5,alnvir,1,100,NA,1,100,NA,NA,NA,NA,NA,NA,NA,NA,NA
9,mp,LLL,Atml,5,loninv,0,100,NA,0,100,NA,NA,NA,NA,NA,NA,NA,NA,NA
9,mp,LLL,tml,5,spibet,0,100,NA,0,100,NA,NA,NA,NA,NA,NA,NA,NA,NA
9,mp,LLL,tml,5,vacmem,0,100,NA,1,5,0,95,NA,NA,NA,NA,NA,NA,NA
9,sm,LLL,1,5,alninc,0,100,NA,0,100,NA,NA,NA,NA,NA,NA,NA,NA,NA
9,sm,LLL,10,5,betpap,0,100,NA,0,100,NA,NA,NA,NA,NA,NA,NA,NA,NA
9,sm,LLL,20,5,popbal,3,100,NA,3,80,1,20,NA,NA,NA,NA,NA,NA,NA
9,sm,LLL,8,5,sorsco,1,100,NA,0,100,NA,NA,NA,NA,NA,NA,NA,NA,NA
9,mp,LLL,2,6,amealn,1,100,NA,1,100,NA,NA,NA,NA,NA,NA,NA,NA,NA
9,mp,LLL,4,6,riblac,0,100,NA,0,100,NA,NA,NA,NA,NA,NA,NA,NA,NA
9,mp,LLL,4,6,shecan,0,100,NA,0,100,NA,NA,NA,NA,NA,NA,NA,NA,NA
9,mp,LLL,LL,6,vacmem,0,100,NA,0,100,NA,NA,NA,NA,NA,NA,NA,NA,NA
9,sm,LLL,19,6,alnvir,3,50,NA,3,25,1,75,NA,NA,NA,NA,1,50,NA
9,sm,LLL,8,6,corsto,1,100,NA,0,100,NA,NA,NA,NA,NA,NA,NA,NA,NA
9,sm,LLL,5,6,loninv,0,100,NA,0,100,NA,NA,NA,NA,NA,NA,NA,NA,NA
9,sm,LLL,3,6,symalb,0,100,NA,0,100,NA,NA,NA,NA,NA,NA,NA,NA,NA
9,mp,LLL,9,7,corsto,1,100,NA,0,100,NA,NA,NA,NA,NA,NA,NA,NA,NA
9,mp,LLL,2,7,popbal,1,100,NA,3,100,NA,NA,NA,NA,NA,NA,NA,NA,NA
9,mp,LLL,11,7,rhoalb,1,100,NA,1,100,NA,NA,NA,NA,NA,NA,NA,NA,NA
9,mp,LLL,wjt,7,vacmem,0,100,NA,1,15,NA,NA,NA,NA,NA,NA,NA,NA,NA
9,sm,LLL,7,7,amealn,1,100,NA,3,30,1,70,NA,NA,NA,NA,NA,NA,NA
9,sm,LLL,6B,7,amealn,0,100,NA,0,100,NA,NA,NA,NA,NA,NA,NA,NA,NA
9,sm,LLL,9,7,loninv,0,100,NA,0,100,NA,NA,NA,NA,NA,NA,NA,NA,NA
9,sm,LLL,10,7,shecan,0,100,NA,0,100,NA,NA,NA,NA,NA,NA,NA,NA,NA
9,sm,LLL, cl,7,symalb,0,100,NA,0,100,NA,NA,NA,NA,NA,NA,NA,NA,NA
9,mp,LLL,9,8,corsto,0,100,NA,0,100,NA,NA,NA,NA,NA,NA,NA,NA,NA
9,mp,LLL,8,8,loninv,0,100,NA,0,100,NA,NA,NA,NA,NA,NA,NA,NA,NA
9,mp,LLL,9,8,sorsco,0,100,NA,0,100,NA,NA,NA,NA,NA,NA,NA,NA,NA
9,mp,LLL,eg,8,spipyr,0,100,NA,0,100,NA,NA,NA,NA,NA,NA,NA,NA,NA
9,sm,LLL,11,8,acegla,1,100,NA,0,100,NA,NA,NA,NA,NA,NA,NA,NA,NA
9,sm,LLL,4,8,corsto,0,100,NA,0,100,NA,NA,NA,NA,NA,NA,NA,NA,NA
9,sm,LLL, b3,8,spipyr,0,100,NA,0,100,NA,NA,NA,NA,NA,NA,NA,NA,NA
9,sm,LLL, oc21,8,vacmem,0,100,NA,1,10,0,90,NA,NA,NA,NA,NA,NA,NA
9,mp,LLL,5,9,alninc,3,50,NA,1,100,NA,NA,NA,NA,NA,NA,1,50,NA
9,mp,LLL,11,9,rhoalb,0,100,NA,0,100,NA,NA,NA,NA,NA,NA,NA,NA,NA
9,mp,LLL,NA,9,riblac,0,100,NA,0,100,NA,NA,NA,NA,NA,NA,NA,NA,NA
9,mp,LLL,eg,9,spipyr,0,100,NA,0,100,NA,NA,NA,NA,NA,NA,NA,NA,NA
9,sm,LLL,NA,9,amealn,1,100,NA,1,100,NA,NA,NA,NA,NA,NA,NA,NA,NA
9,sm,LLL,NA,9,menfer,0,100,NA,1,10,0,90,NA,NA,NA,NA,NA,NA,NA
9,sm,LLL,NA,9,sorsco,1,100,NA,0,100,NA,NA,NA,NA,NA,NA,NA,NA,NA
9,sm,LLL,NA,9,vibedu,1,100,NA,1,100,NA,NA,NA,NA,NA,NA,NA,NA,NA
9,mp,LLL,6,10,popbal,0,100,NA,0,100,NA,NA,NA,NA,NA,NA,NA,NA,NA
9,mp,LLL,3,10,rhoalb,0,100,NA,0,100,NA,NA,NA,NA,NA,NA,NA,NA,NA
9,mp,LLL,4,10,shecan,0,100,NA,0,100,NA,NA,NA,NA,NA,NA,NA,NA,NA
9,mp,LLL,wjt,10,spipyr,0,100,NA,0,100,NA,NA,NA,NA,NA,NA,NA,NA,NA
9,sm,LLL,4,10,alninc,3,100,NA,1,100,NA,NA,NA,NA,NA,NA,NA,NA,NA
9,sm,LLL,11,10,loninv,0,100,NA,0,100,NA,NA,NA,NA,NA,NA,NA,NA,NA
9,sm,LLL,10,10,riblac,0,100,NA,0,100,NA,NA,NA,NA,NA,NA,NA,NA,NA
9,sm,LLL,9,10,symalb,0,100,NA,0,100,NA,NA,NA,NA,NA,NA,NA,NA,NA
9,mp,LLL,9,11,corsto,0,100,NA,0,100,NA,NA,NA,NA,NA,NA,NA,NA,NA
9,mp,LLL,NA,11,loninv,1,50,NA,0,100,NA,NA,NA,NA,NA,NA,NA,NA,NA
9,mp,LLL,NA,11,rhoalb,0,100,NA,0,100,NA,NA,NA,NA,NA,NA,NA,NA,NA
9,mp,LLL,NA,11,rubpar,0,100,NA,0,100,NA,NA,NA,NA,NA,NA,NA,NA,NA
9,sm,LLL,2,11,poptre,0,100,NA,0,100,NA,NA,NA,NA,NA,NA,NA,NA,NA
9,sm,LLL,B,11,poptre,1,50,NA,0,100,NA,NA,NA,NA,NA,NA,NA,NA,NA
9,sm,LLL,NA,11,vacmem,0,100,NA,1,100,NA,NA,NA,NA,NA,NA,NA,NA,NA
9,sm,LLL,NA,11,vibedu,1,100,NA,0,100,NA,NA,NA,NA,NA,NA,NA,NA,NA
9,mp,LLL,7,12,acegla,3,100,NA,3,90,1,10,NA,NA,NA,NA,NA,NA,NA
9,mp,LLL,4,12,loninv,1,100,NA,0,100,NA,NA,NA,NA,NA,NA,NA,NA,NA
9,mp,LLL,tml,12,rubpar,0,100,NA,0,100,NA,NA,NA,NA,NA,NA,NA,NA,NA
9,mp,LLL,11,12,samrac,1,100,NA,1,100,NA,NA,NA,NA,NA,NA,NA,NA,NA
9,sm,LLL, A,12,amealn,3,100,NA,3,80,1,20,NA,NA,NA,NA,NA,NA,NA
9,sm,LLL, c,12,corsto,0,100,NA,0,100,NA,NA,NA,NA,NA,NA,NA,NA,NA
9,sm,LLL,NA,12,sorsco,1,100,NA,0,100,NA,NA,NA,NA,NA,NA,NA,NA,NA
9,sm,LLL,NA,12,sorsco,0,100,NA,0,100,NA,NA,NA,NA,NA,NA,NA,NA,NA
9,mp,LLL,NA,13,amealn,1,100,NA,1,100,NA,NA,NA,NA,NA,NA,NA,NA,NA
9,mp,LLL,NA,13,rubpar,0,100,NA,0,100,NA,NA,NA,NA,NA,NA,NA,NA,NA
9,mp,LLL,NA,13,sorsco,1,100,NA,0,100,NA,NA,NA,NA,NA,NA,NA,NA,NA
9,mp,LLL,NA,13,spipyr,0,100,NA,0,100,NA,NA,NA,NA,NA,NA,NA,NA,NA
9,sm,LLL,8,13,popbal,3,100,NA,1,100,NA,NA,NA,NA,NA,NA,NA,NA,NA
9,sm,LLL,8,13,popbal,1,100,NA,1,70,0,30,NA,NA,NA,NA,NA,NA,NA
9,sm,LLL, oc21,13,vacmem,0,100,NA,1,15,0,85,NA,NA,NA,NA,NA,NA,NA
9,sm,LLL, oc21,13,vacmem,0,100,NA,1,10,0,90,NA,NA,NA,NA,NA,NA,NA
9,mp,LLL,ALL,14,alninc,3,100,NA,1,25,0,75,NA,NA,NA,NA,NA,NA,NA
9,mp,LLL,5,14,alninc,0,100,NA,0,100,NA,NA,NA,NA,NA,NA,NA,NA,NA
9,mp,LLL,8,14,popbal,1,100,NA,1,100,NA,NA,NA,NA,NA,NA,NA,NA,NA
9,mp,LLL,eg,14,symalb,0,100,NA,0,100,NA,NA,NA,NA,NA,NA,NA,NA,NA
9,sm,LLL,3,14,riblac,0,100,NA,0,100,NA,NA,NA,NA,NA,NA,NA,NA,NA
9,sm,LLL,3,14,riblac,0,100,NA,0,100,NA,NA,NA,NA,NA,NA,NA,NA,NA
9,sm,LLL, A,14,shecan,0,100,NA,0,100,NA,NA,NA,NA,NA,NA,NA,NA,NA
9,sm,LLL,NA,14,spipyr,0,100,NA,0,100,NA,NA,NA,NA,NA,NA,NA,NA,NA
9,mp,LLL,2,15,alnvir,1,100,NA,1,100,NA,NA,NA,NA,NA,NA,NA,NA,NA
9,mp,LLL,10,15,corsto,0,100,NA,0,100,NA,NA,NA,NA,NA,NA,NA,NA,NA
9,mp,LLL,8,15,loninv,1,100,NA,0,100,NA,NA,NA,NA,NA,NA,NA,NA,NA
9,mp,LLL,2,15,spipyr,0,100,NA,0,100,NA,NA,NA,NA,NA,NA,NA,NA,NA
9,sm,LLL,1,15,alninc,0,100,NA,0,100,NA,NA,NA,NA,NA,NA,NA,NA,NA
9,sm,LLL, w/10,15,rubpar,1,100,NA,1,100,NA,NA,NA,NA,NA,NA,NA,NA,NA
9,sm,LLL, w/10,15,rubpar,0,100,NA,0,100,NA,NA,NA,NA,NA,NA,NA,NA,NA
9,sm,LLL,3,15,symalb,0,100,NA,0,100,NA,NA,NA,NA,NA,NA,NA,NA,NA
9,mp,LLL,ALL-A,16,menfer,0,100,NA,0,100,NA,NA,NA,NA,NA,NA,NA,NA,NA
9,mp,LLL,ALL,16,menfer,0,100,NA,1,100,NA,NA,NA,NA,NA,NA,NA,NA,NA
9,mp,LLL,tml,16,rubpar,0,100,NA,0,100,NA,NA,NA,NA,NA,NA,NA,NA,NA
9,mp,LLL,NA,16,spibet,0,100,NA,0,100,NA,NA,NA,NA,NA,NA,NA,NA,NA
9,sm,LLL,NA,16,acegla,3,100,NA,1,100,NA,NA,NA,NA,NA,NA,NA,NA,NA
9,sm,LLL,NA,16,amealn,1,100,NA,1,100,NA,NA,NA,NA,NA,NA,NA,NA,NA
9,sm,LLL,NA,16,betpap,0,100,NA,0,100,NA,NA,NA,NA,NA,NA,NA,NA,NA
9,sm,LLL,NA,16,vibedu,1,100,NA,1,100,NA,NA,NA,NA,NA,NA,NA,NA,NA
9,mp,LLL,1,17,amealn,1,100,NA,1,100,NA,NA,NA,NA,NA,NA,NA,NA,NA
9,mp,LLL,6,17,corsto,0,100,NA,0,100,NA,NA,NA,NA,NA,NA,NA,NA,NA
9,mp,LLL,6,17,poptre,0,100,NA,0,100,NA,NA,NA,NA,NA,NA,NA,NA,NA
9,mp,LLL,4,17,samrac,3,100,NA,1,100,NA,NA,NA,NA,NA,NA,NA,NA,NA
9,sm,LLL,10,17,loninv,1,100,NA,0,100,NA,NA,NA,NA,NA,NA,NA,NA,NA
9,sm,LLL,12,17,menfer,0,100,NA,1,100,NA,NA,NA,NA,NA,NA,NA,NA,NA
9,sm,LLL,NA,17,rubpar,0,100,NA,0,100,NA,NA,NA,NA,NA,NA,NA,NA,NA
9,sm,LLL,7,17,shecan,0,100,NA,0,100,NA,NA,NA,NA,NA,NA,NA,NA,NA
9,mp,LLL,5,18,poptre,0,100,NA,0,100,NA,NA,NA,NA,NA,NA,NA,NA,NA
9,mp,LLL,8,18,riblac,0,100,NA,0,100,NA,NA,NA,NA,NA,NA,NA,NA,NA
9,mp,LLL,eg,18,symalb,0,100,NA,0,100,NA,NA,NA,NA,NA,NA,NA,NA,NA
9,mp,LLL,7,18,vibedu,3,50,NA,1,100,NA,NA,NA,NA,NA,NA,1,50,NA
9,sm,LLL,1,18,alninc,0,100,NA,0,100,NA,NA,NA,NA,NA,NA,NA,NA,NA
9,sm,LLL,8,18,betpap,1,100,NA,0,100,NA,NA,NA,NA,NA,NA,NA,NA,NA
9,sm,LLL,4,18,popbal,0,100,NA,0,100,NA,NA,NA,NA,NA,NA,NA,NA,NA
9,sm,LLL, oc21,18,vacmem,0,100,NA,1,10,0,90,NA,NA,NA,NA,NA,NA,NA
9,mp,LLL,10,19,corsto,0,100,NA,0,100,NA,NA,NA,NA,NA,NA,NA,NA,NA
9,mp,LLL,8,19,loninv,1,100,NA,0,100,NA,NA,NA,NA,NA,NA,NA,NA,NA
9,mp,LLL,120,19,loninv,1,100,NA,0,100,NA,NA,NA,NA,NA,NA,NA,NA,NA
9,mp,LLL,11,19,shecan,0,100,NA,0,100,NA,NA,NA,NA,NA,NA,NA,NA,NA
9,sm,LLL,11,19,betpap,1,100,NA,0,100,NA,NA,NA,NA,NA,NA,NA,NA,NA
9,sm,LLL, C,19,corsto,0,100,NA,0,100,NA,NA,NA,NA,NA,NA,NA,NA,NA
9,sm,LLL,NA,19,sorsco,0,100,NA,0,100,NA,NA,NA,NA,NA,NA,NA,NA,NA
9,sm,LLL, A34,19,spibet,0,100,NA,1,10,0,90,NA,NA,NA,NA,NA,NA,NA
9,mp,LLL,7,20,acegla,3,100,NA,1,100,NA,NA,NA,NA,NA,NA,NA,NA,NA
9,mp,LLL,ALL,20,alninc,3,100,NA,3,20,1,80,NA,NA,NA,NA,NA,NA,NA
9,mp,LLL,A,20,menfer,0,100,NA,1,60,0,40,NA,NA,NA,NA,NA,NA,NA
9,mp,LLL,tml,20,vacmem,0,100,NA,0,100,NA,NA,NA,NA,NA,NA,NA,NA,NA
9,sm,LLL,NA,20,acegla,1,100,NA,0,100,NA,NA,NA,NA,NA,NA,NA,NA,NA
9,sm,LLL,NA,20,spibet,1,100,NA,1,100,NA,NA,NA,NA,NA,NA,NA,NA,NA
9,sm,LLL,NA,20,spipyr,0,100,NA,0,100,NA,NA,NA,NA,NA,NA,NA,NA,NA
9,mp,LLL,4,21,acegla,1,100,NA,0,100,NA,NA,NA,NA,NA,NA,NA,NA,NA
9,mp,LLL,2,21,samrac,0,100,NA,0,100,NA,NA,NA,NA,NA,NA,NA,NA,NA
9,mp,LLL,9,21,sorsco,0,100,NA,0,100,NA,NA,NA,NA,NA,NA,NA,NA,NA
9,mp,LLL,Atml,21,vibedu,1,100,NA,0,100,NA,NA,NA,NA,NA,NA,NA,NA,NA
9,sm,LLL,13,21,acegla,1,100,NA,0,100,NA,NA,NA,NA,NA,NA,NA,NA,NA
9,sm,LLL,3,21,popbal,1,100,NA,1,100,NA,NA,NA,NA,NA,NA,NA,NA,NA
9,sm,LLL, cl,21,rubpar,0,100,NA,0,100,NA,NA,NA,NA,NA,NA,NA,NA,NA
9,sm,LLL,7-DEAD,21,sorsco,1,100,NA,0,100,NA,NA,NA,NA,NA,NA,NA,NA,NA
9,mp,LLL,sg,22,rubpar,0,100,NA,0,100,NA,NA,NA,NA,NA,NA,NA,NA,NA
9,mp,LLL,tml,22,spibet,0,100,NA,0,100,NA,NA,NA,NA,NA,NA,NA,NA,NA
9,mp,LLL,wjt,22,spipyr,0,100,NA,0,100,NA,NA,NA,NA,NA,NA,NA,NA,NA
9,mp,LLL,wjt,22,vacmem,0,100,NA,0,100,NA,NA,NA,NA,NA,NA,NA,NA,NA
9,sm,LLL,15,22,acegla,1,100,NA,1,100,NA,NA,NA,NA,NA,NA,NA,NA,NA
9,sm,LLL,9,22,betpap,1,100,NA,1,100,NA,NA,NA,NA,NA,NA,NA,NA,NA
9,sm,LLL, #3,22,menfer,0,100,NA,1,75,0,25,NA,NA,NA,NA,NA,NA,NA
9,sm,LLL, CL,22,symalb,0,100,NA,0,100,NA,NA,NA,NA,NA,NA,NA,NA,NA
9,mp,LLL,3,23,acegla,1,100,NA,1,100,NA,NA,NA,NA,NA,NA,NA,NA,NA
9,mp,LLL,10,23,amealn,1,100,NA,1,100,NA,NA,NA,NA,NA,NA,NA,NA,NA
9,mp,LLL,Aski,23,poptre,0,100,NA,0,100,NA,NA,NA,NA,NA,NA,NA,NA,NA
9,mp,LLL,11,23,shecan,1,100,NA,0,100,NA,NA,NA,NA,NA,NA,NA,NA,NA
9,sm,LLL,1,23,alnvir,1,100,NA,0,100,NA,NA,NA,NA,NA,NA,NA,NA,NA
9,sm,LLL,10,23,alnvir,1,100,NA,0,100,NA,NA,NA,NA,NA,NA,NA,NA,NA
9,sm,LLL,9,23,corsto,0,100,NA,0,100,NA,NA,NA,NA,NA,NA,NA,NA,NA
9,sm,LLL, ,23,riblac,0,100,NA,0,100,NA,NA,NA,NA,NA,NA,NA,NA,NA
9,mp,LLL,7,24,menfer,0,100,NA,1,80,0,20,NA,NA,NA,NA,NA,NA,NA
9,mp,LLL,sfc,24,riblac,0,100,NA,0,100,NA,NA,NA,NA,NA,NA,NA,NA,NA
9,mp,LLL,11,24,samrac,1,100,NA,1,100,NA,NA,NA,NA,NA,NA,NA,NA,NA
9,mp,LLL,LL,24,vacmem,0,100,NA,0,100,NA,NA,NA,NA,NA,NA,NA,NA,NA
9,sm,LLL,5,24,alninc,3,100,NA,3,100,NA,NA,NA,NA,NA,NA,NA,NA,NA
9,sm,LLL,2,24,alnvir,1,100,NA,1,100,NA,NA,NA,NA,NA,NA,NA,NA,NA
9,sm,LLL,1,24,menfer,0,100,NA,0,100,NA,NA,NA,NA,NA,NA,NA,NA,NA
9,sm,LLL,11,24,sorsco,1,100,NA,0,100,NA,NA,NA,NA,NA,NA,NA,NA,NA
9,mp,LLL,3,25,acegla,3,100,NA,1,100,NA,NA,NA,NA,NA,NA,NA,NA,NA
9,mp,LLL,tml,25,spibet,0,100,NA,0,100,NA,NA,NA,NA,NA,NA,NA,NA,NA
9,mp,LLL,eg,25,symalb,0,100,NA,1,25,0,75,NA,NA,NA,NA,NA,NA,NA
9,mp,LLL,Atml,25,vibedu,1,100,NA,1,100,NA,NA,NA,NA,NA,NA,NA,NA,NA
9,sm,LLL,4,25,alninc,3,100,NA,1,100,NA,NA,NA,NA,NA,NA,NA,NA,NA
9,sm,LLL,7,25,poptre,1,100,NA,0,100,NA,NA,NA,NA,NA,NA,NA,NA,NA
9,sm,LLL, D,25,poptre,1,100,NA,1,100,NA,NA,NA,NA,NA,NA,NA,NA,NA
9,sm,LLL,11,25,sorsco,3,100,NA,0,100,NA,NA,NA,NA,NA,NA,NA,NA,NA
9,mp,LLL,2,26,amealn,1,100,NA,1,100,NA,NA,NA,NA,NA,NA,NA,NA,NA
9,mp,LLL,NA,26,spibet,0,100,NA,0,100,NA,NA,NA,NA,NA,NA,NA,NA,NA
9,mp,LLL,NA,26,spipyr,0,100,NA,0,100,NA,NA,NA,NA,NA,NA,NA,NA,NA
9,mp,LLL,14,26,vibedu,1,100,NA,1,100,NA,NA,NA,NA,NA,NA,NA,NA,NA
9,sm,LLL,7,26,acegla,3,100,NA,1,100,NA,NA,NA,NA,NA,NA,NA,NA,NA
9,sm,LLL,10,26,alnvir,3,100,NA,3,5,1,95,NA,NA,NA,NA,NA,NA,NA
9,sm,LLL, A,26,betpap,0,100,NA,0,100,NA,NA,NA,NA,NA,NA,NA,NA,NA
9,sm,LLL,9,26,corsto,1,100,NA,1,100,NA,NA,NA,NA,NA,NA,NA,NA,NA
9,mp,LLL,4,27,acegla,3,30,NA,0,100,NA,NA,NA,NA,NA,NA,1,70,NA
9,mp,LLL,4,27,shecan,0,100,NA,0,100,NA,NA,NA,NA,NA,NA,NA,NA,NA
9,mp,LLL,8,27,sorsco,3,100,NA,0,100,NA,NA,NA,NA,NA,NA,NA,NA,NA
9,mp,LLL,wjt,27,spipyr,1,100,NA,1,100,NA,NA,NA,NA,NA,NA,NA,NA,NA
9,sm,LLL,NA,27,corsto,0,100,NA,0,100,NA,NA,NA,NA,NA,NA,NA,NA,NA
9,sm,LLL,NA,27,spipyr,1,100,NA,1,100,NA,NA,NA,NA,NA,NA,NA,NA,NA
9,sm,LLL,NA,27,vibedu,1,100,NA,0,100,NA,NA,NA,NA,NA,NA,NA,NA,NA
9,mp,LLL,11,28,acegla,0,100,NA,0,100,NA,NA,NA,NA,NA,NA,NA,NA,NA
9,mp,LLL,9,28,alninc,3,50,NA,0,100,NA,NA,NA,NA,NA,NA,1,50,NA
9,mp,LLL,1,28,amealn,0,100,NA,0,100,NA,NA,NA,NA,NA,NA,NA,NA,NA
9,mp,LLL,6,28,riblac,0,100,NA,0,100,NA,NA,NA,NA,NA,NA,NA,NA,NA
9,sm,LLL,5,28,betpap,0,100,NA,0,100,NA,NA,NA,NA,NA,NA,NA,NA,NA
9,sm,LLL,2,28,menfer,0,100,NA,1,50,0,50,NA,NA,NA,NA,NA,NA,NA
9,sm,LLL, cl,28,rubpar,3,100,NA,3,100,NA,NA,NA,NA,NA,NA,NA,NA,NA
9,sm,LLL,NA,28,shecan,1,100,NA,1,100,NA,NA,NA,NA,NA,NA,NA,NA,NA
9,mp,LLL,2,29,alnvir,0,100,NA,0,100,NA,NA,NA,NA,NA,NA,NA,NA,NA
9,mp,LLL,eg,29,symalb,0,100,NA,1,15,0,85,NA,NA,NA,NA,NA,NA,NA
9,mp,LLL,tml,29,vacmem,0,100,NA,1,30,0,70,NA,NA,NA,NA,NA,NA,NA
9,mp,LLL,A,29,vibedu,0,100,NA,0,100,NA,NA,NA,NA,NA,NA,NA,NA,NA
9,sm,LLL,1,29,alnvir,0,100,NA,0,100,NA,NA,NA,NA,NA,NA,NA,NA,NA
9,sm,LLL,6,29,amealn,1,100,NA,1,100,NA,NA,NA,NA,NA,NA,NA,NA,NA
9,sm,LLL,8,29,popbal,0,100,NA,0,100,NA,NA,NA,NA,NA,NA,NA,NA,NA
9,sm,LLL, D,29,poptre,0,100,NA,0,100,NA,NA,NA,NA,NA,NA,NA,NA,NA
9,mp,LLL,8,30,popbal,1,100,NA,3,75,1,25,NA,NA,NA,NA,NA,NA,NA
9,mp,LLL,6,30,poptre,0,100,NA,0,100,NA,NA,NA,NA,NA,NA,NA,NA,NA
9,mp,LLL,tml,30,rubpar,0,100,NA,0,100,NA,NA,NA,NA,NA,NA,NA,NA,NA
9,mp,LLL,1,30,sorsco,3,100,NA,0,100,NA,NA,NA,NA,NA,NA,NA,NA,NA
9,sm,LLL,8,30,shecan,0,100,NA,0,100,NA,NA,NA,NA,NA,NA,NA,NA,NA
9,sm,LLL,10,30,shecan,0,100,NA,0,100,NA,NA,NA,NA,NA,NA,NA,NA,NA
9,sm,LLL,6,30,shecan,0,100,NA,0,100,NA,NA,NA,NA,NA,NA,NA,NA,NA
9,sm,LLL,NA,30,sorsco,0,100,NA,0,100,NA,NA,NA,NA,NA,NA,NA,NA,NA
9,sm,LLL, b,30,vibedu,0,100,NA,0,100,NA,NA,NA,NA,NA,NA,NA,NA,NA
9,mp,LLL,8,31,loninv,0,100,NA,0,100,NA,NA,NA,NA,NA,NA,NA,NA,NA
9,mp,LLL,4,31,samrac,0,100,NA,0,100,NA,NA,NA,NA,NA,NA,NA,NA,NA
9,mp,LLL,6,31,shecan,0,100,NA,0,100,NA,NA,NA,NA,NA,NA,NA,NA,NA
9,mp,LLL,w/9,31,symalb,0,100,NA,0,100,NA,NA,NA,NA,NA,NA,NA,NA,NA
9,sm,LLL,5,31,acegla,0,100,NA,0,100,NA,NA,NA,NA,NA,NA,NA,NA,NA
9,sm,LLL,3,31,amealn,0,100,NA,0,100,NA,NA,NA,NA,NA,NA,NA,NA,NA
9,sm,LLL, A4,31,spibet,0,100,NA,0,100,NA,NA,NA,NA,NA,NA,NA,NA,NA
9,sm,LLL, A5,31,spibet,0,100,NA,0,100,NA,NA,NA,NA,NA,NA,NA,NA,NA
9,mp,LLL,11,32,popbal,1,100,NA,1,100,NA,NA,NA,NA,NA,NA,NA,NA,NA
9,mp,LLL,4,32,rhoalb,1,100,NA,0,100,NA,NA,NA,NA,NA,NA,NA,NA,NA
9,mp,LLL,4,32,shecan,0,100,NA,0,100,NA,NA,NA,NA,NA,NA,NA,NA,NA
9,mp,LLL,14,32,vibedu,1,100,NA,0,100,NA,NA,NA,NA,NA,NA,NA,NA,NA
9,sm,LLL,10,32,alnvir,1,100,NA,1,100,NA,NA,NA,NA,NA,NA,NA,NA,NA
9,sm,LLL,7,32,betpap,0,100,NA,0,100,NA,NA,NA,NA,NA,NA,NA,NA,NA
9,sm,LLL,10,32,vacmem,0,100,NA,0,100,NA,NA,NA,NA,NA,NA,NA,NA,NA
9,mp,LLL,ALL,33,alninc,1,100,NA,1,100,NA,NA,NA,NA,NA,NA,NA,NA,NA
9,mp,LLL,2,33,alnvir,0,100,NA,0,100,NA,NA,NA,NA,NA,NA,NA,NA,NA
9,mp,LLL,9,33,corsto,0,100,NA,0,100,NA,NA,NA,NA,NA,NA,NA,NA,NA
9,mp,LLL,8,33,popbal,0,100,NA,0,100,NA,NA,NA,NA,NA,NA,NA,NA,NA
9,sm,LLL,5,33,amealn,1,100,NA,0,100,NA,NA,NA,NA,NA,NA,NA,NA,NA
9,sm,LLL,11,33,riblac,0,100,NA,0,100,NA,NA,NA,NA,NA,NA,NA,NA,NA
9,sm,LLL,10,33,shecan,0,100,NA,0,100,NA,NA,NA,NA,NA,NA,NA,NA,NA
9,sm,LLL, A,33,sorsco,1,100,NA,0,100,NA,NA,NA,NA,NA,NA,NA,NA,NA
9,mp,LLL,2,34,amealn,1,100,NA,1,100,NA,NA,NA,NA,NA,NA,NA,NA,NA
9,mp,LLL,11,34,popbal,1,100,NA,0,100,NA,NA,NA,NA,NA,NA,NA,NA,NA
9,mp,LLL,1,34,sorsco,1,100,NA,0,100,NA,NA,NA,NA,NA,NA,NA,NA,NA
9,mp,LLL,LL,34,vacmem,0,100,NA,7,5,1,30,0,70,NA,NA,NA,NA,NA
9,sm,LLL,3,34,riblac,0,100,NA,0,100,NA,NA,NA,NA,NA,NA,NA,NA,NA
9,sm,LLL,NA,34,rubpar,0,100,NA,0,100,NA,NA,NA,NA,NA,NA,NA,NA,NA
9,sm,LLL,10,34,shecan,0,100,NA,0,100,NA,NA,NA,NA,NA,NA,NA,NA,NA
9,sm,LLL,A,34,spibet,0,100,NA,1,60,0,40,NA,NA,NA,NA,NA,NA,NA
9,sm,LLL,NA,34,spibet,0,100,NA,1,90,NA,NA,NA,NA,NA,NA,NA,NA,NA
9,mp,LLL,6,35,poptre,0,100,NA,0,100,NA,NA,NA,NA,NA,NA,NA,NA,NA
9,mp,LLL,6,35,riblac,3,100,NA,3,100,NA,NA,NA,NA,NA,NA,NA,NA,NA
9,mp,LLL,sg,35,rubpar,3,100,NA,0,100,NA,NA,NA,NA,NA,NA,NA,NA,NA
9,mp,LLL,4,35,samrac,1,100,NA,0,100,NA,NA,NA,NA,NA,NA,NA,NA,NA
9,sm,LLL,7,35,poptre,0,100,NA,0,100,NA,NA,NA,NA,NA,NA,NA,NA,NA
9,sm,LLL, 3b,35,riblac,0,100,NA,0,100,NA,NA,NA,NA,NA,NA,NA,NA,NA
9,sm,LLL,NA,35,spipyr,1,100,NA,0,100,NA,NA,NA,NA,NA,NA,NA,NA,NA
9,mp,LLL,6,36,poptre,0,100,NA,0,100,NA,NA,NA,NA,NA,NA,NA,NA,NA
9,mp,LLL,4,36,rhoalb,0,100,NA,0,100,NA,NA,NA,NA,NA,NA,NA,NA,NA
9,mp,LLL,10,36,samrac,1,100,NA,1,100,NA,NA,NA,NA,NA,NA,NA,NA,NA
9,mp,LLL,w/6,36,symalb,0,100,NA,0,100,NA,NA,NA,NA,NA,NA,NA,NA,NA
9,sm,LLL,10,36,loninv,1,100,NA,1,100,NA,NA,NA,NA,NA,NA,NA,NA,NA
9,sm,LLL,tape,36,spipyr-missing,0,100,NA,0,100,NA,NA,NA,NA,NA,NA,NA,NA,NA
9,sm,LLL,NA,36,spipyr,0,100,NA,0,100,NA,NA,NA,NA,NA,NA,NA,NA,NA
9,sm,LLL, oc21,36,vacmem,0,100,NA,0,100,NA,NA,NA,NA,NA,NA,NA,NA,NA
9,mp,LLL,10,37,alnvir,3,100,NA,3,100,NA,NA,NA,NA,NA,NA,NA,NA,NA
9,mp,LLL,Aski,37,poptre,0,100,NA,0,100,NA,NA,NA,NA,NA,NA,NA,NA,NA
9,mp,LLL,9,37,rhoalb,3,100,NA,1,100,NA,NA,NA,NA,NA,NA,NA,NA,NA
9,mp,LLL,Atml,37,vibedu,1,100,NA,1,100,NA,NA,NA,NA,NA,NA,NA,NA,NA
9,sm,LLL,2,37,alnvir,0,100,NA,0,100,NA,NA,NA,NA,NA,NA,NA,NA,NA
9,sm,LLL,11,37,loninv,0,100,NA,0,100,NA,NA,NA,NA,NA,NA,NA,NA,NA
9,sm,LLL,9,37,menfer,0,100,NA,0,100,NA,NA,NA,NA,NA,NA,NA,NA,NA
9,mp,LLL,A,38,alnvir,1,100,NA,3,100,NA,NA,NA,NA,NA,NA,NA,NA,NA
9,mp,LLL,8,38,amealn,0,100,NA,0,100,NA,NA,NA,NA,NA,NA,NA,NA,NA
9,mp,LLL,2,38,menfer,0,100,NA,0,100,NA,NA,NA,NA,NA,NA,NA,NA,NA
9,mp,LLL,eg,38,symalb,0,100,NA,0,100,NA,NA,NA,NA,NA,NA,NA,NA,NA
9,sm,LLL,NA,38,riblac,0,100,NA,0,100,NA,NA,NA,NA,NA,NA,NA,NA,NA
9,sm,LLL,NA,38,shecan,1,100,NA,0,100,NA,NA,NA,NA,NA,NA,NA,NA,NA
9,sm,LLL,NA,38,spibet,0,100,NA,0,100,NA,NA,NA,NA,NA,NA,NA,NA,NA
9,sm,LLL,NA,38,vibedu,7,100,NA,0,100,NA,NA,NA,NA,NA,NA,NA,NA,NA
9,mp,LLL,2,39,alnvir,1,100,NA,1,100,NA,NA,NA,NA,NA,NA,NA,NA,NA
9,mp,LLL,8,39,riblac,0,100,NA,0,100,NA,NA,NA,NA,NA,NA,NA,NA,NA
9,mp,LLL,8,39,riblac,0,100,NA,0,100,NA,NA,NA,NA,NA,NA,NA,NA,NA
9,mp,LLL,eg,39,symalb,0,100,NA,3,100,NA,NA,NA,NA,NA,NA,NA,NA,NA
9,sm,LLL,10,39,loninv,0,100,NA,0,100,NA,NA,NA,NA,NA,NA,NA,NA,NA
9,sm,LLL,10,39,loninv,0,100,NA,0,100,NA,NA,NA,NA,NA,NA,NA,NA,NA
9,sm,LLL,12,39,menfer,0,100,NA,0,100,NA,NA,NA,NA,NA,NA,NA,NA,NA
9,sm,LLL,NA,39,symalb,0,100,NA,0,100,NA,NA,NA,NA,NA,NA,NA,NA,NA
9,mp,LLL,6,40,popbal,0,100,NA,0,100,NA,NA,NA,NA,NA,NA,NA,NA,NA
9,mp,LLL,5,40,poptre,0,100,NA,0,100,NA,NA,NA,NA,NA,NA,NA,NA,NA
9,mp,LLL,9,40,rhoalb,0,100,NA,0,100,NA,NA,NA,NA,NA,NA,NA,NA,NA
9,mp,LLL,9,40,sorsco,0,100,NA,0,100,NA,NA,NA,NA,NA,NA,NA,NA,NA
9,sm,LLL, A,40,corsto,1,100,NA,0,100,NA,NA,NA,NA,NA,NA,NA,NA,NA
9,sm,LLL,NA,40,spibet,0,100,NA,0,100,NA,NA,NA,NA,NA,NA,NA,NA,NA
9,sm,LLL,NA,40,symalb,0,100,NA,1,100,NA,NA,NA,NA,NA,NA,NA,NA,NA
9,sm,LLL,3,40,vibedu,1,100,NA,0,100,NA,NA,NA,NA,NA,NA,NA,NA,NA