site,trt,indiv,flask,species
sm,HC_HP_HF,5,1,amealn
sm,HC_HP_HF,1,1,alninc
sm,HC_HP_HF,11,1,sorsco
sm,HC_HP_HF,4,1,vibedu
sm,HC_HP_HF,B,10,corso
sm,HC_HP_HF,,10,rubpar
sm,HC_HP_HF,,10,symalb
sm,HC_HP_HF, b40,10,spipyr
sm,HC_HP_HF, A,11,bepap
sm,HC_HP_HF, A,11,bepap
sm,HC_HP_HF, B,11,popre
sm,HC_HP_HF,B,11,popre
sm,HC_HP_HF,12,11,shecan
sm,HC_HP_HF,10,12,loninv
sm,HC_HP_HF,12,12,menfer
sm,HC_HP_HF, A,12,popbal
sm,HC_HP_HF,8,12,popre
sm,HC_HP_HF,1,13,alninc
sm,HC_HP_HF,20,13,popbal
sm,HC_HP_HF, ,13,symalb
sm,HC_HP_HF,5,13,sorsco
sm,HC_HP_HF,11,14,acegla
sm,HC_HP_HF,10,14,loninv
sm,HC_HP_HF, #3,14,menfer
sm,HC_HP_HF,11,14,popre
sm,HC_HP_HF,1,15,amealn
sm,HC_HP_HF,9,15,loninv
sm,HC_HP_HF, A28,15,spibe
sm,HC_HP_HF,6,15,sorsco
sm,HC_HP_HF, onionE,16,popbal
sm,HC_HP_HF,,16,symalb
sm,HC_HP_HF,,16,spibe
Sm,HC_HP_HF, A,16,shecan
sm,HC_HP_HF, onionE,17,popbal
sm,HC_HP_HF,,17,rubpar
sm,HC_HP_HF,,17,rubpar
sm,HC_HP_HF,3,17,vibedu
sm,HC_HP_HF,5,18,alninc
sm,HC_HP_HF,2,18,menfer
sm,HC_HP_HF,20,18,popbal
sm,HC_HP_HF,5,19,alninc
sm,HC_HP_HF,11,19,corso
sm,HC_HP_HF,4,19,menfer
sm,HC_HP_HF,2,19,symalb
sm,HC_HP_HF,,2,symalb
sm,HC_HP_HF,,2,spibe
sm,HC_HP_HF,8,2,shecan
sm,HC_HP_HF, D,2,vibedu
sm,HC_HP_HF, 3b,20,riblac
sm,HC_HP_HF,,20,spibe
sm,HC_HP_HF, oc21,20,vacmem
sm,HC_HP_HF, oc21,20,vacmem
sm,HC_HP_HF,5,21,amealn
sm,HC_HP_HF,9,21,loninv
sm,HC_HP_HF, oc 23,21,vacmem
sm,HC_HP_HF, A,22,bepap
sm,HC_HP_HF,9,22,riblac
sm,HC_HP_HF,,22,symalb
sm,HC_HP_HF,12,22,shecan
sm,HC_HP_HF,,22,sorsco
sm,HC_HP_HF, A,23,bepap
sm,HC_HP_HF, A,23,popbal
sm,HC_HP_HF, A38,23,spibe
sm,HC_HP_HF,6,24,alnvir
sm,HC_HP_HF,2,24,alnvir
sm,HC_HP_HF, cl,24,symalb
sm,HC_HP_HF, oc 21,24,vacmem
sm,HC_HP_HF, A,25,bepap
sm,HC_HP_HF,13,25,corso
sm,HC_HP_HF, B,25,popre
sm,HC_HP_HF, cl,25,rubpar
sm,HC_HP_HF,12,26,menfer
sm,HC_HP_HF,11,26,menfer
sm,HC_HP_HF,,26,rubpar
sm,HC_HP_HF,7,26,shecan
sm,HC_HP_HF,15,27,acegla
sm,HC_HP_HF, B,27,bepap
sm,HC_HP_HF,6,27,sorsco
sm,HC_HP_HF, oc21,27,vacmem
sm,HC_HP_HF,8,28,popbal
sm,HC_HP_HF,9,28,riblac
sm,HC_HP_HF,3,28,vibedu
sm,HC_HP_HF, oc21,28,vacmem
sm,HC_HP_HF,12,28,shecan
sm,HC_HP_HF,6,29,alnvir
sm,HC_HP_HF,3,29,riblac
sm,HC_HP_HF, b24,29,spipyr
sm,HC_HP_HF,12,29,sorsco
sm,HC_HP_HF,,3,alnvir
sm,HC_HP_HF,,3,alnvir
sm,HC_HP_HF,,3,popbal
sm,HC_HP_HF,,3,sorsco
sm,HC_HP_HF,4,30,alninc
sm,HC_HP_HF,19,30,alnvir
sm,HC_HP_HF,11,30,corso
sm,HC_HP_HF,11,30,vibedu
sm,HC_HP_HF,7,31,acegla
sm,HC_HP_HF,2,31,alninc
sm,HC_HP_HF,10,31,riblac
sm,HC_HP_HF,12,31,riblac
sm,HC_HP_HF,10,32,loninv
sm,HC_HP_HF,,32,spipyr
sm,HC_HP_HF,,32,sorsco
sm,HC_HP_HF, 0c21,32,vacmem
sm,HC_HP_HF, b,33,corso
sm,HC_HP_HF, b,33,popre
sm,HC_HP_HF, A39,33,spibe
sm,HC_HP_HF, B39,33,spipyr
sm,HC_HP_HF,6,33,shecan
sm,HC_HP_HF,7,34,amealn
sm,HC_HP_HF,10,34,corso
sm,HC_HP_HF, w10,34,rubpar
sm,HC_HP_HF, B,34,vibedu
sm,HC_HP_HF, ,35,bepap
sm,HC_HP_HF,,35,loninv
sm,HC_HP_HF,,35,rubpar
sm,HC_HP_HF,,35,sorsco
sm,HC_HP_HF,5,36,alninc
sm,HC_HP_HF,5,36,loninv
sm,HC_HP_HF,4,36,menfer
sm,HC_HP_HF, B13,36,spipyr
sm,HC_HP_HF,11,37,acegla
sm,HC_HP_HF,5,37,corso
sm,HC_HP_HF, cl,37,rubpar
sm,HC_HP_HF,7,37,sorsco
sm,HC_HP_HF,5,38,amealn
sm,HC_HP_HF, A,38,menfer
sm,HC_HP_HF, b28,38,spipyr
sm,HC_HP_HF,10,38,shecan
sm,HC_HP_HF,2,39,acegla
sm,HC_HP_HF,19,39,alnvir
sm,HC_HP_HF, A1,39,spibe
sm,HC_HP_HF, A2,39,spibe
sm,HC_HP_HF,5,4,amealn
sm,HC_HP_HF,5,4,alninc
sm,HC_HP_HF,11,4,sorsco
sm,HC_HP_HF,13,40,acegla
sm,HC_HP_HF,2,40,symalb
sm,HC_HP_HF,11,40,sorsco
sm,HC_HP_HF, b9,40,spipyr
sm,HC_HP_HF,7,5,acegla
sm,HC_HP_HF,19,5,alnvir
sm,HC_HP_HF,9,5,corso
sm,HC_HP_HF,10,5,riblac
sm,HC_HP_HF,5,6,amealn
sm,HC_HP_HF,9,6,loninv
sm,HC_HP_HF, C,6,vibedu
sm,HC_HP_HF, D,6,vibedu
sm,HC_HP_HF, C,7,popre
sm,HC_HP_HF,3,7,riblac
sm,HC_HP_HF,8,7,shecan
sm,HC_HP_HF, oc21,7,vacmem
sm,HC_HP_HF,6,8,amealn
sm,HC_HP_HF,6,8,bepap
sm,HC_HP_HF,8,8,popre
sm,HC_HP_HF,12,8,sorsco
sm,HC_HP_HF,13,9,acegla
sm,HC_HP_HF,11,9,sorsco
sm,HC_HP_HF, b10,9,spipyr
sm,HC_HP_LF,7,1,amealn
sm,HC_HP_LF,10,1,corso
sm,HC_HP_LF, cl,1,symalb
sm,HC_HP_LF,12,1,sorsco
sm,HC_HP_LF,7,10,amealn
sm,HC_HP_LF, w10,10,rubpar
sm,HC_HP_LF, A,10,vibedu
sm,HC_HP_LF,12,10,shecan
sm,HC_HP_LF,5,11,bepap
sm,HC_HP_LF,11,11,riblac
sm,HC_HP_LF,,11,sorsco
sm,HC_HP_LF,,11,vibedu
sm,HC_HP_LF,8,12,popbal
sm,HC_HP_LF, B,12,popre
sm,HC_HP_LF,10,12,shecan
sm,HC_HP_LF,7,13,amealn
sm,HC_HP_LF,10,13,acegla
sm,HC_HP_LF, A,13,bepap
sm,HC_HP_LF,12,13,sorsco
sm,HC_HP_LF, CLA,14,amealn
sm,HC_HP_LF,6,14,amealn
sm,HC_HP_LF,10,14,bepap
sm,HC_HP_LF,8,14,popre
sm,HC_HP_LF,2,15,alnvir
sm,HC_HP_LF,8,15,corso
sm,HC_HP_LF,2,15,menfer
sm,HC_HP_LF,9,15,vibedu
sm,HC_HP_LF,6,16,alnvir
sm,HC_HP_LF,10,16,loninv
sm,HC_HP_LF,11,16,loninv
sm,HC_HP_LF, oc21,16,vacmem
sm,HC_HP_LF,2,17,acegla
sm,HC_HP_LF,2,17,alnvir
sm,HC_HP_LF, area w/ 9,17,spipyr
sm,HC_HP_LF, oc21,17,vacmem
sm,HC_HP_LF,14,18,acegla
sm,HC_HP_LF,4,18,corso
sm,HC_HP_LF, cl,18,symalb
sm,HC_HP_LF, oc21,18,vacmem
sm,HC_HP_LF,3,19,amealn
sm,HC_HP_LF, A32,19,spibe
sm,HC_HP_LF,1,19,sorsco
sm,HC_HP_LF,7,19,shecan
sm,HC_HP_LF,7,2,acegla
sm,HC_HP_LF,2,2,alninc
sm,HC_HP_LF,3,2,alninc
sm,HC_HP_LF,11,2,loninv
sm,HC_HP_LF,14,20,acegla
sm,HC_HP_LF,3,20,popbal
sm,HC_HP_LF,8,20,popbal
sm,HC_HP_LF,2,20,symalb
sm,HC_HP_LF,11,21,acegla
sm,HC_HP_LF,8,21,popbal
sm,HC_HP_LF, A8,21,spibe
sm,HC_HP_LF,2,21,vibedu
sm,HC_HP_LF,8,22,menfer
sm,HC_HP_LF,1,22,menfer
sm,HC_HP_LF, cl,22,symalb
sm,HC_HP_LF, oc25,22,vacmem
sm,HC_HP_LF,11,23,bepap
sm,HC_HP_LF,11,23,riblac
sm,HC_HP_LF, cl,23,rubpar
sm,HC_HP_LF, cl,23,symalb
sm,HC_HP_LF,14,24,acegla
sm,HC_HP_LF,1,24,menfer
sm,HC_HP_LF,12,24,popbal
sm,HC_HP_LF,5,25,acegla
sm,HC_HP_LF,9,25,bepap
sm,HC_HP_LF,9,25,corso
sm,HC_HP_LF,11,25,vibedu
sm,HC_HP_LF,3,26,alninc
sm,HC_HP_LF,2,26,alnvir
sm,HC_HP_LF, #3,26,menfer
sm,HC_HP_LF,12,26,popbal
sm,HC_HP_LF,1,27,alninc
sm,HC_HP_LF,11,27,corso
sm,HC_HP_LF,7,27,popre
sm,HC_HP_LF,3,27,symalb
sm,HC_HP_LF,13,28,corso
sm,HC_HP_LF,5,28,loninv
sm,HC_HP_LF,10,28,loninv
sm,HC_HP_LF,,28,rubpar
sm,HC_HP_LF,2,29,popre
sm,HC_HP_LF,,29,spipyr
sm,HC_HP_LF,10,29,shecan
sm,HC_HP_LF,3,29,vibedu
sm,HC_HP_LF,6,3,bepap
sm,HC_HP_LF, xx,3,sorsco
sm,HC_HP_LF, xx,3,sorsco
sm,HC_HP_LF,12,3,shecan
sm,HC_HP_LF, oc25,3,vacmem
sm,HC_HP_LF,13,30,corso
sm,HC_HP_LF, B,30,popre
sm,HC_HP_LF,,30,rubpar
sm,HC_HP_LF, b38,30,spipyr
sm,HC_HP_LF,5,31,alninc
sm,HC_HP_LF, A,31,loninv
sm,HC_HP_LF,9,31,menfer
sm,HC_HP_LF, w/ 10,31,rubpar
sm,HC_HP_LF,10,32,alnvir
sm,HC_HP_LF, A,32,riblac
sm,HC_HP_LF,12,32,sorsco
sm,HC_HP_LF, oc21,32,vacmem
sm,HC_HP_LF, onion E,33,popbal
sm,HC_HP_LF,,33,symalb
sm,HC_HP_LF,,33,spipyr
sm,HC_HP_LF,,33,symalb
sm,HC_HP_LF, D,34,riblac
sm,HC_HP_LF,,34,symalb
sm,HC_HP_LF, xx,34,sorsco
sm,HC_HP_LF,,34,spipyr
sm,HC_HP_LF,10,35,alnvir
sm,HC_HP_LF,6,35,riblac
sm,HC_HP_LF, A25,35,spibe
sm,HC_HP_LF,5,36,amealn
sm,HC_HP_LF, b28,36,spipyr
sm,HC_HP_LF, b30,36,spipyr
sm,HC_HP_LF,12,36,sorsco
sm,HC_HP_LF,7,37,amealn
sm,HC_HP_LF,8,37,popre
sm,HC_HP_LF, A,37,vibedu
sm,HC_HP_LF,10,37,shecan
sm,HC_HP_LF,5,38,alninc
sm,HC_HP_LF,19,38,alnvir
sm,HC_HP_LF,11,38,riblac
sm,HC_HP_LF,12,38,riblac
sm,HC_HP_LF,10,39,loninv
sm,HC_HP_LF,,39,rubpar
sm,HC_HP_LF,,39,symalb
sm,HC_HP_LF,,39,sorsco
sm,HC_HP_LF,5,4,alninc
sm,HC_HP_LF,7,4,popre
sm,HC_HP_LF, w/10,4,rubpar
sm,HC_HP_LF,5,4,sorsco
sm,HC_HP_LF,1,40,alninc
sm,HC_HP_LF,1,40,alnvir
sm,HC_HP_LF, A14,40,spibe
sm,HC_HP_LF, oc21,40,vacmem
sm,HC_HP_LF,10,5,loninv
sm,HC_HP_LF,8,5,popbal
sm,HC_HP_LF,,5,rubpar
sm,HC_HP_LF,,5,spibe
sm,HC_HP_LF, B,6,bepap
sm,HC_HP_LF,13,6,corso
sm,HC_HP_LF,3,6,vibedu
sm,HC_HP_LF,13,7,menfer
sm,HC_HP_LF,,7,spibe
sm,HC_HP_LF,,7,spipyr
sm,HC_HP_LF, oc21,7,vacmem
sm,HC_HP_LF,6,8,bepap
sm,HC_HP_LF,9,8,riblac
sm,HC_HP_LF, ,8,spibe
sm,HC_HP_LF,,8,sorsco
sm,HC_HP_LF, #3,9,menfer
sm,HC_HP_LF,8,9,popre
sm,HC_HP_LF,,9,spibe
sm,HC_HP_LF,8,9,shecan
sm,HC_LP_HF,3,1,menfer
sm,HC_LP_HF,,1,spipyr
sm,HC_LP_HF,3,1,vibedu
sm,HC_LP_HF,11,1,shecan
sm,HC_LP_HF,13,10,menfer
sm,HC_LP_HF,,10,spibe
sm,HC_LP_HF, xx,10,sorsco
sm,HC_LP_HF, oc21,10,vacmem
sm,HC_LP_HF,6,11,alnvir
sm,HC_LP_HF,8,11,corso
sm,HC_LP_HF,2,11,riblac
sm,HC_LP_HF,11,11,vibedu
sm,HC_LP_HF,6,12,amealn
sm,HC_LP_HF,12,12,shecan
sm,HC_LP_HF,10,12,corso
sm,HC_LP_HF,9,12,loninv
sm,HC_LP_HF, cl,12,symalb
sm,HC_LP_HF,1,13,alninc
sm,HC_LP_HF,9,13,corso
sm,HC_LP_HF,4,13,popbal
sm,HC_LP_HF,6,14,alnvir
sm,HC_LP_HF, w/10,14,rubpar
sm,HC_LP_HF,12,14,sorsco
sm,HC_LP_HF,9,14,vibedu
sm,HC_LP_HF,6,15,bepap
sm,HC_LP_HF,8,15,popre
sm,HC_LP_HF, cl,15,symalb
sm,HC_LP_HF, clw,15,symalb
sm,HC_LP_HF, b,16,corso
sm,HC_LP_HF, b41,16,spipyr
sm,HC_LP_HF,,16,sorsco
sm,HC_LP_HF,6,16,shecan
sm,HC_LP_HF,2,17,alnvir
sm,HC_LP_HF, C,17,popre
sm,HC_LP_HF,2,17,riblac
sm,HC_LP_HF, A22,17,spibe
sm,HC_LP_HF,6,18,bepap
sm,HC_LP_HF, A,18,popbal
sm,HC_LP_HF,8,18,popre
sm,HC_LP_HF, w/10,18,rubpar
sm,HC_LP_HF,4,19,alninc
sm,HC_LP_HF,11,19,loninv
sm,HC_LP_HF,3,19,symalb
sm,HC_LP_HF, A19,19,spibe
sm,HC_LP_HF,13,2,menfer
sm,HC_LP_HF,9,2,symalb
sm,HC_LP_HF,,2,sorsco
sm,HC_LP_HF,,2,spipyr
sm,HC_LP_HF,14,20,acegla
sm,HC_LP_HF,5,20,loninv
sm,HC_LP_HF,2,20,popre
sm,HC_LP_HF,4,21,alninc
sm,HC_LP_HF,4,21,popbal
sm,HC_LP_HF,11,21,riblac
sm,HC_LP_HF,2,21,riblac
sm,HC_LP_HF,13,22,acegla
sm,HC_LP_HF,1,22,menfer
sm,HC_LP_HF, #2,22,popre
sm,HC_LP_HF, B4,22,spipyr
sm,HC_LP_HF,5,23,alninc
sm,HC_LP_HF, B,23,bepap
sm,HC_LP_HF, D,23,popre
sm,HC_LP_HF,7,23,sorsco
sm,HC_LP_HF,6,24,bepap
sm,HC_LP_HF,9,24,riblac
sm,HC_LP_HF,,24,sorsco
sm,HC_LP_HF,3,24,vibedu
sm,HC_LP_HF,12,24,shecan
sm,HC_LP_HF, c,25,corso
sm,HC_LP_HF,8,25,popbal
sm,HC_LP_HF,,25,rubpar
sm,HC_LP_HF,,25,sorsco
sm,HC_LP_HF,15,26,acegla
sm,HC_LP_HF,9,26,bepap
sm,HC_LP_HF,6,26,sorsco
sm,HC_LP_HF,9,26,spipyr
sm,HC_LP_HF,5,27,alninc
sm,HC_LP_HF,19,27,alnvir
sm,HC_LP_HF,10,27,riblac
sm,HC_LP_HF,7,27,sorsco
sm,HC_LP_HF,11,28,acegla
sm,HC_LP_HF,11,28,loninv
sm,HC_LP_HF,1,28,menfer
sm,HC_LP_HF, cl,28,symalb
sm,HC_LP_HF,2,29,alnvir
sm,HC_LP_HF, onionB,29,popbal
sm,HC_LP_HF,2,29,riblac
sm,HC_LP_HF,6,29,vibedu
sm,HC_LP_HF,9,3,loninv
sm,HC_LP_HF,10,3,popre
sm,HC_LP_HF,,3,sorsco
sm,HC_LP_HF,,3,sorsco
sm,HC_LP_HF,3,30,alninc
sm,HC_LP_HF,4,30,alninc
sm,HC_LP_HF,5,30,corso
sm,HC_LP_HF, wih 10,30,rubpar
sm,HC_LP_HF,6,31,alnvir
sm,HC_LP_HF,9,31,menfer
sm,HC_LP_HF,12,31,sorsco
sm,HC_LP_HF,5,32,amealn
sm,HC_LP_HF,12,32,menfer
sm,HC_LP_HF,,32,symalb
sm,HC_LP_HF,1,32,sorsco
sm,HC_LP_HF, C,33,corso
sm,HC_LP_HF,10,33,popre
sm,HC_LP_HF, BB1,33,spibe
sm,HC_LP_HF,10,33,shecan
sm,HC_LP_HF,3,34,amealn
sm,HC_LP_HF, cl,34,rubpar
sm,HC_LP_HF, cl,34,rubpar
sm,HC_LP_HF, B32,34,spipyr
sm,HC_LP_HF, A,35,amealn
sm,HC_LP_HF, cl,35,rubpar
sm,HC_LP_HF, A33,35,spibe
sm,HC_LP_HF,1,35,sorsco
sm,HC_LP_HF,11,36,acegla
sm,HC_LP_HF, B,36,bepap
sm,HC_LP_HF,3,36,popbal
sm,HC_LP_HF, area w/9,36,spipyr
sm,HC_LP_HF,2,37,bepap
sm,HC_LP_HF, oc25,37,vacmem
sm,HC_LP_HF, oc25,37,vacmem
sm,HC_LP_HF, oc25,37,vacmem
sm,HC_LP_HF,1,38,alninc
sm,HC_LP_HF,8,38,popbal
sm,HC_LP_HF, A20,38,spibe
sm,HC_LP_HF, B20,38,spipyr
sm,HC_LP_HF, A,39,amealn
sm,HC_LP_HF,2,39,menfer
sm,HC_LP_HF, cl,39,symalb
sm,HC_LP_HF, oc25,39,vacmem
sm,HC_LP_HF,7,4,amealn
sm,HC_LP_HF,10,4,alnvir
sm,HC_LP_HF, cl,4,rubpar
sm,HC_LP_HF, Oc21,4,vacmem
sm,HC_LP_HF,14,40,acegla
sm,HC_LP_HF,11,40,riblac
sm,HC_LP_HF,11,40,sorsco
sm,HC_LP_HF,14,5,acegla
sm,HC_LP_HF,5,5,loninv
sm,HC_LP_HF, A8,5,spibe
sm,HC_LP_HF,10,5,vacmem
sm,HC_LP_HF,6,6,alnvir
sm,HC_LP_HF,11,6,bepap
sm,HC_LP_HF,5,6,vibedu
sm,HC_LP_HF,6,6,vibedu
sm,HC_LP_HF,6,7,amealn
sm,HC_LP_HF,10,7,corso
sm,HC_LP_HF,5,7,popbal
sm,HC_LP_HF,12,7,sorsco
sm,HC_LP_HF,5,8,loninv
sm,HC_LP_HF,,8,vibedu
sm,HC_LP_HF, oc25,8,vacmem
sm,HC_LP_HF,7,8,shecan
sm,HC_LP_HF,7,9,amealn
sm,HC_LP_HF,10,9,acegla
sm,HC_LP_HF,11,9,loninv
sm,HC_LP_HF, A3,9,spibe
sm,HC_LP_LF,4,1,alninc
sm,HC_LP_LF,11,1,loninv
sm,HC_LP_LF,5,1,sorsco
sm,HC_LP_LF,6,10,bepap
sm,HC_LP_LF,8,10,menfer
sm,HC_LP_LF, A36,10,spibe
sm,HC_LP_LF, b35,10,spipyr
sm,HC_LP_LF,12,11,menfer
sm,HC_LP_LF,,11,rubpar
sm,HC_LP_LF,,11,spibe
sm,HC_LP_LF,6,11,shecan
sm,HC_LP_LF,11,12,acegla
sm,HC_LP_LF, B,12,bepap
sm,HC_LP_LF,11,12,popre
sm,HC_LP_LF,10,13,loninv
sm,HC_LP_LF, xx,13,sorsco
sm,HC_LP_LF,3,13,vibedu
sm,HC_LP_LF,11,13,shecan
sm,HC_LP_LF,6,14,amealn
sm,HC_LP_LF,6,14,alnvir
sm,HC_LP_LF, oc21,14,vacmem
sm,HC_LP_LF,10,15,loninv
sm,HC_LP_LF,,15,symalb
sm,HC_LP_LF,,15,spibe
sm,HC_LP_LF,,15,spipyr
sm,HC_LP_LF,13,16,menfer
sm,HC_LP_LF,,16,spipyr
sm,HC_LP_LF,3,16,vibedu
sm,HC_LP_LF,8,16,shecan
sm,HC_LP_LF,6,17,alnvir
sm,HC_LP_LF,5,17,bepap
sm,HC_LP_LF,12,17,sorsco
sm,HC_LP_LF,11,17,sorsco
sm,HC_LP_LF,13,18,menfer
sm,HC_LP_LF, 3b,18,riblac
sm,HC_LP_LF,,18,spibe
sm,HC_LP_LF,,18,spibe
sm,HC_LP_LF, A,19,bepap
sm,HC_LP_LF,,19,sorsco
sm,HC_LP_LF,3,19,vibedu
sm,HC_LP_LF,12,19,shecan
sm,HC_LP_LF,7,2,amealn
sm,HC_LP_LF,10,,corso
sm,HC_LP_LF,3,2,riblac
sm,HC_LP_LF, B28,2,spipyr
sm,HC_LP_LF, C,20,corso
sm,HC_LP_LF,10,20,loninv
sm,HC_LP_LF,8,20,popbal
sm,HC_LP_LF, xx,20,sorsco
sm,HC_LP_LF, D,21,riblac
sm,HC_LP_LF,,21,rubpar
sm,HC_LP_LF, E,21,vibedu
sm,HC_LP_LF, oc21,21,vacmem
sm,HC_LP_LF, D,22,riblac
sm,HC_LP_LF,,22,shecan8
sm,HC_LP_LF, oc21,22,vacmem
sm,HC_LP_LF,3,23,amealn
sm,HC_LP_LF,1,23,alninc
sm,HC_LP_LF,8,23,popbal
sm,HC_LP_LF, cl,23,rubpar
sm,HC_LP_LF,,24,popbal
sm,HC_LP_LF,,24,popre
sm,HC_LP_LF,,24,symalb
sm,HC_LP_LF,,24,sorsco
sm,HC_LP_LF,13,25,acegla
sm,HC_LP_LF,11,25,riblac
sm,HC_LP_LF, b8,25,spipyr
sm,HC_LP_LF,2,25,vibedu
sm,HC_LP_LF,6,26,bepap
sm,HC_LP_LF,8,26,popre
sm,HC_LP_LF,,26,symalb
sm,HC_LP_LF, XX,26,sorsco
sm,HC_LP_LF, D,27,riblac
sm,HC_LP_LF,,27,symalb
sm,HC_LP_LF,,27,spibe
sm,HC_LP_LF, oc21,27,vacmem
sm,HC_LP_LF,6,28,amealn
sm,HC_LP_LF, A,28,amealn
sm,HC_LP_LF,10,28,shecan
sm,HC_LP_LF,5,28,loninv
sm,HC_LP_LF, B26,28,spipyr
sm,HC_LP_LF,3,29,alninc
sm,HC_LP_LF,4,29,alninc
sm,HC_LP_LF, a,29,bepap
sm,HC_LP_LF, b,29,bepap
sm,HC_LP_LF,7,3,loninv
sm,HC_LP_LF, A,3,popbal
sm,HC_LP_LF,3,3,riblac
sm,HC_LP_LF, xx,3,sorsco
sm,HC_LP_LF,3,30,amealn
sm,HC_LP_LF,2,30,alninc
sm,HC_LP_LF,2,30,alnvir
sm,HC_LP_LF, b12,30,spipyr
sm,HC_LP_LF,7,31,amealn
sm,HC_LP_LF,1,31,alninc
sm,HC_LP_LF,1,31,menfer
sm,HC_LP_LF,2,31,symalb
sm,HC_LP_LF,15,32,acegla
sm,HC_LP_LF, A,32,bepap
sm,HC_LP_LF,3,32,popbal
sm,HC_LP_LF, A6,32,spibe
sm,HC_LP_LF,8,33,corso
sm,HC_LP_LF,8,33,popbal
sm,HC_LP_LF,,33,rubpar
sm,HC_LP_LF,,33,sorsco
sm,HC_LP_LF,6,33,shecan 
sm,HC_LP_LF,2,34,alnvir
sm,HC_LP_LF,6,34,alnvir
sm,HC_LP_LF,9,34,corso
sm,HC_LP_LF,9,34,vibedu
sm,HC_LP_LF,1,35,amealn
sm,HC_LP_LF,1,35,alninc
sm,HC_LP_LF,7,35,popre
sm,HC_LP_LF, oc 21,35,vacmem
sm,HC_LP_LF,4,36,alninc
sm,HC_LP_LF,9,36,corso
sm,HC_LP_LF,5,36,corso
sm,HC_LP_LF,6,36,vibedu
sm,HC_LP_LF,11,37,loninv
sm,HC_LP_LF, w/10,37,rubpar
sm,HC_LP_LF, xx,37,sorsco
sm,HC_LP_LF,,37,spipyr
sm,HC_LP_LF,3,38,menfer
sm,HC_LP_LF,7,38,popre
sm,HC_LP_LF, xx,38,sorsco
sm,HC_LP_LF, oc21,38,vacmem
sm,HC_LP_LF,13,39,acegla
sm,HC_LP_LF, cl,39,symalb
sm,HC_LP_LF, a11,39,spibe
sm,HC_LP_LF, oc21,39,vacmem
sm,HC_LP_LF,9,4,acegla
sm,HC_LP_LF,10,4,alnvir
sm,HC_LP_LF,9,4,corso
sm,HC_LP_LF,3,4,menfer
sm,HC_LP_LF,7,40,acegla
sm,HC_LP_LF,19,40,alnvir
sm,HC_LP_LF, #1,40,popre
sm,HC_LP_LF, cl,40,rubpar
sm,HC_LP_LF, b,5,popre
sm,HC_LP_LF,,5,rubpar
sm,HC_LP_LF,10,5,shecan
sm,HC_LP_LF,3,5,vibedu
sm,HC_LP_LF,2,6,alnvir
sm,HC_LP_LF,2,6,symalb
sm,HC_LP_LF,,6,sorsco
sm,HC_LP_LF,,6,sorsco
sm,HC_LP_LF,10,7,acegla
sm,HC_LP_LF, D,7,popre
sm,HC_LP_LF,11,7,riblac
sm,HC_LP_LF,2,7,symalb
sm,HC_LP_LF,8,8,corso
sm,HC_LP_LF,8,8,popbal
sm,HC_LP_LF,,8,rubpar
sm,HC_LP_LF, oc25,8,vacmem
sm,HC_LP_LF,14,9,acegla
sm,HC_LP_LF,10,9,loninv
sm,HC_LP_LF,12,9,menfer
sm,HC_LP_LF,12,9,popbal
sm,LC_HP_HF, A,1,amealn
sm,LC_HP_HF,5,1,loninv
sm,LC_HP_HF, C,1,popbal
sm,LC_HP_HF,7,1,shecan
sm,LC_HP_HF, D,10,riblac
sm,LC_HP_HF,,10,rubpar
sm,LC_HP_HF,,10,symalb
sm,LC_HP_HF,,10,symalb
sm,LC_HP_HF,,11,rubpar
sm,LC_HP_HF,,11,spipyr
sm,LC_HP_HF, oc21,11,vacmem
sm,LC_HP_HF, A,12,corso
sm,LC_HP_HF,7,12,loninv
sm,LC_HP_HF,8,12,popre
sm,LC_HP_HF,,12,symalb
sm,LC_HP_HF,10,13,alnvir
sm,LC_HP_HF,8,13,corso
sm,LC_HP_HF,,13cl,rubpar
sm,LC_HP_HF,11,13,sorsco
sm,LC_HP_HF,10,14,acegla
sm,LC_HP_HF,4,14,alninc
sm,LC_HP_HF,3,14,popbal
sm,LC_HP_HF,3,15,menfer
sm,LC_HP_HF,,15,rubpar
sm,LC_HP_HF,,15,spipyr
sm,LC_HP_HF,11,15,shecan
sm,LC_HP_HF,2,16,alninc
sm,LC_HP_HF,10,16,alnvir
sm,LC_HP_HF,11,16,corso
sm,LC_HP_HF, oc21,16,vacmem
sm,LC_HP_HF,8,17,popbal
sm,LC_HP_HF,,17,spibe
sm,LC_HP_HF,,17,symalb
sm,LC_HP_HF,3,17,vibedu
sm,LC_HP_HF, A,18,amealn
sm,LC_HP_HF,5,18,loninv
sm,LC_HP_HF, cl,18,symalb
sm,LC_HP_HF, A,18,sorsco
sm,LC_HP_HF,13,19,acegla
sm,LC_HP_HF, D,19,popre
sm,LC_HP_HF,8,19,riblac
sm,LC_HP_HF, A9,19,spibe
sm,LC_HP_HF,7,2,loninv
sm,LC_HP_HF, A,2,popbal
sm,LC_HP_HF, 3B,2,riblac
sm,LC_HP_HF,13,2,shecan
sm,LC_HP_HF,6,20,alnvir
sm,LC_HP_HF,10,20,bepap
sm,LC_HP_HF, cl,20,rubpar
sm,LC_HP_HF,11,20,sorsco
sm,LC_HP_HF,7,21,amealn
sm,LC_HP_HF,3,21,amealn
sm,LC_HP_HF,5,21,alninc
sm,LC_HP_HF, #3,21,menfer
sm,LC_HP_HF, A,22,corso
sm,LC_HP_HF,3,22,riblac
sm,LC_HP_HF,,22,spibe
sm,LC_HP_HF,,22,spipyr
sm,LC_HP_HF,10,22,shecan
sm,LC_HP_HF,2,23,alnvir
sm,LC_HP_HF,10,23,bepap
sm,LC_HP_HF,8,23,menfer
sm,LC_HP_HF,10,24,acegla
sm,LC_HP_HF,19,24,alnvir
sm,LC_HP_HF,11,24,loninv
sm,LC_HP_HF,12,24,sorsco
sm,LC_HP_HF, C,25,popre
sm,LC_HP_HF,,25,symalb
sm,LC_HP_HF,,25,spipyr
sm,LC_HP_HF, A,25,shecan
sm,LC_HP_HF,2,26,acegla
sm,LC_HP_HF,9,26,acegla
sm,LC_HP_HF,11,26,loninv
sm,LC_HP_HF, D,26,popre
sm,LC_HP_HF,1,27,alninc
sm,LC_HP_HF, C,27,popre
sm,LC_HP_HF,2,27,symalb
sm,LC_HP_HF,9,28,acegla
sm,LC_HP_HF,2,28,alninc
sm,LC_HP_HF,19,28,alnvir
sm,LC_HP_HF, D,28,popre
sm,LC_HP_HF,7,29,shecan
sm,LC_HP_HF,,29,spipyr
sm,LC_HP_HF,,29,spipyr
sm,LC_HP_HF,11,29,shecan
sm,LC_HP_HF,6,3,amealn
sm,LC_HP_HF,10,3,corso
sm,LC_HP_HF,9,3,menfer
sm,LC_HP_HF, A27,3,spibe
sm,LC_HP_HF,12,3,shecan
sm,LC_HP_HF,8,30,popbal
sm,LC_HP_HF,,30,rubpar
sm,LC_HP_HF,,30,spipyr
sm,LC_HP_HF, oc21,30,vacmem
sm,LC_HP_HF,7,31,amealn
sm,LC_HP_HF,5,31,alninc
sm,LC_HP_HF, A,31,bepap
sm,LC_HP_HF, ?,31,loninv
sm,LC_HP_HF,6,32,alnvir
sm,LC_HP_HF,10,32,bepap
sm,LC_HP_HF, onionB,32,popbal
sm,LC_HP_HF, w/10,32,rubpar
sm,LC_HP_HF,13,33,acegla
sm,LC_HP_HF, b12,33,spipyr
sm,LC_HP_HF,4,33,vibedu
sm,LC_HP_HF,1,34,amealn
sm,LC_HP_HF,5,34,alninc
sm,LC_HP_HF,7,34,riblac
sm,LC_HP_HF,2,34,vibedu
sm,LC_HP_HF,6,35,bepap
sm,LC_HP_HF,2,35,menfer
sm,LC_HP_HF,11,35,menfer
sm,LC_HP_HF,,35,symalb
sm,LC_HP_HF,13,36,acegla
sm,LC_HP_HF,11,36,sorsco
sm,LC_HP_HF,11,36,vibedu
sm,LC_HP_HF,2,36,vibedu
sm,LC_HP_HF, b,37,popre
sm,LC_HP_HF,,37,symalb
sm,LC_HP_HF,3,37,vibedu
sm,LC_HP_HF,,38,symalb
sm,LC_HP_HF,,38,symalb
sm,LC_HP_HF,,38,spibe
sm,LC_HP_HF, oc21,38,vacmem
sm,LC_HP_HF,6,39,bepap
sm,LC_HP_HF, #3,39,menfer
sm,LC_HP_HF,11,39,sorsco
sm,LC_HP_HF, oc25,39,vacmem
sm,LC_HP_HF,1,4,menfer
sm,LC_HP_HF,8,4,popbal
sm,LC_HP_HF,,4,spibe
sm,LC_HP_HF,,4,spibe
sm,LC_HP_HF,5,40,amealn
sm,LC_HP_HF,1,40,alninc
sm,LC_HP_HF, cl,40,symalb
sm,LC_HP_HF,4,40,vibedu
sm,LC_HP_HF,6,5,bepap
sm,LC_HP_HF,5,5,loninv
sm,LC_HP_HF, A36,5,spibe
sm,LC_HP_HF,2,5,vibedu
sm,LC_HP_HF,2,6,alnvir
sm,LC_HP_HF, cl,6,symalb
sm,LC_HP_HF,11,6,sorsco
sm,LC_HP_HF,8,6,vacmem
sm,LC_HP_HF,8,7,corso
sm,LC_HP_HF, A,7,corso
sm,LC_HP_HF,8,7,popbal
sm,LC_HP_HF,3,7,riblac
sm,LC_HP_HF,6,8,bepap
sm,LC_HP_HF,10,8,corso
sm,LC_HP_HF, 12(skinny,8,riblac
sm,LC_HP_HF,9,8,riblac
sm,LC_HP_HF,8,9,popre
sm,LC_HP_HF, w10,9,rubpar
sm,LC_HP_HF, oc21,9,vacmem
sm,LC_HP_HF, oc21,9,vacmem
sm,LC_HP_LF,11,1,acegla
sm,LC_HP_LF,11,1,corso
sm,LC_HP_LF, A7,1,spibe
sm,LC_HP_LF, 3b,10,riblac
sm,LC_HP_LF, 3b,10,riblac
sm,LC_HP_LF,8,10,shecan
sm,LC_HP_LF,7,11,amealn
sm,LC_HP_LF,9,11,acegla
sm,LC_HP_LF,4,11,alninc
sm,LC_HP_LF,3,11,symalb
sm,LC_HP_LF,1,12,amealn
sm,LC_HP_LF,1,12,alninc
sm,LC_HP_LF,7,12,sorsco
sm,LC_HP_LF,4,12,vibedu
sm,LC_HP_LF,10,13,bepap
sm,LC_HP_LF,2,13,menfer
sm,LC_HP_LF, cl,13,rubpar
sm,LC_HP_LF,1,13,sorsco
sm,LC_HP_LF,7,14,acegla
sm,LC_HP_LF,10,14,alnvir
sm,LC_HP_LF, cl,14,rubpar
sm,LC_HP_LF, cl,14,rubpar
sm,LC_HP_LF, A,15,corso
sm,LC_HP_LF, C,15,popre
sm,LC_HP_LF,,15,symalb
sm,LC_HP_LF,,15,symalb
sm,LC_HP_LF,2,16,alnvir
sm,LC_HP_LF,2,16,riblac
sm,LC_HP_LF,11,16,sorsco
sm,LC_HP_LF,9,16,vibedu
sm,LC_HP_LF,7,17,amealn
sm,LC_HP_LF,10,17,loninv
sm,LC_HP_LF,3,17,riblac
sm,LC_HP_LF,10,17,vibedu
sm,LC_HP_LF,10,17,shecan
sm,LC_HP_LF,2,18,acegla
sm,LC_HP_LF,9,18,acegla
sm,LC_HP_LF,2,18,alninc
sm,LC_HP_LF,12,18,sorsco
sm,LC_HP_LF,11,19,loninv
sm,LC_HP_LF,3,19,riblac
sm,LC_HP_LF,,19,spibe
sm,LC_HP_LF,,19,spipyr
sm,LC_HP_LF,3,2,amealn
sm,LC_HP_LF,10,2,popre
sm,LC_HP_LF, A29,2,spibe
sm,LC_HP_LF,7,2,shecan
sm,LC_HP_LF, D,20,popre
sm,LC_HP_LF,,20,rubpar
sm,LC_HP_LF,,20,spibe
sm,LC_HP_LF,,20,spipyr
sm,LC_HP_LF,3,21,amealn
sm,LC_HP_LF,2,21,alnvir
sm,LC_HP_LF,12,21,sorsco
sm,LC_HP_LF, A,22,corso
sm,LC_HP_LF,7,22,loninv
sm,LC_HP_LF,13,22,menfer
sm,LC_HP_LF,8,22,popbal
sm,LC_HP_LF, 3b,23,riblac
sm,LC_HP_LF,,23,spibe
sm,LC_HP_LF,,23,spipyr
sm,LC_HP_LF,3,23,vibedu
sm,LC_HP_LF,10,24,bepap
sm,LC_HP_LF,,24,sorsco
sm,LC_HP_LF,,24,sorsco
sm,LC_HP_LF,,24,vibedu
sm,LC_HP_LF,8,25,popbal
sm,LC_HP_LF, B,25,popre
sm,LC_HP_LF,,25,spibe
sm,LC_HP_LF,,25,Shecan
sm,LC_HP_LF,7,26,amealn
sm,LC_HP_LF,6,26,bepap
sm,LC_HP_LF, w10,26,rubpar
sm,LC_HP_LF,,26oc 21,vacmem
sm,LC_HP_LF,6,27,amealn
sm,LC_HP_LF,6,27,alnvir
sm,LC_HP_LF,12,27,sorsco
sm,LC_HP_LF, oc 21,27,vacmem
sm,LC_HP_LF,1,28,alninc
sm,LC_HP_LF,11,28,corso
sm,LC_HP_LF, A17,28,spibe
sm,LC_HP_LF,5,28,sorsco
sm,LC_HP_LF,5,29,alninc
sm,LC_HP_LF, cl,29,symalb
sm,LC_HP_LF, cl,29,vacmem
sm,LC_HP_LF, cl,29,vacmem
sm,LC_HP_LF,5,3,bepap
sm,LC_HP_LF,5,3,loninv
sm,LC_HP_LF,8,3,menfer
sm,LC_HP_LF, cl,3,symalb
sm,LC_HP_LF,3,30,amealn
sm,LC_HP_LF,1,30,alninc
sm,LC_HP_LF, C,30,popre
sm,LC_HP_LF, B15,30,spipyr
sm,LC_HP_LF,10,31,loninv
sm,LC_HP_LF,9,31,riblac
sm,LC_HP_LF, 3b,31,riblac
sm,LC_HP_LF, xx,31,sorsco
sm,LC_HP_LF,11,31,shecan
sm,LC_HP_LF,10,32,loninv
sm,LC_HP_LF, D,32,popre
sm,LC_HP_LF, cx,32,sorsco
sm,LC_HP_LF,3,32,vibedu
sm,LC_HP_LF,1,33,alninc
sm,LC_HP_LF,8,33,popbal
sm,LC_HP_LF,2,33,symalb
sm,LC_HP_LF, b21,33,spipyr
sm,LC_HP_LF,2,34,alnvir
sm,LC_HP_LF,8,34,menfer
sm,LC_HP_LF,8,34,popre
sm,LC_HP_LF,11,34,sorsco
sm,LC_HP_LF,11,35,acegla
sm,LC_HP_LF, #3,35,menfer
sm,LC_HP_LF, cl,35,rubpar
sm,LC_HP_LF, b5,35,spipyr
sm,LC_HP_LF, A,36,corso
sm,LC_HP_LF,13,36,menfer
sm,LC_HP_LF,,36,symalb
sm,LC_HP_LF,,36,spipyr
sm,LC_HP_LF,5,37,alninc
sm,LC_HP_LF,1,37,bepap
sm,LC_HP_LF, #3,37,menfer
sm,LC_HP_LF, oc21`,37,vacmem
sm,LC_HP_LF,6,38,alnvir
sm,LC_HP_LF,10,38,alnvir
sm,LC_HP_LF,12,38,corso
sm,LC_HP_LF,9,38,vibedu
sm,LC_HP_LF, A,39,corso
sm,LC_HP_LF,,39,symalb
sm,LC_HP_LF,,39,spipyr
sm,LC_HP_LF,3,39,vibedu
sm,LC_HP_LF,8,4,popbal
sm,LC_HP_LF, C,4,popre
sm,LC_HP_LF, oc21,4,vacmem
Sm,LC_HP_LF,7,4,shecan
sm,LC_HP_LF,5,40,bepap
sm,LC_HP_LF, b,40,corso
sm,LC_HP_LF, A,40,sorsco
sm,LC_HP_LF, oc 25,40,vacmem
sm,LC_HP_LF,5,5,bepap
sm,LC_HP_LF,5,5,loninv
sm,LC_HP_LF, A,5,popbal
sm,LC_HP_LF, A34,5,spibe
sm,LC_HP_LF,10,6,bepap
sm,LC_HP_LF,9,6,loninv
sm,LC_HP_LF, cl,6,rubpar
sm,LC_HP_LF, cl,6,rubpar
sm,LC_HP_LF,7,6,shecan
sm,LC_HP_LF,6,7,alnvir
sm,LC_HP_LF,12,7,sorsco
sm,LC_HP_LF, oc21,7,vacmem
sm,LC_HP_LF,13,8,acegla
sm,LC_HP_LF,9,8,menfer
sm,LC_HP_LF,12,8,popbal
sm,LC_HP_LF,3,8,popbal
sm,LC_HP_LF,13,9,acegla
sm,LC_HP_LF,12,9,popbal
sm,LC_HP_LF,7,9,sorsco
sm,LC_LP_HF,1,1,amealn
sm,LC_LP_HF,6,1,alnvir
sm,LC_LP_HF, A,1,bepap
sm,LC_LP_HF,11,1,sorsco
sm,LC_LP_HF,11,10,acegla
sm,LC_LP_HF, C,10,popre
sm,LC_LP_HF, cl,10,rubpar
sm,LC_LP_HF, oc21/8,10,vacmem
sm,LC_LP_HF,15,11,acegla
sm,LC_LP_HF, A,11,bepap
sm,LC_LP_HF, cl,11,symalb
sm,LC_LP_HF,2,12,alninc
sm,LC_LP_HF,3,12,alnvir
sm,LC_LP_HF,11,12,corso
sm,LC_LP_HF, b13,12,spipyr
sm,LC_LP_HF,6,13,alnvir
sm,LC_LP_HF,8,13,popre
sm,LC_LP_HF, A23,13,spibe
sm,LC_LP_HF, A24,13,spibe
sm,LC_LP_HF, B,14,popre
sm,LC_LP_HF,9,14,riblac
sm,LC_LP_HF,,14,symalb
sm,LC_LP_HF,,14,spibe
sm,LC_LP_HF, D,15,riblac
sm,LC_LP_HF,,15,rubpar
sm,LC_LP_HF,,15,symalb
sm,LC_LP_HF, A,15,shecan
sm,LC_LP_HF, A,16,corso
sm,LC_LP_HF,13,16,menfer
sm,LC_LP_HF,,16,symalb
sm,LC_LP_HF, oc21,16,vacmem
sm,LC_LP_HF,8,17,popbal
sm,LC_LP_HF,9,17,riblac
sm,LC_LP_HF,,1710,shecan
sm,LC_LP_HF,3,17,vibedu
sm,LC_LP_HF,10,18,loninv
sm,LC_LP_HF,8,18,popbal
sm,LC_LP_HF,11,18,shecan
sm,LC_LP_HF,3,18,vibedu
sm,LC_LP_HF,1,19,alninc
sm,LC_LP_HF,10,19,bepap
sm,LC_LP_HF,7,19,popre
sm,LC_LP_HF, B17,19,spipyr
sm,LC_LP_HF, D,2,riblac
sm,LC_LP_HF, A,2,shecan
sm,LC_LP_HF,,2,symalb
sm,LC_LP_HF, oc21,2,vacmem
sm,LC_LP_HF,5,20,amealn
sm,LC_LP_HF,6,20,alnvir
sm,LC_LP_HF,11,20,sorsco
sm,LC_LP_HF,2,21,alnvir
sm,LC_LP_HF, onion b,21,popbal
sm,LC_LP_HF,8,21,popbal
sm,LC_LP_HF, w/10,21,rubpar
sm,LC_LP_HF,4,22,alninc
sm,LC_LP_HF,2,22,riblac
sm,LC_LP_HF, A18,22,spibe
sm,LC_LP_HF,6,22,vibedu
sm,LC_LP_HF,3,23,amealn
sm,LC_LP_HF, cl,23,rubpar
sm,LC_LP_HF, cl,23,symalb
sm,LC_LP_HF, oc25,23,vacmem
sm,LC_LP_HF,10,24,bepap
sm,LC_LP_HF,9,24,loninv
sm,LC_LP_HF, cl,24,symalb
sm,LC_LP_HF, oc25,24,vacmem
sm,LC_LP_HF,11,25,bepap
sm,LC_LP_HF, C,25,corso
sm,LC_LP_HF,11,25,riblac
sm,LC_LP_HF, A,25,sorsco
sm,LC_LP_HF,11,26,acegla
sm,LC_LP_HF,9,26,corso
sm,LC_LP_HF,2,26,menfer
sm,LC_LP_HF,9,26,menfer
sm,LC_LP_HF,11,27,menfer
sm,LC_LP_HF, D,27,popre
sm,LC_LP_HF, xx,27,sorsco
sm,LC_LP_HF,3,27,vibedu
sm,LC_LP_HF,11,27,shecan
sm,LC_LP_HF,3,28,amealn
sm,LC_LP_HF,9,28,loninv
sm,LC_LP_HF, B31,28,spipyr
sm,LC_LP_HF,8,28,vibedu
sm,LC_LP_HF,10,29,acegla
sm,LC_LP_HF,4,29,alninc
sm,LC_LP_HF, Cl,29,rubpar
sm,LC_LP_HF, spibe7_01,29,spibe
sm,LC_LP_HF,10,3,alnvir
sm,LC_LP_HF,6,3,loninv
sm,LC_LP_HF, w/10,3,rubpar
sm,LC_LP_HF, oc 21,3,vacmem
sm,LC_LP_HF, 3b,30,riblac
sm,LC_LP_HF,,30,spibe
sm,LC_LP_HF,11,30,shecan
Sm,LC_LP_HF,,30,symalb
sm,LC_LP_HF,13,31,acegla
sm,LC_LP_HF, b11,31,spipyr
sm,LC_LP_HF,11,31,sorsco
sm,LC_LP_HF,5,32,alninc
sm,LC_LP_HF,10,32,bepap
sm,LC_LP_HF,4,32,menfer
sm,LC_LP_HF,2,33,alnvir
sm,LC_LP_HF, onion b,33,popbal
sm,LC_LP_HF,8,33,popre
sm,LC_LP_HF, b25,33,spipyr
sm,LC_LP_HF, A,34,corso
sm,LC_LP_HF,7,34,loninv
sm,LC_LP_HF, xx,34,sorsco
sm,LC_LP_HF, oc25,34,vacmem
sm,LC_LP_HF,11,34,shecan
sm,LC_LP_HF,8,35,popbal
sm,LC_LP_HF,,35,symalb
sm,LC_LP_HF,,35,spibe
sm,LC_LP_HF, oc21,35,vacmem
sm,LC_LP_HF,3,36,amealn
sm,LC_LP_HF,10,36,popre
sm,LC_LP_HF,10,36,popre
sm,LC_LP_HF,8,36,vibedu
sm,LC_LP_HF,10,37,loninv
sm,LC_LP_HF,13,37,menfer
sm,LC_LP_HF,6,37,shecan
sm,LC_LP_HF,3,37,vibedu
sm,LC_LP_HF, A,38,amealn
sm,LC_LP_HF, B,38,corso
sm,LC_LP_HF,8,38,vibedu
sm,LC_LP_HF,7,38,shecan
sm,LC_LP_HF,5,39,bepap
sm,LC_LP_HF,9,39,loninv
sm,LC_LP_HF,6,39,menfer
sm,LC_LP_HF,8,39,menfer
sm,LC_LP_HF,11,4,acegla
sm,LC_LP_HF,4,4,corso
sm,LC_LP_HF, b1,4,spipyr
sm,LC_LP_HF, b2,4,spipyr
sm,LC_LP_HF,3,40,alninc
sm,LC_LP_HF,4,40,alninc
sm,LC_LP_HF,12,40,popbal
sm,LC_LP_HF,,40wih 10,rubpar
sm,LC_LP_HF, A,5,amealn
sm,LC_LP_HF, B,5,corso
sm,LC_LP_HF, cl,5,symalb
sm,LC_LP_HF, B32,5,spipyr
sm,LC_LP_HF,7,5,shecan
sm,LC_LP_HF,,6,amealn
sm,LC_LP_HF,,6,alnvir
sm,LC_LP_HF,,6,sorsco
sm,LC_LP_HF,11,7,acegla
sm,LC_LP_HF,8,7,popbal
sm,LC_LP_HF, cl,7,rubpar
sm,LC_LP_HF,15,8,acegla
sm,LC_LP_HF,9,8,bepap
sm,LC_LP_HF,11,8,loninv
sm,LC_LP_HF,8,8,riblac
sm,LC_LP_HF,1,9,alninc
sm,LC_LP_HF, A16,9,spibe
sm,LC_LP_HF,,9,sorsco
sm,LC_LP_HF,,9,sorsco
sm,LC_LP_LF,4,1,alninc
sm,LC_LP_LF,7,1,popre
sm,LC_LP_LF,6,1,vibedu
sm,LC_LP_LF, oc21,1,vacmem
sm,LC_LP_LF,4,10,alninc
sm,LC_LP_LF,11,10,loninv
sm,LC_LP_LF,10,10,riblac
sm,LC_LP_LF,9,10,symalb
sm,LC_LP_LF, B,11,popre
sm,LC_LP_LF, D,11,popre
sm,LC_LP_LF,3,11,vibedu
sm,LC_LP_LF, oc21,11,vacmem
sm,LC_LP_LF, A,12,amealn
sm,LC_LP_LF, c,12,corso
sm,LC_LP_LF,,12,sorsco
sm,LC_LP_LF,,12,sorsco
sm,LC_LP_LF,8,13,popbal
sm,LC_LP_LF,8,13,popbal
sm,LC_LP_LF, oc21,13,vacmem
sm,LC_LP_LF, oc21,13,vacmem
sm,LC_LP_LF,3,14,riblac
sm,LC_LP_LF,3,14,riblac
sm,LC_LP_LF,,14,spipyr
sm,LC_LP_LF, A,14,shecan
sm,LC_LP_LF,1,15,alninc
sm,LC_LP_LF, w/10,15,rubpar
sm,LC_LP_LF, w/10,15,rubpar
sm,LC_LP_LF,3,15,symalb
sm,LC_LP_LF,7,16,amealn
sm,LC_LP_LF,10,16,acegla
sm,LC_LP_LF, A,16,bepap
sm,LC_LP_LF,11,16,vibedu
sm,LC_LP_LF,10,17,loninv
sm,LC_LP_LF,12,17,menfer
sm,LC_LP_LF,,17,rubpar
sm,LC_LP_LF,7,17,shecan
sm,LC_LP_LF,1,18,alninc
sm,LC_LP_LF,8,18,bepap
sm,LC_LP_LF,4,18,popbal
sm,LC_LP_LF, oc21,18,vacmem
sm,LC_LP_LF,11,19,bepap
sm,LC_LP_LF, C,19,corso
sm,LC_LP_LF, A34,19,spibe
sm,LC_LP_LF,,19,sorsco
sm,LC_LP_LF,11,2,acegla
sm,LC_LP_LF,12,2,popbal
sm,LC_LP_LF, cl,2,rubpar
sm,LC_LP_LF, b7,2,spipyr
sm,LC_LP_LF,,20,acegla
sm,LC_LP_LF,,20,spibe
sm,LC_LP_LF,,20,spipyr
sm,LC_LP_LF,13,21,acegla
sm,LC_LP_LF,3,21,popbal
sm,LC_LP_LF, cl,21,rubpar
sm,LC_LP_LF,7,21,sorsco
sm,LC_LP_LF,15,22,acegla
sm,LC_LP_LF,9,22,bepap
sm,LC_LP_LF, #3,22,menfer
sm,LC_LP_LF, CL,22,symalb
sm,LC_LP_LF,1,23,alnvir
sm,LC_LP_LF,10,23,alnvir
sm,LC_LP_LF,9,23,corso
sm,LC_LP_LF, ,23,riblac
sm,LC_LP_LF,5,24,alninc
sm,LC_LP_LF,2,24,alnvir
sm,LC_LP_LF,1,24,menfer
sm,LC_LP_LF,11,24,sorsco
sm,LC_LP_LF,4,25,alninc
sm,LC_LP_LF,7,25,popre
sm,LC_LP_LF, D,25,popre
sm,LC_LP_LF,11,25,sorsco
sm,LC_LP_LF,7,26,acegla
sm,LC_LP_LF,10,26,alnvir
sm,LC_LP_LF, A,26,bepap
sm,LC_LP_LF,9,26,corso
sm,LC_LP_LF, A,27,corso
sm,LC_LP_LF, xx,27,sorsco
sm,LC_LP_LF,,27,spipyr
sm,LC_LP_LF,3,27,vibedu
sm,LC_LP_LF,5,28,bepap
sm,LC_LP_LF,2,28,menfer
sm,LC_LP_LF, cl,28,rubpar
sm,LC_LP_LF,,10,shecan
sm,LC_LP_LF,6,29,amealn
sm,LC_LP_LF,1,29,alnvir
sm,LC_LP_LF,8,29,popbal
sm,LC_LP_LF, D,29,popre
sm,LC_LP_LF,4,3,alninc
sm,LC_LP_LF,9,3,menfer
sm,LC_LP_LF, w/10,3,rubpar
sm,LC_LP_LF,8,30,shecan
sm,LC_LP_LF,10,30,shecan
sm,LC_LP_LF,6,30,shecan
sm,LC_LP_LF, b,30,vibedu
sm,LC_LP_LF,3,31,amealn
sm,LC_LP_LF,5,31,acegla
sm,LC_LP_LF, A4,31,spibe
sm,LC_LP_LF, A5,31,spibe
sm,LC_LP_LF,10,32,alnvir
sm,LC_LP_LF,7,32,bepap
sm,LC_LP_LF,10,32,vacmem
sm,LC_LP_LF,5,33,amealn
sm,LC_LP_LF,11,33,riblac
sm,LC_LP_LF, A,33,sorsco
sm,LC_LP_LF,10,33,shecan
sm,LC_LP_LF,3,34,riblac
sm,LC_LP_LF,,34,rubpar
sm,LC_LP_LF,,34,spibe
sm,LC_LP_LF,,34,spibe
Sm,LC_LP_LF,10,34,shecan
sm,LC_LP_LF,7,35,popre
sm,LC_LP_LF, 3b,35,riblac
sm,LC_LP_LF, xx,35,sorsco
sm,LC_LP_LF,,35,spipyr
sm,LC_LP_LF,10,36,loninv
sm,LC_LP_LF,,36,spipyr
sm,LC_LP_LF,,36,spipyr
sm,LC_LP_LF, oc21,36,vacmem
sm,LC_LP_LF,2,37,alnvir
sm,LC_LP_LF,11,37,loninv
sm,LC_LP_LF,9,37,menfer
sm,LC_LP_LF,3,38,riblac
sm,LC_LP_LF,,38,spibe
sm,LC_LP_LF, B,38,vibedu
Sm,LC_LP_LF,7,38,shecan
sm,LC_LP_LF,10,39,loninv
sm,LC_LP_LF,10,39,loninv
sm,LC_LP_LF,12,39,menfer
sm,LC_LP_LF,,39,symalb
sm,LC_LP_LF,8,4,popbal
sm,LC_LP_LF, bC,4,popre
sm,LC_LP_LF, ,4,symalb
sm,LC_LP_LF,11,4,shecan
sm,LC_LP_LF, A,40,corso
sm,LC_LP_LF,,40,symalb
sm,LC_LP_LF,,40,spibe
sm,LC_LP_LF,3,40,vibedu
sm,LC_LP_LF,1,5,alninc
sm,LC_LP_LF,10,5,bepap
sm,LC_LP_LF,20,5,popbal
sm,LC_LP_LF,8,5,sorsco
sm,LC_LP_LF,19,6,alnvir
sm,LC_LP_LF,8,6,corso
sm,LC_LP_LF,5,6,loninv
sm,LC_LP_LF,3,6,symalb
sm,LC_LP_LF,7,7,amealn
sm,LC_LP_LF,6,7,amealn
sm,LC_LP_LF,9,7,loninv
sm,LC_LP_LF,10,7,shecan
sm,LC_LP_LF, cl,7,symalb
sm,LC_LP_LF,11,8,acegla
sm,LC_LP_LF,4,8,corso
sm,LC_LP_LF, b3,8,spipyr
sm,LC_LP_LF, oc21,8,vacmem
sm,LC_LP_LF,3,9,amealn
sm,LC_LP_LF,2,9,menfer
sm,LC_LP_LF,1,9,sorsco
sm,LC_LP_LF,11,9,vibedu